Delta,Time,CPU_FREQUENCY_0,CPU_FREQUENCY_1,CPU_FREQUENCY_2,CPU_FREQUENCY_3,CPU_FREQUENCY_4,CPU_FREQUENCY_5,CPU_FREQUENCY_6,CPU_FREQUENCY_7,CPU_TEMP_0,CPU_TEMP_1,CPU_TEMP_2,CPU_TEMP_3,CPU_TEMP_4,CPU_TEMP_5,CPU_TEMP_6,CPU_TEMP_7,CPU_TEMP_8,CPU_TEMP_9,CPU_USAGE_0,CPU_USAGE_1,CPU_USAGE_2,CPU_USAGE_3,CPU_USAGE_4,CPU_USAGE_5,CPU_USAGE_6,CPU_USAGE_7,SYSTEM_POWER (Watts),TOTAL_MEMORY,TOTAL_SWAP,USED_MEMORY,USED_SWAP
0,1760654320580,3228,3228,3228,3228,3228,3228,3228,3228,54.866207122802734,54.26350784301758,53.09855651855469,55.303611755371094,53.602264404296875,53.48514938354492,54.48782730102539,51.873329162597656,53.12715530395508,52.85884094238281,100,100,0,100,0,0,0,0,5.745123386383057,17179869184,2147483648,7475806208,897122304
203,1760654320580,3228,3228,3228,3228,3228,3228,3228,3228,54.866207122802734,54.26350784301758,53.09855651855469,55.303611755371094,53.602264404296875,53.48514938354492,54.48782730102539,51.873329162597656,53.12715530395508,52.85884094238281,100,NaN,100,100,66.66667175292969,NaN,0,0,5.745123386383057,17179869184,2147483648,7464648704,897122304
11,1760654320783,3228,3228,3228,3228,3228,3228,3228,3228,54.866207122802734,54.26350784301758,53.09855651855469,55.303611755371094,53.602264404296875,53.48514938354492,54.48782730102539,51.873329162597656,53.12715530395508,52.85884094238281,100,100,40,10,5,15.000000953674316,0,14.285715103149414,5.745123386383057,17179869184,2147483648,7470841856,897122304
