Delta,Time,CPU_FREQUENCY_0,CPU_FREQUENCY_1,CPU_FREQUENCY_2,CPU_FREQUENCY_3,CPU_FREQUENCY_4,CPU_FREQUENCY_5,CPU_FREQUENCY_6,CPU_FREQUENCY_7,CPU_TEMP_0,CPU_TEMP_1,CPU_TEMP_2,CPU_TEMP_3,CPU_TEMP_4,CPU_TEMP_5,CPU_TEMP_6,CPU_TEMP_7,CPU_TEMP_8,CPU_TEMP_9,CPU_USAGE_0,CPU_USAGE_1,CPU_USAGE_2,CPU_USAGE_3,CPU_USAGE_4,CPU_USAGE_5,CPU_USAGE_6,CPU_USAGE_7,SYSTEM_POWER (Watts),TOTAL_MEMORY,TOTAL_SWAP,USED_MEMORY,USED_SWAP
0,1760639223526,3228,3228,3228,3228,3228,3228,3228,3228,56.628971099853516,55.899444580078125,55.03257751464844,56.7537841796875,56.23127746582031,55.179439544677734,57.54790496826172,54.190528869628906,54.731327056884766,54.906822204589844,100,100,0,0,0,0,0,0,4.974455833435059,17179869184,2147483648,6995329024,905510912
204,1760639223526,3228,3228,3228,3228,3228,3228,3228,3228,56.628971099853516,55.899444580078125,55.03257751464844,56.7537841796875,56.23127746582031,55.179439544677734,57.54790496826172,54.190528869628906,54.731327056884766,54.906822204589844,50,0,0,0,0,0,0,0,4.974455833435059,17179869184,2147483648,6995329024,905510912
204,1760639223731,3228,3228,3228,3228,3228,3228,3228,3228,56.628971099853516,55.899444580078125,55.03257751464844,56.7537841796875,56.23127746582031,55.179439544677734,57.54790496826172,54.190528869628906,54.731327056884766,54.906822204589844,50,42.85714340209961,60.000003814697266,42.85714340209961,63.15789031982422,10,0,0,5.263087749481201,17179869184,2147483648,6995329024,905510912
13,1760639223937,3228,3228,3228,3228,3228,3228,3228,3228,56.628971099853516,55.899444580078125,55.03257751464844,56.7537841796875,56.23127746582031,55.179439544677734,57.54790496826172,54.190528869628906,54.731327056884766,54.906822204589844,55,40,30.000001907348633,35,4.545454502105713,5,0,0,5.263087749481201,17179869184,2147483648,6995329024,905510912
