Delta,Time,CPU_FREQUENCY_0,CPU_FREQUENCY_1,CPU_FREQUENCY_2,CPU_FREQUENCY_3,CPU_FREQUENCY_4,CPU_FREQUENCY_5,CPU_FREQUENCY_6,CPU_FREQUENCY_7,CPU_TEMP_0,CPU_TEMP_1,CPU_TEMP_2,CPU_TEMP_3,CPU_TEMP_4,CPU_TEMP_5,CPU_TEMP_6,CPU_TEMP_7,CPU_TEMP_8,CPU_TEMP_9,CPU_USAGE_0,CPU_USAGE_1,CPU_USAGE_2,CPU_USAGE_3,CPU_USAGE_4,CPU_USAGE_5,CPU_USAGE_6,CPU_USAGE_7,SYSTEM_POWER (Watts),TOTAL_MEMORY,TOTAL_SWAP,USED_MEMORY,USED_SWAP
0,1760627164630,3228,3228,3228,3228,3228,3228,3228,3228,55.092037200927734,55.482383728027344,53.959014892578125,55.43087387084961,54.529876708984375,53.9078483581543,55.43132019042969,52.31587600708008,53.41474914550781,53.275299072265625,NaN,50,0,0,0,0,0,0,4.543848991394043,17179869184,2147483648,7171506176,939065344
204,1760627164630,3228,3228,3228,3228,3228,3228,3228,3228,55.092037200927734,55.482383728027344,53.959014892578125,55.43087387084961,54.529876708984375,53.9078483581543,55.43132019042969,52.31587600708008,53.41474914550781,53.275299072265625,0,0,50,100,100,0,0,0,4.543848991394043,17179869184,2147483648,7171080192,939065344
200,1760627164835,3228,3228,3228,3228,3228,3228,3228,3228,55.092037200927734,55.482383728027344,53.959014892578125,55.43087387084961,54.529876708984375,53.9078483581543,55.43132019042969,52.31587600708008,53.41474914550781,53.275299072265625,4.761904716491699,5,75,23.809524536132813,0,9.523809432983398,4.545454502105713,0,4.543848991394043,17179869184,2147483648,7241007104,939065344
204,1760627165036,3228,3228,3228,3228,3228,3228,3228,3228,55.092037200927734,55.482383728027344,53.959014892578125,55.43087387084961,54.529876708984375,53.9078483581543,55.43132019042969,52.31587600708008,53.41474914550781,53.275299072265625,5,5,100,0,4.761904716491699,0,0,0,4.543848991394043,17179869184,2147483648,7239073792,939065344
9,1760627165241,3228,3228,3228,3228,3228,3228,3228,3228,56.277015686035156,55.54899597167969,56.10765838623047,60.20594787597656,55.59912109375,55.07658004760742,56.492103576660156,53.57064437866211,53.486976623535156,53.766197204589844,0,0,40,14.285715103149414,0,5,0,0,4.543848991394043,17179869184,2147483648,7167950848,939065344
