Delta,Time,CPU_FREQUENCY_0,CPU_FREQUENCY_1,CPU_FREQUENCY_2,CPU_FREQUENCY_3,CPU_FREQUENCY_4,CPU_FREQUENCY_5,CPU_FREQUENCY_6,CPU_FREQUENCY_7,CPU_TEMP_0,CPU_TEMP_1,CPU_TEMP_2,CPU_TEMP_3,CPU_TEMP_4,CPU_TEMP_5,CPU_TEMP_6,CPU_TEMP_7,CPU_TEMP_8,CPU_TEMP_9,CPU_USAGE_0,CPU_USAGE_1,CPU_USAGE_2,CPU_USAGE_3,CPU_USAGE_4,CPU_USAGE_5,CPU_USAGE_6,CPU_USAGE_7,SYSTEM_POWER (Watts),TOTAL_MEMORY,TOTAL_SWAP,USED_MEMORY,USED_SWAP
0,1760648764440,3228,3228,3228,3228,3228,3228,3228,3228,53.56561279296875,52.329063415527344,51.71315002441406,53.37589645385742,51.900856018066406,51.77906036376953,53.4929084777832,50.86418533325195,51.160362243652344,50.84221649169922,0,0,100,NaN,100,0,0,0,4.005220413208008,17179869184,2147483648,8050229248,905510912
209,1760648764440,3228,3228,3228,3228,3228,3228,3228,3228,53.56561279296875,52.329063415527344,51.71315002441406,53.37589645385742,51.900856018066406,51.77906036376953,53.4929084777832,50.86418533325195,51.160362243652344,50.84221649169922,0,0,100,50,100,100,0,0,4.005220413208008,17179869184,2147483648,8050229248,905510912
209,1760648764650,3228,3228,3228,3228,3228,3228,3228,3228,53.56561279296875,52.329063415527344,51.71315002441406,53.37589645385742,51.900856018066406,51.77906036376953,53.4929084777832,50.86418533325195,51.160362243652344,50.84221649169922,30.000001907348633,33.333335876464844,66.66667175292969,85,10,13.636363983154297,4.545454502105713,0,3.9548282623291016,17179869184,2147483648,8050229248,905510912
208,1760648764860,3228,3228,3228,3228,3228,3228,3228,3228,53.56561279296875,52.329063415527344,51.71315002441406,53.37589645385742,51.900856018066406,51.77906036376953,53.4929084777832,50.86418533325195,51.160362243652344,50.84221649169922,42.85714340209961,40,65,81.81818389892578,36.3636360168457,23.809524536132813,4.761904716491699,9.523809432983398,3.9548282623291016,17179869184,2147483648,8050229248,905510912
4,1760648765068,3228,3228,3228,3228,3228,3228,3228,3228,57.21467208862305,53.158634185791016,54.17742919921875,57.81367111206055,58.60101318359375,56.401710510253906,55.007835388183594,52.882293701171875,52.557167053222656,52.447357177734375,33.333335876464844,23.809524536132813,72.7272720336914,60.000003814697266,10,5,0,0,3.9548282623291016,17179869184,2147483648,8052604928,905510912
