Delta,Time,CPU_FREQUENCY_0,CPU_FREQUENCY_1,CPU_FREQUENCY_2,CPU_FREQUENCY_3,CPU_FREQUENCY_4,CPU_FREQUENCY_5,CPU_FREQUENCY_6,CPU_FREQUENCY_7,CPU_TEMP_0,CPU_TEMP_1,CPU_TEMP_2,CPU_TEMP_3,CPU_TEMP_4,CPU_TEMP_5,CPU_TEMP_6,CPU_TEMP_7,CPU_TEMP_8,CPU_TEMP_9,CPU_USAGE_0,CPU_USAGE_1,CPU_USAGE_2,CPU_USAGE_3,CPU_USAGE_4,CPU_USAGE_5,CPU_USAGE_6,CPU_USAGE_7,SYSTEM_POWER (Watts),TOTAL_MEMORY,TOTAL_SWAP,USED_MEMORY,USED_SWAP
0,1760641956485,3228,3228,3228,3228,3228,3228,3228,3228,50.77028274536133,49.96747589111328,48.98834991455078,50.23363494873047,49.506317138671875,49.09918975830078,50.888946533203125,47.479393005371094,47.944435119628906,48.260292053222656,50,33.333335876464844,50,0,0,0,0,0,2.0623929500579834,17179869184,2147483648,7087800320,905510912
209,1760641956485,3228,3228,3228,3228,3228,3228,3228,3228,50.77028274536133,49.96747589111328,48.98834991455078,50.23363494873047,49.506317138671875,49.09918975830078,50.888946533203125,47.479393005371094,47.944435119628906,48.260292053222656,0,0,100,50,0,0,0,0,2.0623929500579834,17179869184,2147483648,7085178880,905510912
206,1760641956695,3228,3228,3228,3228,3228,3228,3228,3228,50.77028274536133,49.96747589111328,48.98834991455078,50.23363494873047,49.506317138671875,49.09918975830078,50.888946533203125,47.479393005371094,47.944435119628906,48.260292053222656,4.761904716491699,5,85,5,13.636363983154297,0,0,0,2.0270841121673584,17179869184,2147483648,7153139712,905510912
201,1760641956902,3228,3228,3228,3228,3228,3228,3228,3228,50.77028274536133,49.96747589111328,48.98834991455078,50.23363494873047,49.506317138671875,49.09918975830078,50.888946533203125,47.479393005371094,47.944435119628906,48.260292053222656,0,0,68.18181610107422,15.000000953674316,15.000000953674316,0,0,0,2.0270841121673584,17179869184,2147483648,7152893952,905510912
8,1760641957104,3228,3228,3228,3228,3228,3228,3228,3228,52.64204788208008,50.86008834838867,51.38336181640625,55.00571060180664,51.92546844482422,52.08659744262695,51.92372131347656,48.901668548583984,48.94735336303711,49.56060791015625,9.523809432983398,5,0,14.285715103149414,42.85714340209961,0,0,0,2.0270841121673584,17179869184,2147483648,7082459136,905510912
