Delta,Time,CPU_FREQUENCY_0,CPU_FREQUENCY_1,CPU_FREQUENCY_2,CPU_FREQUENCY_3,CPU_FREQUENCY_4,CPU_FREQUENCY_5,CPU_FREQUENCY_6,CPU_FREQUENCY_7,CPU_TEMP_0,CPU_TEMP_1,CPU_TEMP_2,CPU_TEMP_3,CPU_TEMP_4,CPU_TEMP_5,CPU_TEMP_6,CPU_TEMP_7,CPU_TEMP_8,CPU_TEMP_9,CPU_USAGE_0,CPU_USAGE_1,CPU_USAGE_2,CPU_USAGE_3,CPU_USAGE_4,CPU_USAGE_5,CPU_USAGE_6,CPU_USAGE_7,SYSTEM_POWER (Watts),TOTAL_MEMORY,TOTAL_SWAP,USED_MEMORY,USED_SWAP
0,1760641445547,3228,3228,3228,3228,3228,3228,3228,3228,57.738258361816406,57.18345260620117,56.17028045654297,57.98838424682617,57.420570373535156,55.9682731628418,58.08231735229492,54.848079681396484,55.53537368774414,56.13323974609375,50,0,NaN,0,0,0,0,0,4.086830139160156,17179869184,2147483648,6940508160,905510912
202,1760641445547,3228,3228,3228,3228,3228,3228,3228,3228,57.738258361816406,57.18345260620117,56.17028045654297,57.98838424682617,57.420570373535156,55.9682731628418,58.08231735229492,54.848079681396484,55.53537368774414,56.13323974609375,0,0,NaN,0,NaN,0,0,0,4.086830139160156,17179869184,2147483648,6941032448,905510912
209,1760641445750,3228,3228,3228,3228,3228,3228,3228,3228,57.738258361816406,57.18345260620117,56.17028045654297,57.98838424682617,57.420570373535156,55.9682731628418,58.08231735229492,54.848079681396484,55.53537368774414,56.13323974609375,52.6315803527832,45,76.19047546386719,80,25,19.047618865966797,5.263157844543457,0,4.086830139160156,17179869184,2147483648,7007731712,905510912
209,1760641445960,3228,3228,3228,3228,3228,3228,3228,3228,57.738258361816406,57.18345260620117,56.17028045654297,57.98838424682617,57.420570373535156,55.9682731628418,58.08231735229492,54.848079681396484,55.53537368774414,56.13323974609375,43.4782600402832,38.095237731933594,65,13.636363983154297,100,9.523809432983398,4.545454502105713,0,4.086830139160156,17179869184,2147483648,6995296256,905510912
9,1760641446170,3228,3228,3228,3228,3228,3228,3228,3228,60.72505187988281,58.53063201904297,58.756103515625,62.42572021484375,62.83953857421875,63.46870803833008,59.68546676635742,56.83774948120117,57.07619094848633,58.791908264160156,40,35,68.18181610107422,20,57.142860412597656,15.000000953674316,0,0,4.086830139160156,17179869184,2147483648,6951829504,905510912
