Delta,Time,CPU_FREQUENCY_0,CPU_FREQUENCY_1,CPU_FREQUENCY_2,CPU_FREQUENCY_3,CPU_FREQUENCY_4,CPU_FREQUENCY_5,CPU_FREQUENCY_6,CPU_FREQUENCY_7,CPU_TEMP_0,CPU_TEMP_1,CPU_TEMP_2,CPU_TEMP_3,CPU_TEMP_4,CPU_TEMP_5,CPU_TEMP_6,CPU_TEMP_7,CPU_TEMP_8,CPU_TEMP_9,CPU_USAGE_0,CPU_USAGE_1,CPU_USAGE_2,CPU_USAGE_3,CPU_USAGE_4,CPU_USAGE_5,CPU_USAGE_6,CPU_USAGE_7,SYSTEM_POWER (Watts),TOTAL_MEMORY,TOTAL_SWAP,USED_MEMORY,USED_SWAP
0,1760626020861,3228,3228,3228,3228,3228,3228,3228,3228,56.516517639160156,56.85068893432617,55.82005310058594,56.924591064453125,56.80247497558594,55.427589416503906,57.11777114868164,53.789119720458984,54.581417083740234,54.980743408203125,50,100,0,0,0,0,0,0,3.7106149196624756,17179869184,2147483648,7176273920,947453952
201,1760626020861,3228,3228,3228,3228,3228,3228,3228,3228,56.516517639160156,56.85068893432617,55.82005310058594,56.924591064453125,56.80247497558594,55.427589416503906,57.11777114868164,53.789119720458984,54.581417083740234,54.980743408203125,50,0,0,100,0,0,0,0,3.7106149196624756,17179869184,2147483648,7175716864,947453952
209,1760626021062,3228,3228,3228,3228,3228,3228,3228,3228,56.516517639160156,56.85068893432617,55.82005310058594,56.924591064453125,56.80247497558594,55.427589416503906,57.11777114868164,53.789119720458984,54.581417083740234,54.980743408203125,47.36842346191406,85.71428680419922,90,5.263157844543457,0,0,4.761904716491699,0,3.7106149196624756,17179869184,2147483648,7234256896,947453952
209,1760626021272,3228,3228,3228,3228,3228,3228,3228,3228,57.218807220458984,57.01616668701172,56.524513244628906,59.47671890258789,57.248138427734375,56.19419479370117,57.45498275756836,54.662384033203125,54.5760498046875,55.204994201660156,61.904762268066406,61.904762268066406,45,28.571430206298828,19.047618865966797,9.523809432983398,0,0,3.7106149196624756,17179869184,2147483648,7230996480,947453952
10,1760626021482,3228,3228,3228,3228,3228,3228,3228,3228,57.218807220458984,57.01616668701172,56.524513244628906,59.47671890258789,57.248138427734375,56.19419479370117,57.45498275756836,54.662384033203125,54.5760498046875,55.204994201660156,63.6363639831543,57.894737243652344,71.42857360839844,13.636363983154297,4.761904716491699,0,0,0,3.7106149196624756,17179869184,2147483648,7181418496,947453952
