Delta,Time,CPU_FREQUENCY_0,CPU_FREQUENCY_1,CPU_FREQUENCY_2,CPU_FREQUENCY_3,CPU_FREQUENCY_4,CPU_FREQUENCY_5,CPU_FREQUENCY_6,CPU_FREQUENCY_7,CPU_TEMP_0,CPU_TEMP_1,CPU_TEMP_2,CPU_TEMP_3,CPU_TEMP_4,CPU_TEMP_5,CPU_TEMP_6,CPU_TEMP_7,CPU_TEMP_8,CPU_TEMP_9,CPU_USAGE_0,CPU_USAGE_1,CPU_USAGE_2,CPU_USAGE_3,CPU_USAGE_4,CPU_USAGE_5,CPU_USAGE_6,CPU_USAGE_7,SYSTEM_POWER (Watts),TOTAL_MEMORY,TOTAL_SWAP,USED_MEMORY,USED_SWAP
0,1760637168768,3228,3228,3228,3228,3228,3228,3228,3228,58.32160949707031,56.807796478271484,56.079864501953125,58.14461898803711,57.86827850341797,56.3282585144043,58.07338333129883,55.04749298095703,55.77965545654297,55.926422119140625,100,NaN,0,0,0,0,0,0,9.040411949157715,17179869184,2147483648,9092726784,913899520
209,1760637168768,3228,3228,3228,3228,3228,3228,3228,3228,58.32160949707031,56.807796478271484,56.079864501953125,58.14461898803711,57.86827850341797,56.3282585144043,58.07338333129883,55.04749298095703,55.77965545654297,55.926422119140625,100,100,0,100,0,0,NaN,0,9.040411949157715,17179869184,2147483648,9092743168,913899520
209,1760637168978,3228,3228,3228,3228,3228,3228,3228,3228,58.32160949707031,56.807796478271484,56.079864501953125,58.14461898803711,57.86827850341797,56.3282585144043,58.07338333129883,55.04749298095703,55.77965545654297,55.926422119140625,100,100,61.904762268066406,71.42857360839844,35,23.809524536132813,36.3636360168457,14.285715103149414,9.040411949157715,17179869184,2147483648,9198600192,913899520
200,1760637169188,3228,3228,3228,3228,3228,3228,3228,3228,59.15157699584961,57.24665451049805,57.35663604736328,60.75873565673828,59.21729278564453,57.29231262207031,58.7646369934082,56.07939910888672,56.33557891845703,56.15625762939453,76.19047546386719,85.71428680419922,90.47618865966797,4.761904716491699,4.761904716491699,4.761904716491699,0,0,9.040411949157715,17179869184,2147483648,9198256128,913899520
8,1760637169388,3228,3228,3228,3228,3228,3228,3228,3228,59.15157699584961,57.24665451049805,57.35663604736328,60.75873565673828,59.21729278564453,57.29231262207031,58.7646369934082,56.07939910888672,56.33557891845703,56.15625762939453,84.21052551269531,80.95238494873047,23.809524536132813,25,10,5,0,0,9.040411949157715,17179869184,2147483648,9135341568,913899520
