Delta,Time,CPU_FREQUENCY_0,CPU_FREQUENCY_1,CPU_FREQUENCY_2,CPU_FREQUENCY_3,CPU_FREQUENCY_4,CPU_FREQUENCY_5,CPU_FREQUENCY_6,CPU_FREQUENCY_7,CPU_TEMP_0,CPU_TEMP_1,CPU_TEMP_2,CPU_TEMP_3,CPU_TEMP_4,CPU_TEMP_5,CPU_TEMP_6,CPU_TEMP_7,CPU_TEMP_8,CPU_TEMP_9,CPU_USAGE_0,CPU_USAGE_1,CPU_USAGE_2,CPU_USAGE_3,CPU_USAGE_4,CPU_USAGE_5,CPU_USAGE_6,CPU_USAGE_7,SYSTEM_POWER (Watts),TOTAL_MEMORY,TOTAL_SWAP,USED_MEMORY,USED_SWAP
0,1760634708510,3228,3228,3228,3228,3228,3228,3228,3228,55.08544921875,54.114322662353516,52.98236083984375,54.45238494873047,54.194854736328125,53.08969497680664,54.54008483886719,51.74531936645508,52.57384490966797,53.07105255126953,0,66.66667175292969,0,0,0,0,0,0,3.148247003555298,17179869184,2147483648,8892383232,922288128
203,1760634708511,3228,3228,3228,3228,3228,3228,3228,3228,55.08544921875,54.114322662353516,52.98236083984375,54.45238494873047,54.194854736328125,53.08969497680664,54.54008483886719,51.74531936645508,52.57384490966797,53.07105255126953,100,NaN,NaN,100,0,0,0,0,3.148247003555298,17179869184,2147483648,8892465152,922288128
209,1760634708714,3228,3228,3228,3228,3228,3228,3228,3228,55.08544921875,54.114322662353516,52.98236083984375,54.45238494873047,54.194854736328125,53.08969497680664,54.54008483886719,51.74531936645508,52.57384490966797,53.07105255126953,65,70,10,85.71428680419922,0,5,0,0,3.472597122192383,17179869184,2147483648,8967421952,922288128
209,1760634708924,3228,3228,3228,3228,3228,3228,3228,3228,55.08544921875,54.114322662353516,52.98236083984375,54.45238494873047,54.194854736328125,53.08969497680664,54.54008483886719,51.74531936645508,52.57384490966797,53.07105255126953,42.85714340209961,61.904762268066406,50,45,9.523809432983398,0,0,0,3.472597122192383,17179869184,2147483648,8967421952,922288128
5,1760634709134,3228,3228,3228,3228,3228,3228,3228,3228,57.91931915283203,54.95064926147461,54.946861267089844,57.677574157714844,59.54679870605469,56.999305725097656,55.44573974609375,53.03570556640625,53.54615020751953,54.437400817871094,60.000003814697266,52.38095474243164,5,0,33.333335876464844,0,0,0,3.472597122192383,17179869184,2147483648,8899035136,922288128
