Delta,Time,CPU_FREQUENCY_0,CPU_FREQUENCY_1,CPU_FREQUENCY_2,CPU_FREQUENCY_3,CPU_FREQUENCY_4,CPU_FREQUENCY_5,CPU_FREQUENCY_6,CPU_FREQUENCY_7,CPU_TEMP_0,CPU_TEMP_1,CPU_TEMP_2,CPU_TEMP_3,CPU_TEMP_4,CPU_TEMP_5,CPU_TEMP_6,CPU_TEMP_7,CPU_TEMP_8,CPU_TEMP_9,CPU_USAGE_0,CPU_USAGE_1,CPU_USAGE_2,CPU_USAGE_3,CPU_USAGE_4,CPU_USAGE_5,CPU_USAGE_6,CPU_USAGE_7,SYSTEM_POWER (Watts),TOTAL_MEMORY,TOTAL_SWAP,USED_MEMORY,USED_SWAP
0,1760620599788,3228,3228,3228,3228,3228,3228,3228,3228,56.24966812133789,55.41391372680664,53.84991455078125,56.34754180908203,55.46516418457031,54.07466506958008,55.71805191040039,52.847591400146484,53.41947555541992,53.80921936035156,50,0,100,50,NaN,0,0,0,4.038662433624268,17179869184,2147483648,7462617088,964231168
209,1760620599788,3228,3228,3228,3228,3228,3228,3228,3228,56.24966812133789,55.41391372680664,53.84991455078125,56.34754180908203,55.46516418457031,54.07466506958008,55.71805191040039,52.847591400146484,53.41947555541992,53.80921936035156,0,0,50,100,100,100,0,0,4.038662433624268,17179869184,2147483648,7464206336,964231168
209,1760620599998,3228,3228,3228,3228,3228,3228,3228,3228,56.24966812133789,55.41391372680664,53.84991455078125,56.34754180908203,55.46516418457031,54.07466506958008,55.71805191040039,52.847591400146484,53.41947555541992,53.80921936035156,23.809524536132813,25,57.142860412597656,85.71428680419922,23.809524536132813,14.285715103149414,4.761904716491699,0,4.038662433624268,17179869184,2147483648,7564787712,964231168
10,1760620600208,3228,3228,3228,3228,3228,3228,3228,3228,57.82728958129883,55.73014450073242,54.991050720214844,58.10536575317383,58.65985870361328,56.41178894042969,56.536617279052734,53.643157958984375,53.922000885009766,54.52448272705078,25,31.81818199157715,75,38.095237731933594,4.545454502105713,4.761904716491699,4.761904716491699,0,4.038662433624268,17179869184,2147483648,7464026112,964231168
