Delta,Time,CPU_FREQUENCY_0,CPU_FREQUENCY_1,CPU_FREQUENCY_2,CPU_FREQUENCY_3,CPU_FREQUENCY_4,CPU_FREQUENCY_5,CPU_FREQUENCY_6,CPU_FREQUENCY_7,CPU_TEMP_0,CPU_TEMP_1,CPU_TEMP_2,CPU_TEMP_3,CPU_TEMP_4,CPU_TEMP_5,CPU_TEMP_6,CPU_TEMP_7,CPU_TEMP_8,CPU_TEMP_9,CPU_USAGE_0,CPU_USAGE_1,CPU_USAGE_2,CPU_USAGE_3,CPU_USAGE_4,CPU_USAGE_5,CPU_USAGE_6,CPU_USAGE_7,SYSTEM_POWER (Watts),TOTAL_MEMORY,TOTAL_SWAP,USED_MEMORY,USED_SWAP
0,1760632184241,3228,3228,3228,3228,3228,3228,3228,3228,56.35124588012695,55.70233917236328,54.586334228515625,56.84072494506836,56.365081787109375,55.23841857910156,56.25520324707031,53.342529296875,54.42926025390625,54.237648010253906,100,100,50,NaN,0,0,0,0,3.9855499267578125,17179869184,2147483648,7291518976,922288128
209,1760632184242,3228,3228,3228,3228,3228,3228,3228,3228,56.35124588012695,55.70233917236328,54.586334228515625,56.84072494506836,56.365081787109375,55.23841857910156,56.25520324707031,53.342529296875,54.42926025390625,54.237648010253906,100,100,NaN,100,0,0,0,0,3.9855499267578125,17179869184,2147483648,7291518976,922288128
10,1760632184452,3228,3228,3228,3228,3228,3228,3228,3228,56.35124588012695,55.70233917236328,54.586334228515625,56.84072494506836,56.365081787109375,55.23841857910156,56.25520324707031,53.342529296875,54.42926025390625,54.237648010253906,28.571430206298828,15.000000953674316,66.66667175292969,23.809524536132813,5,0,0,0,5.624725341796875,17179869184,2147483648,7291518976,922288128
