Delta,Time,CPU_FREQUENCY_0,CPU_FREQUENCY_1,CPU_FREQUENCY_2,CPU_FREQUENCY_3,CPU_FREQUENCY_4,CPU_FREQUENCY_5,CPU_FREQUENCY_6,CPU_FREQUENCY_7,CPU_TEMP_0,CPU_TEMP_1,CPU_TEMP_2,CPU_TEMP_3,CPU_TEMP_4,CPU_TEMP_5,CPU_TEMP_6,CPU_TEMP_7,CPU_TEMP_8,CPU_TEMP_9,CPU_USAGE_0,CPU_USAGE_1,CPU_USAGE_2,CPU_USAGE_3,CPU_USAGE_4,CPU_USAGE_5,CPU_USAGE_6,CPU_USAGE_7,SYSTEM_POWER (Watts),TOTAL_MEMORY,TOTAL_SWAP,USED_MEMORY,USED_SWAP
0,1760653477457,3228,3228,3228,3228,3228,3228,3228,3228,53.534915924072266,53.0161018371582,51.6026611328125,53.78438949584961,52.90913391113281,52.34700393676758,53.784576416015625,50.91656494140625,51.208717346191406,51.02543640136719,100,100,100,100,100,100,100,100,3.8146636486053467,17179869184,2147483648,7208108032,897122304
209,1760653477457,3228,3228,3228,3228,3228,3228,3228,3228,53.534915924072266,53.0161018371582,51.6026611328125,53.78438949584961,52.90913391113281,52.34700393676758,53.784576416015625,50.91656494140625,51.208717346191406,51.02543640136719,50,0,100,50,100,50,100,100,3.8146636486053467,17179869184,2147483648,7208108032,897122304
209,1760653477667,3228,3228,3228,3228,3228,3228,3228,3228,53.534915924072266,53.0161018371582,51.6026611328125,53.78438949584961,52.90913391113281,52.34700393676758,53.784576416015625,50.91656494140625,51.208717346191406,51.02543640136719,25,28.571430206298828,95.45454406738281,50,15.000000953674316,19.047618865966797,0,0,3.7376372814178467,17179869184,2147483648,7208108032,897122304
209,1760653477877,3228,3228,3228,3228,3228,3228,3228,3228,53.534915924072266,53.0161018371582,51.6026611328125,53.78438949584961,52.90913391113281,52.34700393676758,53.784576416015625,50.91656494140625,51.208717346191406,51.02543640136719,47.619049072265625,42.85714340209961,71.42857360839844,50,54.54545593261719,14.285715103149414,4.761904716491699,4.761904716491699,3.7376372814178467,17179869184,2147483648,7208108032,897122304
5,1760653478087,3228,3228,3228,3228,3228,3228,3228,3228,53.534915924072266,53.0161018371582,51.6026611328125,53.78438949584961,52.90913391113281,52.34700393676758,53.784576416015625,50.91656494140625,51.208717346191406,51.02543640136719,28.571430206298828,23.809524536132813,76.19047546386719,50,19.047618865966797,5,0,0,3.7376372814178467,17179869184,2147483648,7201325056,897122304
