Delta,Time,CPU_FREQUENCY_0,CPU_FREQUENCY_1,CPU_FREQUENCY_2,CPU_FREQUENCY_3,CPU_FREQUENCY_4,CPU_FREQUENCY_5,CPU_FREQUENCY_6,CPU_FREQUENCY_7,CPU_TEMP_0,CPU_TEMP_1,CPU_TEMP_2,CPU_TEMP_3,CPU_TEMP_4,CPU_TEMP_5,CPU_TEMP_6,CPU_TEMP_7,CPU_TEMP_8,CPU_TEMP_9,CPU_USAGE_0,CPU_USAGE_1,CPU_USAGE_2,CPU_USAGE_3,CPU_USAGE_4,CPU_USAGE_5,CPU_USAGE_6,CPU_USAGE_7,SYSTEM_POWER (Watts),TOTAL_MEMORY,TOTAL_SWAP,USED_MEMORY,USED_SWAP
0,1760622838001,3228,3228,3228,3228,3228,3228,3228,3228,58.7829475402832,57.19694900512695,56.78263854980469,58.72971725463867,57.406471252441406,57.22648620605469,58.1012077331543,55.34923553466797,55.50483703613281,56.219627380371094,50,NaN,100,0,0,0,0,0,3.9731075763702393,17179869184,2147483648,7582171136,955842560
200,1760622838001,3228,3228,3228,3228,3228,3228,3228,3228,58.7829475402832,57.19694900512695,56.78263854980469,58.72971725463867,57.406471252441406,57.22648620605469,58.1012077331543,55.34923553466797,55.50483703613281,56.219627380371094,0,50,0,100,0,0,0,0,3.9731075763702393,17179869184,2147483648,7582416896,955842560
209,1760622838201,3228,3228,3228,3228,3228,3228,3228,3228,59.412654876708984,57.626075744628906,57.61766815185547,60.066654205322266,58.6448974609375,58.43775939941406,58.60249710083008,55.690185546875,55.66129684448242,56.63008117675781,42.105262756347656,31.57894515991211,85,65,23.809524536132813,10,9.523809432983398,0,3.9731075763702393,17179869184,2147483648,7659192320,955842560
209,1760622838411,3228,3228,3228,3228,3228,3228,3228,3228,59.412654876708984,57.626075744628906,57.61766815185547,60.066654205322266,58.6448974609375,58.43775939941406,58.60249710083008,55.690185546875,55.66129684448242,56.63008117675781,33.333335876464844,38.095237731933594,71.42857360839844,42.85714340209961,70,18.18181800842285,0,4.761904716491699,3.9731075763702393,17179869184,2147483648,7659372544,955842560
9,1760622838621,3228,3228,3228,3228,3228,3228,3228,3228,59.412654876708984,57.626075744628906,57.61766815185547,60.066654205322266,58.6448974609375,58.43775939941406,58.60249710083008,55.690185546875,55.66129684448242,56.63008117675781,38.095237731933594,28.571430206298828,70,47.619049072265625,33.333335876464844,5,4.545454502105713,0,4.216123104095459,17179869184,2147483648,7584825344,955842560
