Delta,Time,CPU_FREQUENCY_0,CPU_FREQUENCY_1,CPU_FREQUENCY_2,CPU_FREQUENCY_3,CPU_FREQUENCY_4,CPU_FREQUENCY_5,CPU_FREQUENCY_6,CPU_FREQUENCY_7,CPU_TEMP_0,CPU_TEMP_1,CPU_TEMP_2,CPU_TEMP_3,CPU_TEMP_4,CPU_TEMP_5,CPU_TEMP_6,CPU_TEMP_7,CPU_TEMP_8,CPU_TEMP_9,CPU_USAGE_0,CPU_USAGE_1,CPU_USAGE_2,CPU_USAGE_3,CPU_USAGE_4,CPU_USAGE_5,CPU_USAGE_6,CPU_USAGE_7,SYSTEM_POWER (Watts),TOTAL_MEMORY,TOTAL_SWAP,USED_MEMORY,USED_SWAP
0,1760636818840,3228,3228,3228,3228,3228,3228,3228,3228,58.94937515258789,57.74440002441406,56.956260681152344,58.40997314453125,58.156578063964844,57.3206901550293,58.99336624145508,55.437408447265625,56.99748229980469,56.4537353515625,0,NaN,100,0,0,0,0,0,5.113306522369385,17179869184,2147483648,8692269056,913899520
209,1760636818840,3228,3228,3228,3228,3228,3228,3228,3228,58.94937515258789,57.74440002441406,56.956260681152344,58.40997314453125,58.156578063964844,57.3206901550293,58.99336624145508,55.437408447265625,56.99748229980469,56.4537353515625,NaN,0,0,NaN,0,0,0,0,5.113306522369385,17179869184,2147483648,8691318784,913899520
209,1760636819050,3228,3228,3228,3228,3228,3228,3228,3228,58.94937515258789,57.74440002441406,56.956260681152344,58.40997314453125,58.156578063964844,57.3206901550293,58.99336624145508,55.437408447265625,56.99748229980469,56.4537353515625,36.3636360168457,33.333335876464844,61.904762268066406,77.2727279663086,54.54545593261719,14.285715103149414,4.761904716491699,4.761904716491699,5.113306522369385,17179869184,2147483648,8751415296,913899520
209,1760636819260,3228,3228,3228,3228,3228,3228,3228,3228,60.9446907043457,58.72616195678711,58.569244384765625,61.851985931396484,61.748321533203125,60.63119888305664,59.9859619140625,56.77587890625,57.93852233886719,57.92219543457031,45,38.095237731933594,100,61.904762268066406,14.285715103149414,9.523809432983398,9.523809432983398,4.761904716491699,5.113306522369385,17179869184,2147483648,8742371328,913899520
10,1760636819470,3228,3228,3228,3228,3228,3228,3228,3228,60.9446907043457,58.72616195678711,58.569244384765625,61.851985931396484,61.748321533203125,60.63119888305664,59.9859619140625,56.77587890625,57.93852233886719,57.92219543457031,47.619049072265625,42.85714340209961,66.66667175292969,25,19.047618865966797,5,0,0,5.113306522369385,17179869184,2147483648,8705097728,913899520
