Delta,Time,CPU_FREQUENCY_0,CPU_FREQUENCY_1,CPU_FREQUENCY_2,CPU_FREQUENCY_3,CPU_FREQUENCY_4,CPU_FREQUENCY_5,CPU_FREQUENCY_6,CPU_FREQUENCY_7,CPU_TEMP_0,CPU_TEMP_1,CPU_TEMP_2,CPU_TEMP_3,CPU_TEMP_4,CPU_TEMP_5,CPU_TEMP_6,CPU_TEMP_7,CPU_TEMP_8,CPU_TEMP_9,CPU_USAGE_0,CPU_USAGE_1,CPU_USAGE_2,CPU_USAGE_3,CPU_USAGE_4,CPU_USAGE_5,CPU_USAGE_6,CPU_USAGE_7,SYSTEM_POWER (Watts),TOTAL_MEMORY,TOTAL_SWAP,USED_MEMORY,USED_SWAP
0,1760634819552,3228,3228,3228,3228,3228,3228,3228,3228,54.5554313659668,52.86610412597656,52.34434509277344,54.51540756225586,54.30189514160156,52.74406814575195,54.24033737182617,51.26837158203125,52.481163024902344,52.48646545410156,100,100,0,0,0,0,0,0,3.3202099800109863,17179869184,2147483648,8990949376,922288128
206,1760634819552,3228,3228,3228,3228,3228,3228,3228,3228,54.5554313659668,52.86610412597656,52.34434509277344,54.51540756225586,54.30189514160156,52.74406814575195,54.24033737182617,51.26837158203125,52.481163024902344,52.48646545410156,NaN,NaN,NaN,100,0,0,0,0,3.3202099800109863,17179869184,2147483648,8989409280,922288128
201,1760634819758,3228,3228,3228,3228,3228,3228,3228,3228,54.5554313659668,52.86610412597656,52.34434509277344,54.51540756225586,54.30189514160156,52.74406814575195,54.24033737182617,51.26837158203125,52.481163024902344,52.48646545410156,47.619049072265625,52.38095474243164,33.333335876464844,66.66667175292969,0,0,0,0,3.0448801517486572,17179869184,2147483648,9057026048,922288128
10,1760634819960,3228,3228,3228,3228,3228,3228,3228,3228,54.5554313659668,52.86610412597656,52.34434509277344,54.51540756225586,54.30189514160156,52.74406814575195,54.24033737182617,51.26837158203125,52.481163024902344,52.48646545410156,70,63.15789031982422,20,23.809524536132813,0,0,0,0,3.0448801517486572,17179869184,2147483648,9057026048,922288128
