Delta,Time,CPU_FREQUENCY_0,CPU_FREQUENCY_1,CPU_FREQUENCY_2,CPU_FREQUENCY_3,CPU_FREQUENCY_4,CPU_FREQUENCY_5,CPU_FREQUENCY_6,CPU_FREQUENCY_7,CPU_TEMP_0,CPU_TEMP_1,CPU_TEMP_2,CPU_TEMP_3,CPU_TEMP_4,CPU_TEMP_5,CPU_TEMP_6,CPU_TEMP_7,CPU_TEMP_8,CPU_TEMP_9,CPU_USAGE_0,CPU_USAGE_1,CPU_USAGE_2,CPU_USAGE_3,CPU_USAGE_4,CPU_USAGE_5,CPU_USAGE_6,CPU_USAGE_7,SYSTEM_POWER (Watts),TOTAL_MEMORY,TOTAL_SWAP,USED_MEMORY,USED_SWAP
0,1760617403165,3228,3228,3228,3228,3228,3228,3228,3228,54.78860092163086,54.02318572998047,53.65898895263672,54.87934494018555,54.36351013183594,53.8178596496582,55.14781951904297,51.842159271240234,52.84938430786133,52.567665100097656,100,100,0,0,0,0,0,0,3.231679916381836,17179869184,2147483648,7354859520,981008384
209,1760617403165,3228,3228,3228,3228,3228,3228,3228,3228,54.78860092163086,54.02318572998047,53.65898895263672,54.87934494018555,54.36351013183594,53.8178596496582,55.14781951904297,51.842159271240234,52.84938430786133,52.567665100097656,100,NaN,100,0,0,0,0,0,3.231679916381836,17179869184,2147483648,7355449344,981008384
209,1760617403375,3228,3228,3228,3228,3228,3228,3228,3228,54.78860092163086,54.02318572998047,53.65898895263672,54.87934494018555,54.36351013183594,53.8178596496582,55.14781951904297,51.842159271240234,52.84938430786133,52.567665100097656,52.38095474243164,68.18181610107422,85.71428680419922,10,0,9.090909004211426,0,0,3.231679916381836,17179869184,2147483648,7450869760,981008384
208,1760617403585,3228,3228,3228,3228,3228,3228,3228,3228,54.78860092163086,54.02318572998047,53.65898895263672,54.87934494018555,54.36351013183594,53.8178596496582,55.14781951904297,51.842159271240234,52.84938430786133,52.567665100097656,52.38095474243164,50,71.42857360839844,4.545454502105713,28.571430206298828,4.761904716491699,0,0,2.879939556121826,17179869184,2147483648,7454441472,981008384
8,1760617403793,3228,3228,3228,3228,3228,3228,3228,3228,54.78860092163086,54.02318572998047,53.65898895263672,54.87934494018555,54.36351013183594,53.8178596496582,55.14781951904297,51.842159271240234,52.84938430786133,52.567665100097656,61.904762268066406,80.95238494873047,33.333335876464844,15.000000953674316,27.272727966308594,0,0,0,2.879939556121826,17179869184,2147483648,7360348160,981008384
