Delta,Time,CPU_FREQUENCY_0,CPU_FREQUENCY_1,CPU_FREQUENCY_2,CPU_FREQUENCY_3,CPU_FREQUENCY_4,CPU_FREQUENCY_5,CPU_FREQUENCY_6,CPU_FREQUENCY_7,CPU_TEMP_0,CPU_TEMP_1,CPU_TEMP_2,CPU_TEMP_3,CPU_TEMP_4,CPU_TEMP_5,CPU_TEMP_6,CPU_TEMP_7,CPU_TEMP_8,CPU_TEMP_9,CPU_USAGE_0,CPU_USAGE_1,CPU_USAGE_2,CPU_USAGE_3,CPU_USAGE_4,CPU_USAGE_5,CPU_USAGE_6,CPU_USAGE_7,SYSTEM_POWER (Watts),TOTAL_MEMORY,TOTAL_SWAP,USED_MEMORY,USED_SWAP
0,1760646218863,3228,3228,3228,3228,3228,3228,3228,3228,55.03554153442383,54.251766204833984,53.28422546386719,55.144309997558594,54.198577880859375,53.60212707519531,55.78532028198242,52.52058029174805,52.588687896728516,53.47020721435547,0,0,100,0,0,0,0,0,4.9361419677734375,17179869184,2147483648,7710326784,905510912
209,1760646218863,3228,3228,3228,3228,3228,3228,3228,3228,55.03554153442383,54.251766204833984,53.28422546386719,55.144309997558594,54.198577880859375,53.60212707519531,55.78532028198242,52.52058029174805,52.588687896728516,53.47020721435547,0,0,50,50,100,0,0,0,4.9361419677734375,17179869184,2147483648,7713767424,905510912
202,1760646219073,3228,3228,3228,3228,3228,3228,3228,3228,57.12039566040039,54.89501190185547,54.72908020019531,57.21382522583008,57.76679992675781,56.41319274902344,56.90526580810547,53.69942092895508,53.3385009765625,54.41059112548828,45.45454788208008,47.619049072265625,61.904762268066406,95.23809814453125,19.047618865966797,9.523809432983398,0,0,4.9361419677734375,17179869184,2147483648,7763361792,905510912
9,1760646219276,3228,3228,3228,3228,3228,3228,3228,3228,57.12039566040039,54.89501190185547,54.72908020019531,57.21382522583008,57.76679992675781,56.41319274902344,56.90526580810547,53.69942092895508,53.3385009765625,54.41059112548828,50,45,84.21052551269531,30.000001907348633,25,5.263157844543457,5,0,4.9361419677734375,17179869184,2147483648,7763361792,905510912
