Delta,Time,CPU_FREQUENCY_0,CPU_FREQUENCY_1,CPU_FREQUENCY_2,CPU_FREQUENCY_3,CPU_FREQUENCY_4,CPU_FREQUENCY_5,CPU_FREQUENCY_6,CPU_FREQUENCY_7,CPU_TEMP_0,CPU_TEMP_1,CPU_TEMP_2,CPU_TEMP_3,CPU_TEMP_4,CPU_TEMP_5,CPU_TEMP_6,CPU_TEMP_7,CPU_TEMP_8,CPU_TEMP_9,CPU_USAGE_0,CPU_USAGE_1,CPU_USAGE_2,CPU_USAGE_3,CPU_USAGE_4,CPU_USAGE_5,CPU_USAGE_6,CPU_USAGE_7,SYSTEM_POWER (Watts),TOTAL_MEMORY,TOTAL_SWAP,USED_MEMORY,USED_SWAP
0,1760648850802,3228,3228,3228,3228,3228,3228,3228,3228,52.642539978027344,51.871185302734375,51.01853942871094,51.976280212402344,51.431671142578125,50.80615997314453,52.505218505859375,50.132755279541016,50.156005859375,49.97337341308594,0,0,0,0,0,0,0,0,3.067559242248535,17179869184,2147483648,8173453312,905510912
209,1760648850802,3228,3228,3228,3228,3228,3228,3228,3228,52.642539978027344,51.871185302734375,51.01853942871094,51.976280212402344,51.431671142578125,50.80615997314453,52.505218505859375,50.132755279541016,50.156005859375,49.97337341308594,0,0,50,100,0,0,0,0,3.067559242248535,17179869184,2147483648,8174157824,905510912
209,1760648851012,3228,3228,3228,3228,3228,3228,3228,3228,52.642539978027344,51.871185302734375,51.01853942871094,51.976280212402344,51.431671142578125,50.80615997314453,52.505218505859375,50.132755279541016,50.156005859375,49.97337341308594,9.523809432983398,9.090909004211426,66.66667175292969,28.571430206298828,9.523809432983398,0,0,0,3.067559242248535,17179869184,2147483648,8223490048,905510912
209,1760648851222,3228,3228,3228,3228,3228,3228,3228,3228,53.87537384033203,52.25800704956055,52.32688903808594,54.32749557495117,53.41888427734375,52.25558853149414,53.56843566894531,50.93845748901367,50.6974983215332,50.78691864013672,13.636363983154297,9.523809432983398,47.619049072265625,50,0,4.761904716491699,0,0,3.067559242248535,17179869184,2147483648,8224538624,905510912
10,1760648851432,3228,3228,3228,3228,3228,3228,3228,3228,53.87537384033203,52.25800704956055,52.32688903808594,54.32749557495117,53.41888427734375,52.25558853149414,53.56843566894531,50.93845748901367,50.6974983215332,50.78691864013672,10,10,50,52.38095474243164,4.761904716491699,0,0,0,3.067559242248535,17179869184,2147483648,8081457152,905510912
