Delta,Time,CPU_FREQUENCY_0,CPU_FREQUENCY_1,CPU_FREQUENCY_2,CPU_FREQUENCY_3,CPU_FREQUENCY_4,CPU_FREQUENCY_5,CPU_FREQUENCY_6,CPU_FREQUENCY_7,CPU_TEMP_0,CPU_TEMP_1,CPU_TEMP_2,CPU_TEMP_3,CPU_TEMP_4,CPU_TEMP_5,CPU_TEMP_6,CPU_TEMP_7,CPU_TEMP_8,CPU_TEMP_9,CPU_USAGE_0,CPU_USAGE_1,CPU_USAGE_2,CPU_USAGE_3,CPU_USAGE_4,CPU_USAGE_5,CPU_USAGE_6,CPU_USAGE_7,SYSTEM_POWER (Watts),TOTAL_MEMORY,TOTAL_SWAP,USED_MEMORY,USED_SWAP
0,1760639891325,3228,3228,3228,3228,3228,3228,3228,3228,58.31541442871094,57.2765007019043,56.921226501464844,58.042022705078125,57.621482849121094,56.324249267578125,58.33588790893555,55.10006332397461,55.69955825805664,56.008888244628906,50,0,0,0,0,0,0,0,3.1552464962005615,17179869184,2147483648,7561543680,905510912
209,1760639891325,3228,3228,3228,3228,3228,3228,3228,3228,58.31541442871094,57.2765007019043,56.921226501464844,58.042022705078125,57.621482849121094,56.324249267578125,58.33588790893555,55.10006332397461,55.69955825805664,56.008888244628906,0,100,NaN,100,0,0,0,0,3.1552464962005615,17179869184,2147483648,7561625600,905510912
201,1760639891535,3228,3228,3228,3228,3228,3228,3228,3228,58.31541442871094,57.2765007019043,56.921226501464844,58.042022705078125,57.621482849121094,56.324249267578125,58.33588790893555,55.10006332397461,55.69955825805664,56.008888244628906,38.095237731933594,55,80.95238494873047,50,4.761904716491699,10,9.523809432983398,9.523809432983398,3.6708314418792725,17179869184,2147483648,7624065024,905510912
10,1760639891737,3228,3228,3228,3228,3228,3228,3228,3228,58.31541442871094,57.2765007019043,56.921226501464844,58.042022705078125,57.621482849121094,56.324249267578125,58.33588790893555,55.10006332397461,55.69955825805664,56.008888244628906,60.000003814697266,52.38095474243164,33.333335876464844,0,0,0,0,0,3.6708314418792725,17179869184,2147483648,7624065024,905510912
