Delta,Time,CPU_FREQUENCY_0,CPU_FREQUENCY_1,CPU_FREQUENCY_2,CPU_FREQUENCY_3,CPU_FREQUENCY_4,CPU_FREQUENCY_5,CPU_FREQUENCY_6,CPU_FREQUENCY_7,CPU_TEMP_0,CPU_TEMP_1,CPU_TEMP_2,CPU_TEMP_3,CPU_TEMP_4,CPU_TEMP_5,CPU_TEMP_6,CPU_TEMP_7,CPU_TEMP_8,CPU_TEMP_9,CPU_USAGE_0,CPU_USAGE_1,CPU_USAGE_2,CPU_USAGE_3,CPU_USAGE_4,CPU_USAGE_5,CPU_USAGE_6,CPU_USAGE_7,SYSTEM_POWER (Watts),TOTAL_MEMORY,TOTAL_SWAP,USED_MEMORY,USED_SWAP
0,1760646052876,3228,3228,3228,3228,3228,3228,3228,3228,55.86570358276367,54.29658508300781,53.89503479003906,56.67436218261719,56.159996032714844,55.78285217285156,56.427547454833984,53.05596923828125,52.398048400878906,52.82068634033203,100,NaN,50,0,0,0,0,0,13.57474136352539,17179869184,2147483648,7565377536,905510912
209,1760646052876,3228,3228,3228,3228,3228,3228,3228,3228,55.86570358276367,54.29658508300781,53.89503479003906,56.67436218261719,56.159996032714844,55.78285217285156,56.427547454833984,53.05596923828125,52.398048400878906,52.82068634033203,100,100,NaN,100,0,0,0,0,13.57474136352539,17179869184,2147483648,7567622144,905510912
209,1760646053086,3228,3228,3228,3228,3228,3228,3228,3228,55.78646469116211,54.24547576904297,53.65968322753906,56.800010681152344,55.442726135253906,55.765750885009766,56.164222717285156,53.02582931518555,53.03033447265625,53.088836669921875,90.47618865966797,90.47618865966797,80.95238494873047,23.809524536132813,23.809524536132813,14.285715103149414,9.523809432983398,0,13.57474136352539,17179869184,2147483648,7634501632,905510912
209,1760646053296,3228,3228,3228,3228,3228,3228,3228,3228,55.78646469116211,54.24547576904297,53.65968322753906,56.800010681152344,55.442726135253906,55.765750885009766,56.164222717285156,53.02582931518555,53.03033447265625,53.088836669921875,95.23809814453125,95.23809814453125,45,52.38095474243164,10,9.523809432983398,4.761904716491699,15.000000953674316,13.57474136352539,17179869184,2147483648,7641808896,905510912
9,1760646053506,3228,3228,3228,3228,3228,3228,3228,3228,55.78646469116211,54.24547576904297,53.65968322753906,56.800010681152344,55.442726135253906,55.765750885009766,56.164222717285156,53.02582931518555,53.03033447265625,53.088836669921875,80.95238494873047,80.95238494873047,13.636363983154297,47.619049072265625,4.545454502105713,0,0,0,13.57474136352539,17179869184,2147483648,7610335232,905510912
