Delta,Time,CPU_FREQUENCY_0,CPU_FREQUENCY_1,CPU_FREQUENCY_2,CPU_FREQUENCY_3,CPU_FREQUENCY_4,CPU_FREQUENCY_5,CPU_FREQUENCY_6,CPU_FREQUENCY_7,CPU_TEMP_0,CPU_TEMP_1,CPU_TEMP_2,CPU_TEMP_3,CPU_TEMP_4,CPU_TEMP_5,CPU_TEMP_6,CPU_TEMP_7,CPU_TEMP_8,CPU_TEMP_9,CPU_USAGE_0,CPU_USAGE_1,CPU_USAGE_2,CPU_USAGE_3,CPU_USAGE_4,CPU_USAGE_5,CPU_USAGE_6,CPU_USAGE_7,SYSTEM_POWER (Watts),TOTAL_MEMORY,TOTAL_SWAP,USED_MEMORY,USED_SWAP
0,1760626032009,3228,3228,3228,3228,3228,3228,3228,3228,55.720760345458984,55.40577697753906,54.166587829589844,55.87207794189453,55.433616638183594,54.51137161254883,56.227622985839844,52.96141815185547,53.372718811035156,53.803855895996094,100,100,0,0,0,0,0,0,2.932730197906494,17179869184,2147483648,7214825472,947453952
209,1760626032009,3228,3228,3228,3228,3228,3228,3228,3228,55.720760345458984,55.40577697753906,54.166587829589844,55.87207794189453,55.433616638183594,54.51137161254883,56.227622985839844,52.96141815185547,53.372718811035156,53.803855895996094,100,100,0,NaN,0,NaN,0,0,2.932730197906494,17179869184,2147483648,7213744128,947453952
209,1760626032219,3228,3228,3228,3228,3228,3228,3228,3228,55.974971771240234,55.39179992675781,54.29346466064453,55.97526168823242,55.73631286621094,54.81714630126953,55.87028884887695,52.8304328918457,53.24570846557617,53.751808166503906,52.6315803527832,77.2727279663086,85.71428680419922,13.636363983154297,9.523809432983398,0,0,0,2.932730197906494,17179869184,2147483648,7246299136,947453952
10,1760626032430,3228,3228,3228,3228,3228,3228,3228,3228,55.974971771240234,55.39179992675781,54.29346466064453,55.97526168823242,55.73631286621094,54.81714630126953,55.87028884887695,52.8304328918457,53.24570846557617,53.751808166503906,36.3636360168457,31.81818199157715,47.619049072265625,14.285715103149414,38.095237731933594,4.761904716491699,9.090909004211426,4.761904716491699,2.932730197906494,17179869184,2147483648,7191085056,947453952
