Delta,Time,CPU_FREQUENCY_0,CPU_FREQUENCY_1,CPU_FREQUENCY_2,CPU_FREQUENCY_3,CPU_FREQUENCY_4,CPU_FREQUENCY_5,CPU_FREQUENCY_6,CPU_FREQUENCY_7,CPU_TEMP_0,CPU_TEMP_1,CPU_TEMP_2,CPU_TEMP_3,CPU_TEMP_4,CPU_TEMP_5,CPU_TEMP_6,CPU_TEMP_7,CPU_TEMP_8,CPU_TEMP_9,CPU_USAGE_0,CPU_USAGE_1,CPU_USAGE_2,CPU_USAGE_3,CPU_USAGE_4,CPU_USAGE_5,CPU_USAGE_6,CPU_USAGE_7,SYSTEM_POWER (Watts),TOTAL_MEMORY,TOTAL_SWAP,USED_MEMORY,USED_SWAP
0,1760643134699,3228,3228,3228,3228,3228,3228,3228,3228,53.590721130371094,52.79359817504883,52.76933288574219,53.15259552001953,52.40141296386719,52.23375701904297,54.095706939697266,50.77647399902344,50.81841278076172,51.72267150878906,NaN,100,0,0,0,0,0,0,3.1754307746887207,17179869184,2147483648,6981664768,905510912
200,1760643134700,3228,3228,3228,3228,3228,3228,3228,3228,53.590721130371094,52.79359817504883,52.76933288574219,53.15259552001953,52.40141296386719,52.23375701904297,54.095706939697266,50.77647399902344,50.81841278076172,51.72267150878906,100,100,0,100,0,0,0,0,3.1754307746887207,17179869184,2147483648,6983221248,905510912
200,1760643134901,3228,3228,3228,3228,3228,3228,3228,3228,53.590721130371094,52.79359817504883,52.76933288574219,53.15259552001953,52.40141296386719,52.23375701904297,54.095706939697266,50.77647399902344,50.81841278076172,51.72267150878906,94.73684692382813,94.73684692382813,85.71428680419922,21.052631378173828,15.000000953674316,14.285715103149414,0,4.761904716491699,3.1754307746887207,17179869184,2147483648,7020691456,905510912
209,1760643135102,3228,3228,3228,3228,3228,3228,3228,3228,55.2523307800293,53.84174346923828,54.585906982421875,57.02217483520508,54.757545471191406,54.311744689941406,55.68924331665039,52.32096862792969,51.4962043762207,52.7677001953125,95.23809814453125,90.47618865966797,94.73684692382813,75,20,25,9.523809432983398,5,3.1754307746887207,17179869184,2147483648,7016546304,905510912
8,1760643135312,3228,3228,3228,3228,3228,3228,3228,3228,55.2523307800293,53.84174346923828,54.585906982421875,57.02217483520508,54.757545471191406,54.311744689941406,55.68924331665039,52.32096862792969,51.4962043762207,52.7677001953125,38.095237731933594,57.142860412597656,95.23809814453125,66.66667175292969,50,36.842105865478516,15.000000953674316,10,3.1754307746887207,17179869184,2147483648,6995902464,905510912
