Delta,Time,CPU_FREQUENCY_0,CPU_FREQUENCY_1,CPU_FREQUENCY_2,CPU_FREQUENCY_3,CPU_FREQUENCY_4,CPU_FREQUENCY_5,CPU_FREQUENCY_6,CPU_FREQUENCY_7,CPU_TEMP_0,CPU_TEMP_1,CPU_TEMP_2,CPU_TEMP_3,CPU_TEMP_4,CPU_TEMP_5,CPU_TEMP_6,CPU_TEMP_7,CPU_TEMP_8,CPU_TEMP_9,CPU_USAGE_0,CPU_USAGE_1,CPU_USAGE_2,CPU_USAGE_3,CPU_USAGE_4,CPU_USAGE_5,CPU_USAGE_6,CPU_USAGE_7,SYSTEM_POWER (Watts),TOTAL_MEMORY,TOTAL_SWAP,USED_MEMORY,USED_SWAP
0,1760649622786,3228,3228,3228,3228,3228,3228,3228,3228,52.42321014404297,51.238067626953125,50.769775390625,51.91181182861328,51.72343444824219,49.89381790161133,52.43223190307617,49.334190368652344,49.85813903808594,50.26982879638672,100,100,100,100,100,100,66.66667175292969,100,3.4304864406585693,17179869184,2147483648,7363526656,905510912
207,1760649622786,3228,3228,3228,3228,3228,3228,3228,3228,52.42321014404297,51.238067626953125,50.769775390625,51.91181182861328,51.72343444824219,49.89381790161133,52.43223190307617,49.334190368652344,49.85813903808594,50.26982879638672,0,100,NaN,66.66667175292969,0,100,100,100,3.4304864406585693,17179869184,2147483648,7363100672,905510912
205,1760649622993,3228,3228,3228,3228,3228,3228,3228,3228,52.42321014404297,51.238067626953125,50.769775390625,51.91181182861328,51.72343444824219,49.89381790161133,52.43223190307617,49.334190368652344,49.85813903808594,50.26982879638672,71.42857360839844,80,100,0,4.761904716491699,0,0,0,3.4304864406585693,17179869184,2147483648,7363100672,905510912
10,1760649623199,3228,3228,3228,3228,3228,3228,3228,3228,53.871795654296875,52.42982482910156,52.79346466064453,55.926612854003906,52.91461181640625,51.810272216796875,53.91632843017578,51.24697494506836,50.973670959472656,51.308807373046875,61.904762268066406,42.85714340209961,35,0,0,0,0,0,3.4304864406585693,17179869184,2147483648,7363100672,905510912
