Delta,Time,CPU_FREQUENCY_0,CPU_FREQUENCY_1,CPU_FREQUENCY_2,CPU_FREQUENCY_3,CPU_FREQUENCY_4,CPU_FREQUENCY_5,CPU_FREQUENCY_6,CPU_FREQUENCY_7,CPU_TEMP_0,CPU_TEMP_1,CPU_TEMP_2,CPU_TEMP_3,CPU_TEMP_4,CPU_TEMP_5,CPU_TEMP_6,CPU_TEMP_7,CPU_TEMP_8,CPU_TEMP_9,CPU_USAGE_0,CPU_USAGE_1,CPU_USAGE_2,CPU_USAGE_3,CPU_USAGE_4,CPU_USAGE_5,CPU_USAGE_6,CPU_USAGE_7,SYSTEM_POWER (Watts),TOTAL_MEMORY,TOTAL_SWAP,USED_MEMORY,USED_SWAP
0,1760654083799,3228,3228,3228,3228,3228,3228,3228,3228,52.90768814086914,51.8637809753418,50.034324645996094,51.68492126464844,51.44789123535156,50.36063766479492,52.14944076538086,48.78205490112305,49.81844711303711,49.87065124511719,NaN,NaN,0,0,0,0,0,0,3.0686795711517334,17179869184,2147483648,7445823488,897122304
209,1760654083799,3228,3228,3228,3228,3228,3228,3228,3228,52.90768814086914,51.8637809753418,50.034324645996094,51.68492126464844,51.44789123535156,50.36063766479492,52.14944076538086,48.78205490112305,49.81844711303711,49.87065124511719,0,100,NaN,50,0,0,0,0,3.0686795711517334,17179869184,2147483648,7445856256,897122304
209,1760654084009,3228,3228,3228,3228,3228,3228,3228,3228,52.90768814086914,51.8637809753418,50.034324645996094,51.68492126464844,51.44789123535156,50.36063766479492,52.14944076538086,48.78205490112305,49.81844711303711,49.87065124511719,47.619049072265625,80.95238494873047,71.42857360839844,0,30.000001907348633,0,0,0,3.0686795711517334,17179869184,2147483648,7515455488,897122304
209,1760654084219,3228,3228,3228,3228,3228,3228,3228,3228,54.26355743408203,52.04118728637695,51.298980712890625,53.45613098144531,52.56317901611328,53.3358268737793,52.58291244506836,49.35622024536133,50.33621597290039,50.69507598876953,57.142860412597656,47.619049072265625,19.047618865966797,0,81.81818389892578,0,0,0,3.0686795711517334,17179869184,2147483648,7512686592,897122304
9,1760654084429,3228,3228,3228,3228,3228,3228,3228,3228,54.26355743408203,52.04118728637695,51.298980712890625,53.45613098144531,52.56317901611328,53.3358268737793,52.58291244506836,49.35622024536133,50.33621597290039,50.69507598876953,54.54545593261719,59.09090805053711,33.333335876464844,4.545454502105713,10,0,0,0,3.0686795711517334,17179869184,2147483648,7444512768,897122304
