Delta,Time,CPU_FREQUENCY_0,CPU_FREQUENCY_1,CPU_FREQUENCY_2,CPU_FREQUENCY_3,CPU_FREQUENCY_4,CPU_FREQUENCY_5,CPU_FREQUENCY_6,CPU_FREQUENCY_7,CPU_TEMP_0,CPU_TEMP_1,CPU_TEMP_2,CPU_TEMP_3,CPU_TEMP_4,CPU_TEMP_5,CPU_TEMP_6,CPU_TEMP_7,CPU_TEMP_8,CPU_TEMP_9,CPU_USAGE_0,CPU_USAGE_1,CPU_USAGE_2,CPU_USAGE_3,CPU_USAGE_4,CPU_USAGE_5,CPU_USAGE_6,CPU_USAGE_7,SYSTEM_POWER (Watts),TOTAL_MEMORY,TOTAL_SWAP,USED_MEMORY,USED_SWAP
0,1760614362597,3228,3228,3228,3228,3228,3228,3228,3228,52.23318099975586,51.96995544433594,51.046112060546875,52.57640838623047,51.71851348876953,50.781494140625,52.96488952636719,48.95403289794922,49.813968658447266,49.941123962402344,100,NaN,0,0,0,0,0,0,3.1093006134033203,17179869184,2147483648,6501531648,989396992
206,1760614362597,3228,3228,3228,3228,3228,3228,3228,3228,52.23318099975586,51.96995544433594,51.046112060546875,52.57640838623047,51.71851348876953,50.781494140625,52.96488952636719,48.95403289794922,49.813968658447266,49.941123962402344,50,50,100,0,0,0,0,0,3.1093006134033203,17179869184,2147483648,6502629376,989396992
209,1760614362804,3228,3228,3228,3228,3228,3228,3228,3228,52.23318099975586,51.96995544433594,51.046112060546875,52.57640838623047,51.71851348876953,50.781494140625,52.96488952636719,48.95403289794922,49.813968658447266,49.941123962402344,47.36842346191406,52.38095474243164,52.38095474243164,25,13.636363983154297,14.285715103149414,0,0,3.1093006134033203,17179869184,2147483648,6597902336,989396992
10,1760614363015,3228,3228,3228,3228,3228,3228,3228,3228,52.23318099975586,51.96995544433594,51.046112060546875,52.57640838623047,51.71851348876953,50.781494140625,52.96488952636719,48.95403289794922,49.813968658447266,49.941123962402344,59.09090805053711,45,28.571430206298828,0,0,4.761904716491699,0,0,3.1093006134033203,17179869184,2147483648,6597902336,989396992
