Delta,Time,CPU_FREQUENCY_0,CPU_FREQUENCY_1,CPU_FREQUENCY_2,CPU_FREQUENCY_3,CPU_FREQUENCY_4,CPU_FREQUENCY_5,CPU_FREQUENCY_6,CPU_FREQUENCY_7,CPU_TEMP_0,CPU_TEMP_1,CPU_TEMP_2,CPU_TEMP_3,CPU_TEMP_4,CPU_TEMP_5,CPU_TEMP_6,CPU_TEMP_7,CPU_TEMP_8,CPU_TEMP_9,CPU_USAGE_0,CPU_USAGE_1,CPU_USAGE_2,CPU_USAGE_3,CPU_USAGE_4,CPU_USAGE_5,CPU_USAGE_6,CPU_USAGE_7,SYSTEM_POWER (Watts),TOTAL_MEMORY,TOTAL_SWAP,USED_MEMORY,USED_SWAP
0,1760631496245,3228,3228,3228,3228,3228,3228,3228,3228,53.80913543701172,52.92633056640625,52.061241149902344,53.853153228759766,53.708534240722656,52.04174041748047,53.54102325439453,50.88539505004883,51.36722183227539,51.579132080078125,100,NaN,0,0,0,0,0,0,3.604583740234375,17179869184,2147483648,7583858688,939065344
202,1760631496246,3228,3228,3228,3228,3228,3228,3228,3228,53.80913543701172,52.92633056640625,52.061241149902344,53.853153228759766,53.708534240722656,52.04174041748047,53.54102325439453,50.88539505004883,51.36722183227539,51.579132080078125,100,0,100,50,0,0,0,0,3.604583740234375,17179869184,2147483648,7583465472,939065344
204,1760631496449,3228,3228,3228,3228,3228,3228,3228,3228,53.80913543701172,52.92633056640625,52.061241149902344,53.853153228759766,53.708534240722656,52.04174041748047,53.54102325439453,50.88539505004883,51.36722183227539,51.579132080078125,47.36842346191406,61.904762268066406,23.809524536132813,100,5,0,0,0,3.574573040008545,17179869184,2147483648,7648034816,939065344
11,1760631496653,3228,3228,3228,3228,3228,3228,3228,3228,53.80913543701172,52.92633056640625,52.061241149902344,53.853153228759766,53.708534240722656,52.04174041748047,53.54102325439453,50.88539505004883,51.36722183227539,51.579132080078125,52.38095474243164,35,35,23.809524536132813,30.000001907348633,14.285715103149414,4.761904716491699,9.090909004211426,3.574573040008545,17179869184,2147483648,7563739136,939065344
