Delta,Time,CPU_FREQUENCY_0,CPU_FREQUENCY_1,CPU_FREQUENCY_2,CPU_FREQUENCY_3,CPU_FREQUENCY_4,CPU_FREQUENCY_5,CPU_FREQUENCY_6,CPU_FREQUENCY_7,CPU_TEMP_0,CPU_TEMP_1,CPU_TEMP_2,CPU_TEMP_3,CPU_TEMP_4,CPU_TEMP_5,CPU_TEMP_6,CPU_TEMP_7,CPU_TEMP_8,CPU_TEMP_9,CPU_USAGE_0,CPU_USAGE_1,CPU_USAGE_2,CPU_USAGE_3,CPU_USAGE_4,CPU_USAGE_5,CPU_USAGE_6,CPU_USAGE_7,SYSTEM_POWER (Watts),TOTAL_MEMORY,TOTAL_SWAP,USED_MEMORY,USED_SWAP
0,1760621272839,3228,3228,3228,3228,3228,3228,3228,3228,53.44268798828125,52.94852066040039,51.97679138183594,53.32574462890625,52.785850524902344,52.219242095947266,53.40464401245117,50.415889739990234,51.07087326049805,51.432273864746094,100,0,0,0,0,0,0,0,3.2668628692626953,17179869184,2147483648,7759609856,955842560
209,1760621272839,3228,3228,3228,3228,3228,3228,3228,3228,53.44268798828125,52.94852066040039,51.97679138183594,53.32574462890625,52.785850524902344,52.219242095947266,53.40464401245117,50.415889739990234,51.07087326049805,51.432273864746094,100,50,0,100,0,0,0,0,3.2668628692626953,17179869184,2147483648,7759724544,955842560
209,1760621273049,3228,3228,3228,3228,3228,3228,3228,3228,53.44268798828125,52.94852066040039,51.97679138183594,53.32574462890625,52.785850524902344,52.219242095947266,53.40464401245117,50.415889739990234,51.07087326049805,51.432273864746094,47.619049072265625,42.85714340209961,95.23809814453125,28.571430206298828,25,9.523809432983398,9.523809432983398,4.545454502105713,3.2668628692626953,17179869184,2147483648,7851802624,955842560
209,1760621273259,3228,3228,3228,3228,3228,3228,3228,3228,54.95139694213867,53.511592864990234,53.14464569091797,55.9916877746582,54.81819152832031,55.48843765258789,54.14509201049805,51.302825927734375,51.65460968017578,52.71717834472656,61.904762268066406,33.333335876464844,9.523809432983398,9.523809432983398,90.90909576416016,4.761904716491699,0,0,3.2668628692626953,17179869184,2147483648,7853522944,955842560
9,1760621273469,3228,3228,3228,3228,3228,3228,3228,3228,54.95139694213867,53.511592864990234,53.14464569091797,55.9916877746582,54.81819152832031,55.48843765258789,54.14509201049805,51.302825927734375,51.65460968017578,52.71717834472656,61.904762268066406,75,14.285715103149414,35,0,4.761904716491699,4.761904716491699,0,3.2668628692626953,17179869184,2147483648,7765475328,955842560
