Delta,Time,CPU_FREQUENCY_0,CPU_FREQUENCY_1,CPU_FREQUENCY_2,CPU_FREQUENCY_3,CPU_FREQUENCY_4,CPU_FREQUENCY_5,CPU_FREQUENCY_6,CPU_FREQUENCY_7,CPU_TEMP_0,CPU_TEMP_1,CPU_TEMP_2,CPU_TEMP_3,CPU_TEMP_4,CPU_TEMP_5,CPU_TEMP_6,CPU_TEMP_7,CPU_TEMP_8,CPU_TEMP_9,CPU_USAGE_0,CPU_USAGE_1,CPU_USAGE_2,CPU_USAGE_3,CPU_USAGE_4,CPU_USAGE_5,CPU_USAGE_6,CPU_USAGE_7,SYSTEM_POWER (Watts),TOTAL_MEMORY,TOTAL_SWAP,USED_MEMORY,USED_SWAP
0,1760642802767,3228,3228,3228,3228,3228,3228,3228,3228,53.737300872802734,53.09869384765625,52.541236877441406,53.778812408447266,52.903968811035156,52.64128112792969,54.506126403808594,51.13636016845703,51.843631744384766,52.013519287109375,NaN,NaN,0,0,0,0,0,0,3.1345343589782715,17179869184,2147483648,7458406400,905510912
209,1760642802767,3228,3228,3228,3228,3228,3228,3228,3228,53.737300872802734,53.09869384765625,52.541236877441406,53.778812408447266,52.903968811035156,52.64128112792969,54.506126403808594,51.13636016845703,51.843631744384766,52.013519287109375,100,0,NaN,0,0,0,0,0,3.1345343589782715,17179869184,2147483648,7454703616,905510912
203,1760642802977,3228,3228,3228,3228,3228,3228,3228,3228,53.737300872802734,53.09869384765625,52.541236877441406,53.778812408447266,52.903968811035156,52.64128112792969,54.506126403808594,51.13636016845703,51.843631744384766,52.013519287109375,54.54545593261719,52.38095474243164,95.45454406738281,9.523809432983398,0,0,0,0,3.1345343589782715,17179869184,2147483648,7519731712,905510912
10,1760642803181,3228,3228,3228,3228,3228,3228,3228,3228,55.25768280029297,53.822547912597656,54.288002014160156,57.74882888793945,53.17469024658203,53.748722076416016,55.565555572509766,52.41465759277344,52.1091194152832,52.63697052001953,60.000003814697266,61.904762268066406,42.85714340209961,0,0,0,4.545454502105713,0,3.1345343589782715,17179869184,2147483648,7442382848,905510912
