Delta,Time,CPU_FREQUENCY_0,CPU_FREQUENCY_1,CPU_FREQUENCY_2,CPU_FREQUENCY_3,CPU_FREQUENCY_4,CPU_FREQUENCY_5,CPU_FREQUENCY_6,CPU_FREQUENCY_7,CPU_TEMP_0,CPU_TEMP_1,CPU_TEMP_2,CPU_TEMP_3,CPU_TEMP_4,CPU_TEMP_5,CPU_TEMP_6,CPU_TEMP_7,CPU_TEMP_8,CPU_TEMP_9,CPU_USAGE_0,CPU_USAGE_1,CPU_USAGE_2,CPU_USAGE_3,CPU_USAGE_4,CPU_USAGE_5,CPU_USAGE_6,CPU_USAGE_7,SYSTEM_POWER (Watts),TOTAL_MEMORY,TOTAL_SWAP,USED_MEMORY,USED_SWAP
0,1760639846529,3228,3228,3228,3228,3228,3228,3228,3228,60.0150146484375,59.026798248291016,57.782066345214844,59.47336196899414,58.66779327392578,57.89781188964844,59.45987319946289,56.548797607421875,56.99717330932617,57.30449676513672,NaN,NaN,NaN,100,0,0,0,0,4.712123870849609,17179869184,2147483648,7516176384,905510912
209,1760639846529,3228,3228,3228,3228,3228,3228,3228,3228,60.0150146484375,59.026798248291016,57.782066345214844,59.47336196899414,58.66779327392578,57.89781188964844,59.45987319946289,56.548797607421875,56.99717330932617,57.30449676513672,NaN,50,NaN,NaN,NaN,100,0,NaN,4.712123870849609,17179869184,2147483648,7516487680,905510912
201,1760639846739,3228,3228,3228,3228,3228,3228,3228,3228,60.0150146484375,59.026798248291016,57.782066345214844,59.47336196899414,58.66779327392578,57.89781188964844,59.45987319946289,56.548797607421875,56.99717330932617,57.30449676513672,61.904762268066406,61.904762268066406,60.869564056396484,31.81818199157715,95.23809814453125,19.047618865966797,0,4.545454502105713,6.449957847595215,17179869184,2147483648,7582728192,905510912
10,1760639846941,3228,3228,3228,3228,3228,3228,3228,3228,60.0150146484375,59.026798248291016,57.782066345214844,59.47336196899414,58.66779327392578,57.89781188964844,59.45987319946289,56.548797607421875,56.99717330932617,57.30449676513672,50,47.36842346191406,73.68421173095703,35,30.000001907348633,5,5,5,6.449957847595215,17179869184,2147483648,7510343680,905510912
