Delta,Time,CPU_FREQUENCY_0,CPU_FREQUENCY_1,CPU_FREQUENCY_2,CPU_FREQUENCY_3,CPU_FREQUENCY_4,CPU_FREQUENCY_5,CPU_FREQUENCY_6,CPU_FREQUENCY_7,CPU_TEMP_0,CPU_TEMP_1,CPU_TEMP_2,CPU_TEMP_3,CPU_TEMP_4,CPU_TEMP_5,CPU_TEMP_6,CPU_TEMP_7,CPU_TEMP_8,CPU_TEMP_9,CPU_USAGE_0,CPU_USAGE_1,CPU_USAGE_2,CPU_USAGE_3,CPU_USAGE_4,CPU_USAGE_5,CPU_USAGE_6,CPU_USAGE_7,SYSTEM_POWER (Watts),TOTAL_MEMORY,TOTAL_SWAP,USED_MEMORY,USED_SWAP
0,1760630370993,3228,3228,3228,3228,3228,3228,3228,3228,53.65335464477539,53.08885192871094,52.429603576660156,53.94689178466797,53.38731384277344,52.45116424560547,54.242774963378906,51.13996505737305,51.56906509399414,51.90875244140625,NaN,NaN,NaN,0,NaN,0,0,0,3.0331060886383057,17179869184,2147483648,7130447872,939065344
206,1760630370994,3228,3228,3228,3228,3228,3228,3228,3228,53.65335464477539,53.08885192871094,52.429603576660156,53.94689178466797,53.38731384277344,52.45116424560547,54.242774963378906,51.13996505737305,51.56906509399414,51.90875244140625,NaN,NaN,0,100,0,0,NaN,NaN,3.0331060886383057,17179869184,2147483648,7130382336,939065344
205,1760630371201,3228,3228,3228,3228,3228,3228,3228,3228,53.65335464477539,53.08885192871094,52.429603576660156,53.94689178466797,53.38731384277344,52.45116424560547,54.242774963378906,51.13996505737305,51.56906509399414,51.90875244140625,65,42.85714340209961,25,35,30.000001907348633,5,0,0,3.0331060886383057,17179869184,2147483648,7194329088,939065344
9,1760630371407,3228,3228,3228,3228,3228,3228,3228,3228,53.65335464477539,53.08885192871094,52.429603576660156,53.94689178466797,53.38731384277344,52.45116424560547,54.242774963378906,51.13996505737305,51.56906509399414,51.90875244140625,45.45454788208008,42.85714340209961,66.66667175292969,28.571430206298828,38.095237731933594,4.761904716491699,5,9.090909004211426,3.0331060886383057,17179869184,2147483648,7111327744,939065344
