Delta,Time,CPU_FREQUENCY_0,CPU_FREQUENCY_1,CPU_FREQUENCY_2,CPU_FREQUENCY_3,CPU_FREQUENCY_4,CPU_FREQUENCY_5,CPU_FREQUENCY_6,CPU_FREQUENCY_7,CPU_TEMP_0,CPU_TEMP_1,CPU_TEMP_2,CPU_TEMP_3,CPU_TEMP_4,CPU_TEMP_5,CPU_TEMP_6,CPU_TEMP_7,CPU_TEMP_8,CPU_TEMP_9,CPU_USAGE_0,CPU_USAGE_1,CPU_USAGE_2,CPU_USAGE_3,CPU_USAGE_4,CPU_USAGE_5,CPU_USAGE_6,CPU_USAGE_7,SYSTEM_POWER (Watts),TOTAL_MEMORY,TOTAL_SWAP,USED_MEMORY,USED_SWAP
0,1760624978657,3228,3228,3228,3228,3228,3228,3228,3228,55.845672607421875,55.834590911865234,54.88800048828125,55.945518493652344,55.191673278808594,55.08736038208008,56.092376708984375,53.058876037597656,53.789608001708984,54.191017150878906,100,100,0,0,0,0,0,0,3.034374952316284,17179869184,2147483648,7166296064,947453952
209,1760624978657,3228,3228,3228,3228,3228,3228,3228,3228,55.845672607421875,55.834590911865234,54.88800048828125,55.945518493652344,55.191673278808594,55.08736038208008,56.092376708984375,53.058876037597656,53.789608001708984,54.191017150878906,100,100,50,100,0,0,0,0,3.034374952316284,17179869184,2147483648,7165280256,947453952
201,1760624978867,3228,3228,3228,3228,3228,3228,3228,3228,55.845672607421875,55.834590911865234,54.88800048828125,55.945518493652344,55.191673278808594,55.08736038208008,56.092376708984375,53.058876037597656,53.789608001708984,54.191017150878906,52.38095474243164,57.142860412597656,47.619049072265625,30.000001907348633,30.000001907348633,9.523809432983398,4.761904716491699,0,3.034374952316284,17179869184,2147483648,7224459264,947453952
209,1760624979069,3228,3228,3228,3228,3228,3228,3228,3228,55.845672607421875,55.834590911865234,54.88800048828125,55.945518493652344,55.191673278808594,55.08736038208008,56.092376708984375,53.058876037597656,53.789608001708984,54.191017150878906,50,55,95,19.047618865966797,4.761904716491699,10,0,0,3.034374952316284,17179869184,2147483648,7224459264,947453952
9,1760624979279,3228,3228,3228,3228,3228,3228,3228,3228,57.22505569458008,56.49320983886719,56.77173614501953,60.27914047241211,57.077110290527344,56.88373565673828,56.895755767822266,54.479766845703125,54.162105560302734,54.8731689453125,38.095237731933594,85,42.85714340209961,15.000000953674316,4.761904716491699,9.523809432983398,0,0,3.034374952316284,17179869184,2147483648,7158464512,947453952
