Delta,Time,CPU_FREQUENCY_0,CPU_FREQUENCY_1,CPU_FREQUENCY_2,CPU_FREQUENCY_3,CPU_FREQUENCY_4,CPU_FREQUENCY_5,CPU_FREQUENCY_6,CPU_FREQUENCY_7,CPU_TEMP_0,CPU_TEMP_1,CPU_TEMP_2,CPU_TEMP_3,CPU_TEMP_4,CPU_TEMP_5,CPU_TEMP_6,CPU_TEMP_7,CPU_TEMP_8,CPU_TEMP_9,CPU_USAGE_0,CPU_USAGE_1,CPU_USAGE_2,CPU_USAGE_3,CPU_USAGE_4,CPU_USAGE_5,CPU_USAGE_6,CPU_USAGE_7,SYSTEM_POWER (Watts),TOTAL_MEMORY,TOTAL_SWAP,USED_MEMORY,USED_SWAP
0,1760635788637,3228,3228,3228,3228,3228,3228,3228,3228,58.093772888183594,55.47321319580078,55.95514678955078,58.63084411621094,59.374961853027344,58.1501579284668,56.56352233886719,54.8088264465332,54.679141998291016,55.36531066894531,0,0,0,100,0,NaN,0,0,3.792942523956299,17179869184,2147483648,7929511936,913899520
209,1760635788637,3228,3228,3228,3228,3228,3228,3228,3228,58.093772888183594,55.47321319580078,55.95514678955078,58.63084411621094,59.374961853027344,58.1501579284668,56.56352233886719,54.8088264465332,54.679141998291016,55.36531066894531,0,0,100,0,0,100,0,0,3.792942523956299,17179869184,2147483648,7928217600,913899520
209,1760635788847,3228,3228,3228,3228,3228,3228,3228,3228,58.093772888183594,55.47321319580078,55.95514678955078,58.63084411621094,59.374961853027344,58.1501579284668,56.56352233886719,54.8088264465332,54.679141998291016,55.36531066894531,28.571430206298828,33.333335876464844,71.42857360839844,33.333335876464844,61.904762268066406,4.761904716491699,9.523809432983398,0,3.792942523956299,17179869184,2147483648,7988035584,913899520
9,1760635789058,3228,3228,3228,3228,3228,3228,3228,3228,58.093772888183594,55.47321319580078,55.95514678955078,58.63084411621094,59.374961853027344,58.1501579284668,56.56352233886719,54.8088264465332,54.679141998291016,55.36531066894531,42.85714340209961,47.619049072265625,57.142860412597656,19.047618865966797,54.54545593261719,9.523809432983398,4.761904716491699,4.761904716491699,3.792942523956299,17179869184,2147483648,7926759424,913899520
