Delta,Time,CPU_FREQUENCY_0,CPU_FREQUENCY_1,CPU_FREQUENCY_2,CPU_FREQUENCY_3,CPU_FREQUENCY_4,CPU_FREQUENCY_5,CPU_FREQUENCY_6,CPU_FREQUENCY_7,CPU_TEMP_0,CPU_TEMP_1,CPU_TEMP_2,CPU_TEMP_3,CPU_TEMP_4,CPU_TEMP_5,CPU_TEMP_6,CPU_TEMP_7,CPU_TEMP_8,CPU_TEMP_9,CPU_USAGE_0,CPU_USAGE_1,CPU_USAGE_2,CPU_USAGE_3,CPU_USAGE_4,CPU_USAGE_5,CPU_USAGE_6,CPU_USAGE_7,SYSTEM_POWER (Watts),TOTAL_MEMORY,TOTAL_SWAP,USED_MEMORY,USED_SWAP
0,1760624024790,3228,3228,3228,3228,3228,3228,3228,3228,53.09145736694336,53.156368255615234,52.061302185058594,53.14804458618164,52.797508239746094,51.92163848876953,53.26710891723633,49.920230865478516,50.431453704833984,51.725791931152344,NaN,100,0,0,0,0,0,0,2.9943156242370605,17179869184,2147483648,7780483072,947453952
209,1760624024790,3228,3228,3228,3228,3228,3228,3228,3228,53.09145736694336,53.156368255615234,52.061302185058594,53.14804458618164,52.797508239746094,51.92163848876953,53.26710891723633,49.920230865478516,50.431453704833984,51.725791931152344,50,0,100,0,0,0,0,0,2.9943156242370605,17179869184,2147483648,7779237888,947453952
209,1760624025000,3228,3228,3228,3228,3228,3228,3228,3228,53.09145736694336,53.156368255615234,52.061302185058594,53.14804458618164,52.797508239746094,51.92163848876953,53.26710891723633,49.920230865478516,50.431453704833984,51.725791931152344,45,55,100,0,4.761904716491699,0,0,0,2.9943156242370605,17179869184,2147483648,7840612352,947453952
9,1760624025210,3228,3228,3228,3228,3228,3228,3228,3228,54.111663818359375,53.475215911865234,53.75679016113281,56.7304801940918,53.34880065917969,52.67822265625,54.06193161010742,50.7850341796875,50.793819427490234,52.30718994140625,72.7272720336914,71.42857360839844,55,0,0,0,0,0,2.9943156242370605,17179869184,2147483648,7754924032,947453952
