Delta,Time,CPU_FREQUENCY_0,CPU_FREQUENCY_1,CPU_FREQUENCY_2,CPU_FREQUENCY_3,CPU_FREQUENCY_4,CPU_FREQUENCY_5,CPU_FREQUENCY_6,CPU_FREQUENCY_7,CPU_TEMP_0,CPU_TEMP_1,CPU_TEMP_2,CPU_TEMP_3,CPU_TEMP_4,CPU_TEMP_5,CPU_TEMP_6,CPU_TEMP_7,CPU_TEMP_8,CPU_TEMP_9,CPU_USAGE_0,CPU_USAGE_1,CPU_USAGE_2,CPU_USAGE_3,CPU_USAGE_4,CPU_USAGE_5,CPU_USAGE_6,CPU_USAGE_7,SYSTEM_POWER (Watts),TOTAL_MEMORY,TOTAL_SWAP,USED_MEMORY,USED_SWAP
0,1760633893803,3228,3228,3228,3228,3228,3228,3228,3228,56.39055252075195,56.55849075317383,55.973167419433594,57.068153381347656,56.62688446044922,55.81660461425781,57.05727767944336,54.19843673706055,54.53514099121094,55.24915313720703,0,0,100,0,0,0,0,0,5.1046624183654785,17179869184,2147483648,8494235648,922288128
209,1760633893804,3228,3228,3228,3228,3228,3228,3228,3228,56.39055252075195,56.55849075317383,55.973167419433594,57.068153381347656,56.62688446044922,55.81660461425781,57.05727767944336,54.19843673706055,54.53514099121094,55.24915313720703,0,0,100,0,50,0,0,0,5.1046624183654785,17179869184,2147483648,8494235648,922288128
7,1760633894014,3228,3228,3228,3228,3228,3228,3228,3228,56.39055252075195,56.55849075317383,55.973167419433594,57.068153381347656,56.62688446044922,55.81660461425781,57.05727767944336,54.19843673706055,54.53514099121094,55.24915313720703,71.42857360839844,47.619049072265625,45.45454788208008,63.6363639831543,4.761904716491699,0,0,0,5.1046624183654785,17179869184,2147483648,8494235648,922288128
