Delta,Time,CPU_FREQUENCY_0,CPU_FREQUENCY_1,CPU_FREQUENCY_2,CPU_FREQUENCY_3,CPU_FREQUENCY_4,CPU_FREQUENCY_5,CPU_FREQUENCY_6,CPU_FREQUENCY_7,CPU_TEMP_0,CPU_TEMP_1,CPU_TEMP_2,CPU_TEMP_3,CPU_TEMP_4,CPU_TEMP_5,CPU_TEMP_6,CPU_TEMP_7,CPU_TEMP_8,CPU_TEMP_9,CPU_USAGE_0,CPU_USAGE_1,CPU_USAGE_2,CPU_USAGE_3,CPU_USAGE_4,CPU_USAGE_5,CPU_USAGE_6,CPU_USAGE_7,SYSTEM_POWER (Watts),TOTAL_MEMORY,TOTAL_SWAP,USED_MEMORY,USED_SWAP
0,1760633412339,3228,3228,3228,3228,3228,3228,3228,3228,56.9066162109375,56.26345443725586,55.40208435058594,57.018699645996094,56.59342956542969,55.847557067871094,57.313968658447266,54.399330139160156,55.296382904052734,54.938743591308594,100,0,50,0,0,0,0,0,6.480438709259033,17179869184,2147483648,7399538688,922288128
209,1760633412339,3228,3228,3228,3228,3228,3228,3228,3228,56.9066162109375,56.26345443725586,55.40208435058594,57.018699645996094,56.59342956542969,55.847557067871094,57.313968658447266,54.399330139160156,55.296382904052734,54.938743591308594,100,0,NaN,0,NaN,0,0,0,6.480438709259033,17179869184,2147483648,7400177664,922288128
200,1760633412549,3228,3228,3228,3228,3228,3228,3228,3228,56.9066162109375,56.26345443725586,55.40208435058594,57.018699645996094,56.59342956542969,55.847557067871094,57.313968658447266,54.399330139160156,55.296382904052734,54.938743591308594,61.904762268066406,40,71.42857360839844,30.000001907348633,0,0,0,0,6.480438709259033,17179869184,2147483648,7471562752,922288128
206,1760633412749,3228,3228,3228,3228,3228,3228,3228,3228,56.9066162109375,56.26345443725586,55.40208435058594,57.018699645996094,56.59342956542969,55.847557067871094,57.313968658447266,54.399330139160156,55.296382904052734,54.938743591308594,55,75,20,40,40,5.263157844543457,0,0,3.6265766620635986,17179869184,2147483648,7471562752,922288128
9,1760633412956,3228,3228,3228,3228,3228,3228,3228,3228,56.9066162109375,56.26345443725586,55.40208435058594,57.018699645996094,56.59342956542969,55.847557067871094,57.313968658447266,54.399330139160156,55.296382904052734,54.938743591308594,55,55,9.523809432983398,50,0,4.761904716491699,0,0,3.6265766620635986,17179869184,2147483648,7437860864,922288128
