Delta,Time,CPU_FREQUENCY_0,CPU_FREQUENCY_1,CPU_FREQUENCY_2,CPU_FREQUENCY_3,CPU_FREQUENCY_4,CPU_FREQUENCY_5,CPU_FREQUENCY_6,CPU_FREQUENCY_7,CPU_TEMP_0,CPU_TEMP_1,CPU_TEMP_2,CPU_TEMP_3,CPU_TEMP_4,CPU_TEMP_5,CPU_TEMP_6,CPU_TEMP_7,CPU_TEMP_8,CPU_TEMP_9,CPU_USAGE_0,CPU_USAGE_1,CPU_USAGE_2,CPU_USAGE_3,CPU_USAGE_4,CPU_USAGE_5,CPU_USAGE_6,CPU_USAGE_7,SYSTEM_POWER (Watts),TOTAL_MEMORY,TOTAL_SWAP,USED_MEMORY,USED_SWAP
0,1760634043052,3228,3228,3228,3228,3228,3228,3228,3228,53.65296936035156,53.266197204589844,52.488983154296875,54.07867431640625,53.756202697753906,52.53293991088867,54.24789047241211,51.09578323364258,51.365657806396484,52.31786346435547,100,50,0,0,0,0,0,0,3.3590755462646484,17179869184,2147483648,8515452928,922288128
209,1760634043053,3228,3228,3228,3228,3228,3228,3228,3228,53.65296936035156,53.266197204589844,52.488983154296875,54.07867431640625,53.756202697753906,52.53293991088867,54.24789047241211,51.09578323364258,51.365657806396484,52.31786346435547,0,NaN,100,50,0,0,0,0,3.3590755462646484,17179869184,2147483648,8515338240,922288128
207,1760634043263,3228,3228,3228,3228,3228,3228,3228,3228,54.01466751098633,53.46615219116211,52.91999816894531,54.55058670043945,53.85791015625,52.68965530395508,54.4408073425293,51.21603012084961,51.396175384521484,52.509727478027344,52.38095474243164,59.09090805053711,80.95238494873047,4.545454502105713,19.047618865966797,0,0,0,3.3590755462646484,17179869184,2147483648,8577728512,922288128
9,1760634043471,3228,3228,3228,3228,3228,3228,3228,3228,54.01466751098633,53.46615219116211,52.91999816894531,54.55058670043945,53.85791015625,52.68965530395508,54.4408073425293,51.21603012084961,51.396175384521484,52.509727478027344,71.42857360839844,65,4.761904716491699,50,0,0,0,0,3.3590755462646484,17179869184,2147483648,8507998208,922288128
