Delta,Time,CPU_FREQUENCY_0,CPU_FREQUENCY_1,CPU_FREQUENCY_2,CPU_FREQUENCY_3,CPU_FREQUENCY_4,CPU_FREQUENCY_5,CPU_FREQUENCY_6,CPU_FREQUENCY_7,CPU_TEMP_0,CPU_TEMP_1,CPU_TEMP_2,CPU_TEMP_3,CPU_TEMP_4,CPU_TEMP_5,CPU_TEMP_6,CPU_TEMP_7,CPU_TEMP_8,CPU_TEMP_9,CPU_USAGE_0,CPU_USAGE_1,CPU_USAGE_2,CPU_USAGE_3,CPU_USAGE_4,CPU_USAGE_5,CPU_USAGE_6,CPU_USAGE_7,SYSTEM_POWER (Watts),TOTAL_MEMORY,TOTAL_SWAP,USED_MEMORY,USED_SWAP
0,1760647995925,3228,3228,3228,3228,3228,3228,3228,3228,54.365840911865234,54.199703216552734,52.758018493652344,54.52128982543945,53.83373260498047,52.97893142700195,54.513675689697266,51.75818634033203,52.3767204284668,52.73710632324219,100,100,0,0,0,0,0,0,3.5288331508636475,17179869184,2147483648,7374766080,905510912
209,1760647995925,3228,3228,3228,3228,3228,3228,3228,3228,54.365840911865234,54.199703216552734,52.758018493652344,54.52128982543945,53.83373260498047,52.97893142700195,54.513675689697266,51.75818634033203,52.3767204284668,52.73710632324219,0,100,50,100,0,0,0,0,3.5288331508636475,17179869184,2147483648,7373111296,905510912
201,1760647996135,3228,3228,3228,3228,3228,3228,3228,3228,55.271610260009766,54.87961959838867,53.76164245605469,56.99281311035156,54.692230224609375,54.186031341552734,55.769317626953125,53.18112564086914,53.02800750732422,53.38545227050781,57.142860412597656,75,95,0,5,0,0,0,3.5288331508636475,17179869184,2147483648,7373111296,905510912
10,1760647996337,3228,3228,3228,3228,3228,3228,3228,3228,55.271610260009766,54.87961959838867,53.76164245605469,56.99281311035156,54.692230224609375,54.186031341552734,55.769317626953125,53.18112564086914,53.02800750732422,53.38545227050781,45,61.904762268066406,4.761904716491699,4.761904716491699,5,4.761904716491699,0,0,3.5288331508636475,17179869184,2147483648,7373111296,905510912
