Delta,Time,CPU_FREQUENCY_0,CPU_FREQUENCY_1,CPU_FREQUENCY_2,CPU_FREQUENCY_3,CPU_FREQUENCY_4,CPU_FREQUENCY_5,CPU_FREQUENCY_6,CPU_FREQUENCY_7,CPU_TEMP_0,CPU_TEMP_1,CPU_TEMP_2,CPU_TEMP_3,CPU_TEMP_4,CPU_TEMP_5,CPU_TEMP_6,CPU_TEMP_7,CPU_TEMP_8,CPU_TEMP_9,CPU_USAGE_0,CPU_USAGE_1,CPU_USAGE_2,CPU_USAGE_3,CPU_USAGE_4,CPU_USAGE_5,CPU_USAGE_6,CPU_USAGE_7,SYSTEM_POWER (Watts),TOTAL_MEMORY,TOTAL_SWAP,USED_MEMORY,USED_SWAP
0,1760634914948,3228,3228,3228,3228,3228,3228,3228,3228,52.131710052490234,50.56576156616211,50.29084014892578,51.69509506225586,51.83039093017578,50.16299819946289,51.38166809082031,48.42171859741211,49.932456970214844,49.985862731933594,NaN,50,0,0,0,0,0,0,3.122483253479004,17179869184,2147483648,8983953408,922288128
209,1760634914949,3228,3228,3228,3228,3228,3228,3228,3228,52.131710052490234,50.56576156616211,50.29084014892578,51.69509506225586,51.83039093017578,50.16299819946289,51.38166809082031,48.42171859741211,49.932456970214844,49.985862731933594,100,0,NaN,NaN,0,0,0,0,3.122483253479004,17179869184,2147483648,8985493504,922288128
209,1760634915159,3228,3228,3228,3228,3228,3228,3228,3228,53.159122467041016,51.003692626953125,51.12437438964844,53.483821868896484,52.984474182128906,51.627349853515625,52.51441955566406,49.34737777709961,50.4572868347168,50.671905517578125,61.904762268066406,50,47.619049072265625,68.18181610107422,15.000000953674316,14.285715103149414,14.285715103149414,14.285715103149414,3.122483253479004,17179869184,2147483648,8985493504,922288128
9,1760634915369,3228,3228,3228,3228,3228,3228,3228,3228,53.159122467041016,51.003692626953125,51.12437438964844,53.483821868896484,52.984474182128906,51.627349853515625,52.51441955566406,49.34737777709961,50.4572868347168,50.671905517578125,80.95238494873047,61.904762268066406,27.272727966308594,20,0,4.761904716491699,0,0,3.122483253479004,17179869184,2147483648,8985493504,922288128
