Delta,Time,CPU_FREQUENCY_0,CPU_FREQUENCY_1,CPU_FREQUENCY_2,CPU_FREQUENCY_3,CPU_FREQUENCY_4,CPU_FREQUENCY_5,CPU_FREQUENCY_6,CPU_FREQUENCY_7,CPU_TEMP_0,CPU_TEMP_1,CPU_TEMP_2,CPU_TEMP_3,CPU_TEMP_4,CPU_TEMP_5,CPU_TEMP_6,CPU_TEMP_7,CPU_TEMP_8,CPU_TEMP_9,CPU_USAGE_0,CPU_USAGE_1,CPU_USAGE_2,CPU_USAGE_3,CPU_USAGE_4,CPU_USAGE_5,CPU_USAGE_6,CPU_USAGE_7,SYSTEM_POWER (Watts),TOTAL_MEMORY,TOTAL_SWAP,USED_MEMORY,USED_SWAP
0,1760632523861,3228,3228,3228,3228,3228,3228,3228,3228,57.19478988647461,56.443199157714844,55.65190887451172,57.467430114746094,56.89862060546875,55.76396179199219,56.94343948364258,54.409481048583984,55.05016326904297,55.16865539550781,100,100,50,100,0,0,0,0,4.036572456359863,17179869184,2147483648,7807074304,922288128
209,1760632523861,3228,3228,3228,3228,3228,3228,3228,3228,57.19478988647461,56.443199157714844,55.65190887451172,57.467430114746094,56.89862060546875,55.76396179199219,56.94343948364258,54.409481048583984,55.05016326904297,55.16865539550781,100,100,0,100,0,0,0,0,4.036572456359863,17179869184,2147483648,7807074304,922288128
199,1760632524071,3228,3228,3228,3228,3228,3228,3228,3228,57.19478988647461,56.443199157714844,55.65190887451172,57.467430114746094,56.89862060546875,55.76396179199219,56.94343948364258,54.409481048583984,55.05016326904297,55.16865539550781,35,30.000001907348633,71.42857360839844,27.272727966308594,100,18.18181800842285,9.523809432983398,5,4.036572456359863,17179869184,2147483648,7807074304,922288128
10,1760632524271,3228,3228,3228,3228,3228,3228,3228,3228,58.80902099609375,57.21896743774414,56.96272277832031,59.841041564941406,59.508575439453125,59.68565368652344,57.888328552246094,55.614498138427734,56.00959396362305,56.452537536621094,40,35,60.000003814697266,10,47.36842346191406,10,0,0,4.036572456359863,17179869184,2147483648,7807074304,922288128
