Delta,Time,CPU_FREQUENCY_0,CPU_FREQUENCY_1,CPU_FREQUENCY_2,CPU_FREQUENCY_3,CPU_FREQUENCY_4,CPU_FREQUENCY_5,CPU_FREQUENCY_6,CPU_FREQUENCY_7,CPU_TEMP_0,CPU_TEMP_1,CPU_TEMP_2,CPU_TEMP_3,CPU_TEMP_4,CPU_TEMP_5,CPU_TEMP_6,CPU_TEMP_7,CPU_TEMP_8,CPU_TEMP_9,CPU_USAGE_0,CPU_USAGE_1,CPU_USAGE_2,CPU_USAGE_3,CPU_USAGE_4,CPU_USAGE_5,CPU_USAGE_6,CPU_USAGE_7,SYSTEM_POWER (Watts),TOTAL_MEMORY,TOTAL_SWAP,USED_MEMORY,USED_SWAP
0,1760649992650,3228,3228,3228,3228,3228,3228,3228,3228,52.54376983642578,51.93960189819336,50.47960662841797,51.78778076171875,51.38957977294922,50.584590911865234,52.701454162597656,49.45320510864258,49.735931396484375,50.54768371582031,100,100,100,100,100,100,100,100,3.204772710800171,17179869184,2147483648,7628914688,905510912
206,1760649992650,3228,3228,3228,3228,3228,3228,3228,3228,52.54376983642578,51.93960189819336,50.47960662841797,51.78778076171875,51.38957977294922,50.584590911865234,52.701454162597656,49.45320510864258,49.735931396484375,50.54768371582031,100,0,100,100,100,0,100,50,3.204772710800171,17179869184,2147483648,7628914688,905510912
209,1760649992856,3228,3228,3228,3228,3228,3228,3228,3228,52.54376983642578,51.93960189819336,50.47960662841797,51.78778076171875,51.38957977294922,50.584590911865234,52.701454162597656,49.45320510864258,49.735931396484375,50.54768371582031,50,61.904762268066406,0,80,22.72727394104004,0,0,0,3.204772710800171,17179869184,2147483648,7628914688,905510912
8,1760649993066,3228,3228,3228,3228,3228,3228,3228,3228,54.66270446777344,52.63084411621094,52.200782775878906,54.06804656982422,54.931373596191406,53.82395553588867,53.90721130371094,50.71451950073242,50.532413482666016,51.739112854003906,50,55,54.54545593261719,0,0,0,0,0,3.204772710800171,17179869184,2147483648,7628914688,905510912
