Delta,Time,CPU_FREQUENCY_0,CPU_FREQUENCY_1,CPU_FREQUENCY_2,CPU_FREQUENCY_3,CPU_FREQUENCY_4,CPU_FREQUENCY_5,CPU_FREQUENCY_6,CPU_FREQUENCY_7,CPU_TEMP_0,CPU_TEMP_1,CPU_TEMP_2,CPU_TEMP_3,CPU_TEMP_4,CPU_TEMP_5,CPU_TEMP_6,CPU_TEMP_7,CPU_TEMP_8,CPU_TEMP_9,CPU_USAGE_0,CPU_USAGE_1,CPU_USAGE_2,CPU_USAGE_3,CPU_USAGE_4,CPU_USAGE_5,CPU_USAGE_6,CPU_USAGE_7,SYSTEM_POWER (Watts),TOTAL_MEMORY,TOTAL_SWAP,USED_MEMORY,USED_SWAP
0,1760643508154,3228,3228,3228,3228,3228,3228,3228,3228,52.64222717285156,51.300724029541016,50.93489074707031,52.36343002319336,51.346595764160156,51.068687438964844,53.3756103515625,49.70413589477539,49.72206115722656,50.001075744628906,100,100,50,NaN,0,0,0,0,3.2043468952178955,17179869184,2147483648,7265763328,905510912
209,1760643508154,3228,3228,3228,3228,3228,3228,3228,3228,52.64222717285156,51.300724029541016,50.93489074707031,52.36343002319336,51.346595764160156,51.068687438964844,53.3756103515625,49.70413589477539,49.72206115722656,50.001075744628906,50,NaN,100,0,0,100,0,0,3.2043468952178955,17179869184,2147483648,7265763328,905510912
209,1760643508364,3228,3228,3228,3228,3228,3228,3228,3228,52.64222717285156,51.300724029541016,50.93489074707031,52.36343002319336,51.346595764160156,51.068687438964844,53.3756103515625,49.70413589477539,49.72206115722656,50.001075744628906,70,72.7272720336914,80,15.000000953674316,0,0,0,0,3.2043468952178955,17179869184,2147483648,7265763328,905510912
9,1760643508574,3228,3228,3228,3228,3228,3228,3228,3228,52.64222717285156,51.300724029541016,50.93489074707031,52.36343002319336,51.346595764160156,51.068687438964844,53.3756103515625,49.70413589477539,49.72206115722656,50.001075744628906,47.619049072265625,57.142860412597656,9.523809432983398,4.545454502105713,0,0,0,0,3.7379777431488037,17179869184,2147483648,7265763328,905510912
