Delta,Time,CPU_FREQUENCY_0,CPU_FREQUENCY_1,CPU_FREQUENCY_2,CPU_FREQUENCY_3,CPU_FREQUENCY_4,CPU_FREQUENCY_5,CPU_FREQUENCY_6,CPU_FREQUENCY_7,CPU_TEMP_0,CPU_TEMP_1,CPU_TEMP_2,CPU_TEMP_3,CPU_TEMP_4,CPU_TEMP_5,CPU_TEMP_6,CPU_TEMP_7,CPU_TEMP_8,CPU_TEMP_9,CPU_USAGE_0,CPU_USAGE_1,CPU_USAGE_2,CPU_USAGE_3,CPU_USAGE_4,CPU_USAGE_5,CPU_USAGE_6,CPU_USAGE_7,SYSTEM_POWER (Watts),TOTAL_MEMORY,TOTAL_SWAP,USED_MEMORY,USED_SWAP
0,1760627869323,3228,3228,3228,3228,3228,3228,3228,3228,54.50669479370117,54.48267364501953,54.00346374511719,55.07033157348633,54.56493377685547,54.154605865478516,55.0807991027832,51.99193572998047,52.61334228515625,53.26513671875,100,50,0,0,0,0,0,0,3.0581438541412354,17179869184,2147483648,7418527744,939065344
209,1760627869323,3228,3228,3228,3228,3228,3228,3228,3228,54.50669479370117,54.48267364501953,54.00346374511719,55.07033157348633,54.56493377685547,54.154605865478516,55.0807991027832,51.99193572998047,52.61334228515625,53.26513671875,0,100,100,0,0,0,0,0,3.0581438541412354,17179869184,2147483648,7418527744,939065344
209,1760627869533,3228,3228,3228,3228,3228,3228,3228,3228,54.50669479370117,54.48267364501953,54.00346374511719,55.07033157348633,54.56493377685547,54.154605865478516,55.0807991027832,51.99193572998047,52.61334228515625,53.26513671875,85.71428680419922,90.47618865966797,90.47618865966797,13.636363983154297,0,0,0,0,3.0610594749450684,17179869184,2147483648,7477788672,939065344
9,1760627869743,3228,3228,3228,3228,3228,3228,3228,3228,54.50669479370117,54.48267364501953,54.00346374511719,55.07033157348633,54.56493377685547,54.154605865478516,55.0807991027832,51.99193572998047,52.61334228515625,53.26513671875,50,55,40,0,0,5,0,0,3.0610594749450684,17179869184,2147483648,7382482944,939065344
