Delta,Time,CPU_FREQUENCY_0,CPU_FREQUENCY_1,CPU_FREQUENCY_2,CPU_FREQUENCY_3,CPU_FREQUENCY_4,CPU_FREQUENCY_5,CPU_FREQUENCY_6,CPU_FREQUENCY_7,CPU_TEMP_0,CPU_TEMP_1,CPU_TEMP_2,CPU_TEMP_3,CPU_TEMP_4,CPU_TEMP_5,CPU_TEMP_6,CPU_TEMP_7,CPU_TEMP_8,CPU_TEMP_9,CPU_USAGE_0,CPU_USAGE_1,CPU_USAGE_2,CPU_USAGE_3,CPU_USAGE_4,CPU_USAGE_5,CPU_USAGE_6,CPU_USAGE_7,SYSTEM_POWER (Watts),TOTAL_MEMORY,TOTAL_SWAP,USED_MEMORY,USED_SWAP
0,1760655829012,3228,3228,3228,3228,3228,3228,3228,3228,56.27656173706055,55.927635192871094,55.372528076171875,56.6700325012207,55.54143524169922,55.36409378051758,57.013938903808594,53.31295394897461,54.81795120239258,54.15843200683594,0,0,100,100,0,0,0,0,3.939305305480957,17179869184,2147483648,7169982464,897122304
202,1760655829012,3228,3228,3228,3228,3228,3228,3228,3228,56.27656173706055,55.927635192871094,55.372528076171875,56.6700325012207,55.54143524169922,55.36409378051758,57.013938903808594,53.31295394897461,54.81795120239258,54.15843200683594,NaN,0,NaN,NaN,0,0,0,0,3.939305305480957,17179869184,2147483648,7172669440,897122304
208,1760655829214,3228,3228,3228,3228,3228,3228,3228,3228,57.528358459472656,56.59946060180664,56.36316680908203,58.733909606933594,57.36076354980469,57.1888313293457,58.11043930053711,54.68403244018555,55.68824768066406,55.15111541748047,45,31.57894515991211,90.90909576416016,57.142860412597656,18.18181800842285,10,0,0,3.939305305480957,17179869184,2147483648,7232684032,897122304
10,1760655829423,3228,3228,3228,3228,3228,3228,3228,3228,57.528358459472656,56.59946060180664,56.36316680908203,58.733909606933594,57.36076354980469,57.1888313293457,58.11043930053711,54.68403244018555,55.68824768066406,55.15111541748047,36.3636360168457,36.3636360168457,89.47368621826172,28.571430206298828,5,9.523809432983398,4.761904716491699,4.761904716491699,3.939305305480957,17179869184,2147483648,7145766912,897122304
