Delta,Time,CPU_FREQUENCY_0,CPU_FREQUENCY_1,CPU_FREQUENCY_2,CPU_FREQUENCY_3,CPU_FREQUENCY_4,CPU_FREQUENCY_5,CPU_FREQUENCY_6,CPU_FREQUENCY_7,CPU_TEMP_0,CPU_TEMP_1,CPU_TEMP_2,CPU_TEMP_3,CPU_TEMP_4,CPU_TEMP_5,CPU_TEMP_6,CPU_TEMP_7,CPU_TEMP_8,CPU_TEMP_9,CPU_USAGE_0,CPU_USAGE_1,CPU_USAGE_2,CPU_USAGE_3,CPU_USAGE_4,CPU_USAGE_5,CPU_USAGE_6,CPU_USAGE_7,SYSTEM_POWER (Watts),TOTAL_MEMORY,TOTAL_SWAP,USED_MEMORY,USED_SWAP
0,1760631701146,3228,3228,3228,3228,3228,3228,3228,3228,59.128150939941406,58.73526382446289,57.68812561035156,59.56978988647461,59.56635284423828,58.025150299072266,59.11094284057617,56.58935546875,56.860198974609375,57.471527099609375,100,NaN,0,0,0,0,0,0,4.815367221832275,17179869184,2147483648,7764099072,922288128
209,1760631701146,3228,3228,3228,3228,3228,3228,3228,3228,59.128150939941406,58.73526382446289,57.68812561035156,59.56978988647461,59.56635284423828,58.025150299072266,59.11094284057617,56.58935546875,56.860198974609375,57.471527099609375,100,100,0,100,0,0,0,0,4.815367221832275,17179869184,2147483648,7766048768,922288128
209,1760631701356,3228,3228,3228,3228,3228,3228,3228,3228,59.128150939941406,58.73526382446289,57.68812561035156,59.56978988647461,59.56635284423828,58.025150299072266,59.11094284057617,56.58935546875,56.860198974609375,57.471527099609375,100,95.45454406738281,71.42857360839844,31.81818199157715,0,0,0,0,4.815367221832275,17179869184,2147483648,7833845760,922288128
209,1760631701566,3228,3228,3228,3228,3228,3228,3228,3228,59.128150939941406,58.73526382446289,57.68812561035156,59.56978988647461,59.56635284423828,58.025150299072266,59.11094284057617,56.58935546875,56.860198974609375,57.471527099609375,95,100,5,80.95238494873047,9.523809432983398,4.761904716491699,4.545454502105713,4.761904716491699,3.5769643783569336,17179869184,2147483648,7833845760,922288128
9,1760631701776,3228,3228,3228,3228,3228,3228,3228,3228,59.128150939941406,58.73526382446289,57.68812561035156,59.56978988647461,59.56635284423828,58.025150299072266,59.11094284057617,56.58935546875,56.860198974609375,57.471527099609375,100,100,31.81818199157715,15.000000953674316,47.619049072265625,18.18181800842285,14.285715103149414,14.285715103149414,3.5769643783569336,17179869184,2147483648,7737720832,922288128
