Delta,Time,CPU_FREQUENCY_0,CPU_FREQUENCY_1,CPU_FREQUENCY_2,CPU_FREQUENCY_3,CPU_FREQUENCY_4,CPU_FREQUENCY_5,CPU_FREQUENCY_6,CPU_FREQUENCY_7,CPU_TEMP_0,CPU_TEMP_1,CPU_TEMP_2,CPU_TEMP_3,CPU_TEMP_4,CPU_TEMP_5,CPU_TEMP_6,CPU_TEMP_7,CPU_TEMP_8,CPU_TEMP_9,CPU_USAGE_0,CPU_USAGE_1,CPU_USAGE_2,CPU_USAGE_3,CPU_USAGE_4,CPU_USAGE_5,CPU_USAGE_6,CPU_USAGE_7,SYSTEM_POWER (Watts),TOTAL_MEMORY,TOTAL_SWAP,USED_MEMORY,USED_SWAP
0,1760641130074,3228,3228,3228,3228,3228,3228,3228,3228,55.79496765136719,54.92119598388672,54.298744201660156,55.97654724121094,55.423606872558594,54.32075119018555,56.47911834716797,52.77513122558594,53.569480895996094,54.00672149658203,100,NaN,NaN,100,NaN,NaN,100,100,5.680619239807129,17179869184,2147483648,7896219648,905510912
209,1760641130074,3228,3228,3228,3228,3228,3228,3228,3228,55.79496765136719,54.92119598388672,54.298744201660156,55.97654724121094,55.423606872558594,54.32075119018555,56.47911834716797,52.77513122558594,53.569480895996094,54.00672149658203,NaN,NaN,NaN,NaN,100,50,NaN,100,5.680619239807129,17179869184,2147483648,7894401024,905510912
209,1760641130284,3228,3228,3228,3228,3228,3228,3228,3228,57.27406692504883,55.945247650146484,55.39990234375,57.972293853759766,57.76038360595703,56.76704406738281,58.166236877441406,54.68284225463867,54.814334869384766,55.26166534423828,100,100,47.619049072265625,33.333335876464844,42.85714340209961,14.285715103149414,9.523809432983398,9.523809432983398,5.680619239807129,17179869184,2147483648,7962771456,905510912
10,1760641130494,3228,3228,3228,3228,3228,3228,3228,3228,57.27406692504883,55.945247650146484,55.39990234375,57.972293853759766,57.76038360595703,56.76704406738281,58.166236877441406,54.68284225463867,54.814334869384766,55.26166534423828,100,100,45.45454788208008,9.523809432983398,9.523809432983398,13.636363983154297,18.18181800842285,14.285715103149414,5.680619239807129,17179869184,2147483648,7890583552,905510912
