Delta,Time,CPU_FREQUENCY_0,CPU_FREQUENCY_1,CPU_FREQUENCY_2,CPU_FREQUENCY_3,CPU_FREQUENCY_4,CPU_FREQUENCY_5,CPU_FREQUENCY_6,CPU_FREQUENCY_7,CPU_TEMP_0,CPU_TEMP_1,CPU_TEMP_2,CPU_TEMP_3,CPU_TEMP_4,CPU_TEMP_5,CPU_TEMP_6,CPU_TEMP_7,CPU_TEMP_8,CPU_TEMP_9,CPU_USAGE_0,CPU_USAGE_1,CPU_USAGE_2,CPU_USAGE_3,CPU_USAGE_4,CPU_USAGE_5,CPU_USAGE_6,CPU_USAGE_7,SYSTEM_POWER (Watts),TOTAL_MEMORY,TOTAL_SWAP,USED_MEMORY,USED_SWAP
0,1760648725165,3228,3228,3228,3228,3228,3228,3228,3228,54.75444412231445,53.82101058959961,53.42278289794922,55.21318817138672,53.817710876464844,53.453392028808594,55.079158782958984,52.53864288330078,52.27951431274414,52.38617706298828,100,100,100,100,100,100,100,100,4.586312294006348,17179869184,2147483648,8010186752,905510912
209,1760648725165,3228,3228,3228,3228,3228,3228,3228,3228,54.75444412231445,53.82101058959961,53.42278289794922,55.21318817138672,53.817710876464844,53.453392028808594,55.079158782958984,52.53864288330078,52.27951431274414,52.38617706298828,100,100,0,100,NaN,NaN,0,NaN,4.586312294006348,17179869184,2147483648,8012218368,905510912
209,1760648725375,3228,3228,3228,3228,3228,3228,3228,3228,54.75444412231445,53.82101058959961,53.42278289794922,55.21318817138672,53.817710876464844,53.453392028808594,55.079158782958984,52.53864288330078,52.27951431274414,52.38617706298828,33.333335876464844,33.333335876464844,76.19047546386719,33.333335876464844,71.42857360839844,27.272727966308594,9.523809432983398,9.090909004211426,4.586312294006348,17179869184,2147483648,8072085504,905510912
9,1760648725586,3228,3228,3228,3228,3228,3228,3228,3228,54.75444412231445,53.82101058959961,53.42278289794922,55.21318817138672,53.817710876464844,53.453392028808594,55.079158782958984,52.53864288330078,52.27951431274414,52.38617706298828,38.095237731933594,25,80.95238494873047,33.333335876464844,4.545454502105713,0,0,0,4.384215831756592,17179869184,2147483648,7999946752,905510912
