Delta,Time,CPU_FREQUENCY_0,CPU_FREQUENCY_1,CPU_FREQUENCY_2,CPU_FREQUENCY_3,CPU_FREQUENCY_4,CPU_FREQUENCY_5,CPU_FREQUENCY_6,CPU_FREQUENCY_7,CPU_TEMP_0,CPU_TEMP_1,CPU_TEMP_2,CPU_TEMP_3,CPU_TEMP_4,CPU_TEMP_5,CPU_TEMP_6,CPU_TEMP_7,CPU_TEMP_8,CPU_TEMP_9,CPU_USAGE_0,CPU_USAGE_1,CPU_USAGE_2,CPU_USAGE_3,CPU_USAGE_4,CPU_USAGE_5,CPU_USAGE_6,CPU_USAGE_7,SYSTEM_POWER (Watts),TOTAL_MEMORY,TOTAL_SWAP,USED_MEMORY,USED_SWAP
0,1760638113955,3228,3228,3228,3228,3228,3228,3228,3228,58.96369552612305,58.49835968017578,57.46852111816406,58.537139892578125,58.105690002441406,57.33306121826172,59.268707275390625,55.81595230102539,57.27162551879883,57.25749969482422,NaN,50,0,0,0,0,0,0,3.1530301570892334,17179869184,2147483648,7742930944,913899520
203,1760638113955,3228,3228,3228,3228,3228,3228,3228,3228,58.96369552612305,58.49835968017578,57.46852111816406,58.537139892578125,58.105690002441406,57.33306121826172,59.268707275390625,55.81595230102539,57.27162551879883,57.25749969482422,50,NaN,50,100,0,0,0,0,3.1530301570892334,17179869184,2147483648,7742930944,913899520
204,1760638114159,3228,3228,3228,3228,3228,3228,3228,3228,59.49958038330078,58.69700622558594,57.22313690185547,58.81419372558594,59.224647521972656,57.93730926513672,59.258522033691406,55.7587890625,57.052642822265625,57.22698211669922,63.15789031982422,80,23.809524536132813,70,0,10,0,0,3.1530301570892334,17179869184,2147483648,7742930944,913899520
209,1760638114363,3228,3228,3228,3228,3228,3228,3228,3228,59.49958038330078,58.69700622558594,57.22313690185547,58.81419372558594,59.224647521972656,57.93730926513672,59.258522033691406,55.7587890625,57.052642822265625,57.22698211669922,57.142860412597656,38.095237731933594,45,28.571430206298828,72.7272720336914,10,4.761904716491699,0,3.1530301570892334,17179869184,2147483648,7742930944,913899520
8,1760638114573,3228,3228,3228,3228,3228,3228,3228,3228,59.49958038330078,58.69700622558594,57.22313690185547,58.81419372558594,59.224647521972656,57.93730926513672,59.258522033691406,55.7587890625,57.052642822265625,57.22698211669922,70,30.000001907348633,9.090909004211426,66.66667175292969,0,4.761904716491699,0,0,3.8239598274230957,17179869184,2147483648,7736852480,913899520
