Delta,Time,CPU_FREQUENCY_0,CPU_FREQUENCY_1,CPU_FREQUENCY_2,CPU_FREQUENCY_3,CPU_FREQUENCY_4,CPU_FREQUENCY_5,CPU_FREQUENCY_6,CPU_FREQUENCY_7,CPU_TEMP_0,CPU_TEMP_1,CPU_TEMP_2,CPU_TEMP_3,CPU_TEMP_4,CPU_TEMP_5,CPU_TEMP_6,CPU_TEMP_7,CPU_TEMP_8,CPU_TEMP_9,CPU_USAGE_0,CPU_USAGE_1,CPU_USAGE_2,CPU_USAGE_3,CPU_USAGE_4,CPU_USAGE_5,CPU_USAGE_6,CPU_USAGE_7,SYSTEM_POWER (Watts),TOTAL_MEMORY,TOTAL_SWAP,USED_MEMORY,USED_SWAP
0,1760638848140,3228,3228,3228,3228,3228,3228,3228,3228,55.06109619140625,54.0035514831543,53.07234191894531,54.965206146240234,54.279571533203125,53.109806060791016,55.49524688720703,51.684383392333984,53.3705940246582,53.065391540527344,0,50,100,50,0,NaN,0,0,3.296445608139038,17179869184,2147483648,7354138624,913899520
209,1760638848140,3228,3228,3228,3228,3228,3228,3228,3228,55.06109619140625,54.0035514831543,53.07234191894531,54.965206146240234,54.279571533203125,53.109806060791016,55.49524688720703,51.684383392333984,53.3705940246582,53.065391540527344,100,0,100,100,50,50,0,0,3.296445608139038,17179869184,2147483648,7354286080,913899520
209,1760638848350,3228,3228,3228,3228,3228,3228,3228,3228,55.06109619140625,54.0035514831543,53.07234191894531,54.965206146240234,54.279571533203125,53.109806060791016,55.49524688720703,51.684383392333984,53.3705940246582,53.065391540527344,47.619049072265625,40,66.66667175292969,52.38095474243164,28.571430206298828,10,4.761904716491699,4.545454502105713,3.296445608139038,17179869184,2147483648,7423393792,913899520
10,1760638848560,3228,3228,3228,3228,3228,3228,3228,3228,55.06109619140625,54.0035514831543,53.07234191894531,54.965206146240234,54.279571533203125,53.109806060791016,55.49524688720703,51.684383392333984,53.3705940246582,53.065391540527344,71.42857360839844,31.81818199157715,28.571430206298828,0,0,0,0,0,3.361117362976074,17179869184,2147483648,7339327488,913899520
