Delta,Time,CPU_FREQUENCY_0,CPU_FREQUENCY_1,CPU_FREQUENCY_2,CPU_FREQUENCY_3,CPU_FREQUENCY_4,CPU_FREQUENCY_5,CPU_FREQUENCY_6,CPU_FREQUENCY_7,CPU_TEMP_0,CPU_TEMP_1,CPU_TEMP_2,CPU_TEMP_3,CPU_TEMP_4,CPU_TEMP_5,CPU_TEMP_6,CPU_TEMP_7,CPU_TEMP_8,CPU_TEMP_9,CPU_USAGE_0,CPU_USAGE_1,CPU_USAGE_2,CPU_USAGE_3,CPU_USAGE_4,CPU_USAGE_5,CPU_USAGE_6,CPU_USAGE_7,SYSTEM_POWER (Watts),TOTAL_MEMORY,TOTAL_SWAP,USED_MEMORY,USED_SWAP
0,1760635489049,3228,3228,3228,3228,3228,3228,3228,3228,55.11784744262695,54.003482818603516,53.42622375488281,55.128509521484375,55.21636199951172,53.671287536621094,54.9384651184082,52.36280059814453,53.32666778564453,53.17262268066406,0,0,0,0,0,0,0,0,2.9910292625427246,17179869184,2147483648,7732969472,922288128
201,1760635489049,3228,3228,3228,3228,3228,3228,3228,3228,55.11784744262695,54.003482818603516,53.42622375488281,55.128509521484375,55.21636199951172,53.671287536621094,54.9384651184082,52.36280059814453,53.32666778564453,53.17262268066406,0,0,NaN,50,100,0,0,0,2.9910292625427246,17179869184,2147483648,7731265536,922288128
200,1760635489251,3228,3228,3228,3228,3228,3228,3228,3228,55.5297966003418,54.1572151184082,53.57170104980469,55.726078033447266,56.376861572265625,54.53755569458008,55.69720458984375,53.045719146728516,53.575592041015625,53.704002380371094,5,9.523809432983398,4.761904716491699,90,4.761904716491699,0,5,0,2.9910292625427246,17179869184,2147483648,7800045568,922288128
12,1760635489451,3228,3228,3228,3228,3228,3228,3228,3228,55.5297966003418,54.1572151184082,53.57170104980469,55.726078033447266,56.376861572265625,54.53755569458008,55.69720458984375,53.045719146728516,53.575592041015625,53.704002380371094,5,0,0,5,21.052631378173828,5,0,0,2.9910292625427246,17179869184,2147483648,7644413952,922288128
