Delta,Time,CPU_FREQUENCY_0,CPU_FREQUENCY_1,CPU_FREQUENCY_2,CPU_FREQUENCY_3,CPU_FREQUENCY_4,CPU_FREQUENCY_5,CPU_FREQUENCY_6,CPU_FREQUENCY_7,CPU_TEMP_0,CPU_TEMP_1,CPU_TEMP_2,CPU_TEMP_3,CPU_TEMP_4,CPU_TEMP_5,CPU_TEMP_6,CPU_TEMP_7,CPU_TEMP_8,CPU_TEMP_9,CPU_USAGE_0,CPU_USAGE_1,CPU_USAGE_2,CPU_USAGE_3,CPU_USAGE_4,CPU_USAGE_5,CPU_USAGE_6,CPU_USAGE_7,SYSTEM_POWER (Watts),TOTAL_MEMORY,TOTAL_SWAP,USED_MEMORY,USED_SWAP
0,1760618542267,3228,3228,3228,3228,3228,3228,3228,3228,55.227394104003906,54.63119888305664,54.46241760253906,56.43709945678711,55.26099395751953,54.17827606201172,55.24759292602539,52.64366149902344,53.467899322509766,53.634483337402344,100,100,100,50,0,0,0,0,3.2129135131835938,17179869184,2147483648,6945226752,981008384
209,1760618542267,3228,3228,3228,3228,3228,3228,3228,3228,55.227394104003906,54.63119888305664,54.46241760253906,56.43709945678711,55.26099395751953,54.17827606201172,55.24759292602539,52.64366149902344,53.467899322509766,53.634483337402344,NaN,NaN,0,NaN,0,0,0,NaN,3.2129135131835938,17179869184,2147483648,6948536320,981008384
209,1760618542477,3228,3228,3228,3228,3228,3228,3228,3228,55.227394104003906,54.63119888305664,54.46241760253906,56.43709945678711,55.26099395751953,54.17827606201172,55.24759292602539,52.64366149902344,53.467899322509766,53.634483337402344,95.45454406738281,95.23809814453125,90.47618865966797,50,47.619049072265625,14.285715103149414,0,0,3.026610851287842,17179869184,2147483648,7018119168,981008384
209,1760618542687,3228,3228,3228,3228,3228,3228,3228,3228,55.227394104003906,54.63119888305664,54.46241760253906,56.43709945678711,55.26099395751953,54.17827606201172,55.24759292602539,52.64366149902344,53.467899322509766,53.634483337402344,65,66.66667175292969,57.142860412597656,65,36.3636360168457,35,9.523809432983398,4.761904716491699,3.026610851287842,17179869184,2147483648,7009304576,981008384
9,1760618542897,3228,3228,3228,3228,3228,3228,3228,3228,55.227394104003906,54.63119888305664,54.46241760253906,56.43709945678711,55.26099395751953,54.17827606201172,55.24759292602539,52.64366149902344,53.467899322509766,53.634483337402344,52.38095474243164,66.66667175292969,14.285715103149414,4.545454502105713,30.000001907348633,0,0,0,3.026610851287842,17179869184,2147483648,6943735808,981008384
