Delta,Time,CPU_FREQUENCY_0,CPU_FREQUENCY_1,CPU_FREQUENCY_2,CPU_FREQUENCY_3,CPU_FREQUENCY_4,CPU_FREQUENCY_5,CPU_FREQUENCY_6,CPU_FREQUENCY_7,CPU_TEMP_0,CPU_TEMP_1,CPU_TEMP_2,CPU_TEMP_3,CPU_TEMP_4,CPU_TEMP_5,CPU_TEMP_6,CPU_TEMP_7,CPU_TEMP_8,CPU_TEMP_9,CPU_USAGE_0,CPU_USAGE_1,CPU_USAGE_2,CPU_USAGE_3,CPU_USAGE_4,CPU_USAGE_5,CPU_USAGE_6,CPU_USAGE_7,SYSTEM_POWER (Watts),TOTAL_MEMORY,TOTAL_SWAP,USED_MEMORY,USED_SWAP
0,1760620147176,3228,3228,3228,3228,3228,3228,3228,3228,54.1627082824707,53.59101104736328,52.072547912597656,54.449790954589844,53.09394073486328,52.613433837890625,54.000648498535156,50.85442352294922,51.64331817626953,52.000816345214844,NaN,100,0,0,0,0,0,0,3.3317489624023438,17179869184,2147483648,7257817088,964231168
206,1760620147176,3228,3228,3228,3228,3228,3228,3228,3228,54.1627082824707,53.59101104736328,52.072547912597656,54.449790954589844,53.09394073486328,52.613433837890625,54.000648498535156,50.85442352294922,51.64331817626953,52.000816345214844,NaN,NaN,NaN,100,0,0,0,0,3.3317489624023438,17179869184,2147483648,7258390528,964231168
209,1760620147383,3228,3228,3228,3228,3228,3228,3228,3228,54.1627082824707,53.59101104736328,52.072547912597656,54.449790954589844,53.09394073486328,52.613433837890625,54.000648498535156,50.85442352294922,51.64331817626953,52.000816345214844,50,54.54545593261719,61.904762268066406,19.047618865966797,0,15.000000953674316,0,0,3.3317489624023438,17179869184,2147483648,7353810944,964231168
10,1760620147593,3228,3228,3228,3228,3228,3228,3228,3228,54.1627082824707,53.59101104736328,52.072547912597656,54.449790954589844,53.09394073486328,52.613433837890625,54.000648498535156,50.85442352294922,51.64331817626953,52.000816345214844,75,68.42105102539063,0,15.000000953674316,0,0,0,0,3.3317489624023438,17179869184,2147483648,7258537984,964231168
