Delta,Time,CPU_FREQUENCY_0,CPU_FREQUENCY_1,CPU_FREQUENCY_2,CPU_FREQUENCY_3,CPU_FREQUENCY_4,CPU_FREQUENCY_5,CPU_FREQUENCY_6,CPU_FREQUENCY_7,CPU_TEMP_0,CPU_TEMP_1,CPU_TEMP_2,CPU_TEMP_3,CPU_TEMP_4,CPU_TEMP_5,CPU_TEMP_6,CPU_TEMP_7,CPU_TEMP_8,CPU_TEMP_9,CPU_USAGE_0,CPU_USAGE_1,CPU_USAGE_2,CPU_USAGE_3,CPU_USAGE_4,CPU_USAGE_5,CPU_USAGE_6,CPU_USAGE_7,SYSTEM_POWER (Watts),TOTAL_MEMORY,TOTAL_SWAP,USED_MEMORY,USED_SWAP
0,1760648613940,3228,3228,3228,3228,3228,3228,3228,3228,56.29864501953125,54.99416732788086,54.450477600097656,55.857421875,54.944854736328125,54.44942855834961,56.03092956542969,53.41596221923828,53.76508331298828,53.77290344238281,100,0,NaN,50,0,0,0,0,3.9344236850738525,17179869184,2147483648,7925661696,905510912
207,1760648613940,3228,3228,3228,3228,3228,3228,3228,3228,56.29864501953125,54.99416732788086,54.450477600097656,55.857421875,54.944854736328125,54.44942855834961,56.03092956542969,53.41596221923828,53.76508331298828,53.77290344238281,NaN,100,66.66667175292969,NaN,0,0,0,0,3.9344236850738525,17179869184,2147483648,7923040256,905510912
209,1760648614147,3228,3228,3228,3228,3228,3228,3228,3228,57.56072235107422,55.73343276977539,55.34855651855469,58.11367416381836,56.97491455078125,56.81147384643555,57.512813568115234,54.533790588378906,54.527870178222656,54.784088134765625,35,40.90909194946289,89.47368621826172,52.38095474243164,28.571430206298828,10,9.523809432983398,4.761904716491699,3.9344236850738525,17179869184,2147483648,7981776896,905510912
8,1760648614357,3228,3228,3228,3228,3228,3228,3228,3228,57.56072235107422,55.73343276977539,55.34855651855469,58.11367416381836,56.97491455078125,56.81147384643555,57.512813568115234,54.533790588378906,54.527870178222656,54.784088134765625,26.086956024169922,25,57.142860412597656,52.38095474243164,20,13.636363983154297,4.761904716491699,4.761904716491699,3.9344236850738525,17179869184,2147483648,7981776896,905510912
