Delta,Time,CPU_FREQUENCY_0,CPU_FREQUENCY_1,CPU_FREQUENCY_2,CPU_FREQUENCY_3,CPU_FREQUENCY_4,CPU_FREQUENCY_5,CPU_FREQUENCY_6,CPU_FREQUENCY_7,CPU_TEMP_0,CPU_TEMP_1,CPU_TEMP_2,CPU_TEMP_3,CPU_TEMP_4,CPU_TEMP_5,CPU_TEMP_6,CPU_TEMP_7,CPU_TEMP_8,CPU_TEMP_9,CPU_USAGE_0,CPU_USAGE_1,CPU_USAGE_2,CPU_USAGE_3,CPU_USAGE_4,CPU_USAGE_5,CPU_USAGE_6,CPU_USAGE_7,SYSTEM_POWER (Watts),TOTAL_MEMORY,TOTAL_SWAP,USED_MEMORY,USED_SWAP
0,1760646497978,3228,3228,3228,3228,3228,3228,3228,3228,55.94344711303711,55.57286834716797,54.18528747558594,55.517059326171875,54.93461608886719,54.02383041381836,56.00241470336914,53.99031448364258,53.782657623291016,54.37926483154297,100,100,0,0,0,0,0,0,6.413979530334473,17179869184,2147483648,7910653952,905510912
207,1760646497978,3228,3228,3228,3228,3228,3228,3228,3228,55.94344711303711,55.57286834716797,54.18528747558594,55.517059326171875,54.93461608886719,54.02383041381836,56.00241470336914,53.99031448364258,53.782657623291016,54.37926483154297,100,100,0,0,0,0,0,0,6.413979530334473,17179869184,2147483648,7911735296,905510912
209,1760646498185,3228,3228,3228,3228,3228,3228,3228,3228,56.786651611328125,56.264259338378906,55.00377655029297,57.24515914916992,55.82647705078125,55.40834045410156,56.99580764770508,54.82204818725586,54.06556701660156,54.802284240722656,95.23809814453125,95.45454406738281,70,30.000001907348633,4.545454502105713,9.090909004211426,4.761904716491699,0,6.413979530334473,17179869184,2147483648,7911735296,905510912
209,1760646498395,3228,3228,3228,3228,3228,3228,3228,3228,56.786651611328125,56.264259338378906,55.00377655029297,57.24515914916992,55.82647705078125,55.40834045410156,56.99580764770508,54.82204818725586,54.06556701660156,54.802284240722656,95.23809814453125,95,27.272727966308594,77.2727279663086,0,0,0,0,6.413979530334473,17179869184,2147483648,7911735296,905510912
9,1760646498605,3228,3228,3228,3228,3228,3228,3228,3228,56.786651611328125,56.264259338378906,55.00377655029297,57.24515914916992,55.82647705078125,55.40834045410156,56.99580764770508,54.82204818725586,54.06556701660156,54.802284240722656,60.000003814697266,66.66667175292969,61.904762268066406,30.000001907348633,23.809524536132813,20,9.523809432983398,4.761904716491699,7.020657539367676,17179869184,2147483648,8054767616,905510912
