Delta,Time,CPU_FREQUENCY_0,CPU_FREQUENCY_1,CPU_FREQUENCY_2,CPU_FREQUENCY_3,CPU_FREQUENCY_4,CPU_FREQUENCY_5,CPU_FREQUENCY_6,CPU_FREQUENCY_7,CPU_TEMP_0,CPU_TEMP_1,CPU_TEMP_2,CPU_TEMP_3,CPU_TEMP_4,CPU_TEMP_5,CPU_TEMP_6,CPU_TEMP_7,CPU_TEMP_8,CPU_TEMP_9,CPU_USAGE_0,CPU_USAGE_1,CPU_USAGE_2,CPU_USAGE_3,CPU_USAGE_4,CPU_USAGE_5,CPU_USAGE_6,CPU_USAGE_7,SYSTEM_POWER (Watts),TOTAL_MEMORY,TOTAL_SWAP,USED_MEMORY,USED_SWAP
0,1760619016722,3228,3228,3228,3228,3228,3228,3228,3228,55.86659622192383,54.68416213989258,53.67974090576172,55.25639724731445,55.15076446533203,54.30127716064453,56.169761657714844,52.88416290283203,53.112037658691406,54.15666198730469,100,50,0,0,0,0,0,0,3.1974427700042725,17179869184,2147483648,7344259072,972619776
209,1760619016723,3228,3228,3228,3228,3228,3228,3228,3228,55.86659622192383,54.68416213989258,53.67974090576172,55.25639724731445,55.15076446533203,54.30127716064453,56.169761657714844,52.88416290283203,53.112037658691406,54.15666198730469,50,NaN,0,100,0,0,0,0,3.1974427700042725,17179869184,2147483648,7345815552,972619776
6,1760619016933,3228,3228,3228,3228,3228,3228,3228,3228,55.86659622192383,54.68416213989258,53.67974090576172,55.25639724731445,55.15076446533203,54.30127716064453,56.169761657714844,52.88416290283203,53.112037658691406,54.15666198730469,52.38095474243164,52.38095474243164,14.285715103149414,9.090909004211426,0,0,0,0,3.1974427700042725,17179869184,2147483648,7345651712,972619776
