Delta,Time,CPU_FREQUENCY_0,CPU_FREQUENCY_1,CPU_FREQUENCY_2,CPU_FREQUENCY_3,CPU_FREQUENCY_4,CPU_FREQUENCY_5,CPU_FREQUENCY_6,CPU_FREQUENCY_7,CPU_TEMP_0,CPU_TEMP_1,CPU_TEMP_2,CPU_TEMP_3,CPU_TEMP_4,CPU_TEMP_5,CPU_TEMP_6,CPU_TEMP_7,CPU_TEMP_8,CPU_TEMP_9,CPU_USAGE_0,CPU_USAGE_1,CPU_USAGE_2,CPU_USAGE_3,CPU_USAGE_4,CPU_USAGE_5,CPU_USAGE_6,CPU_USAGE_7,SYSTEM_POWER (Watts),TOTAL_MEMORY,TOTAL_SWAP,USED_MEMORY,USED_SWAP
0,1760616718488,3228,3228,3228,3228,3228,3228,3228,3228,54.505611419677734,54.14183044433594,53.05223083496094,54.67477798461914,53.73961639404297,53.32782745361328,54.765098571777344,52.003135681152344,52.541080474853516,52.31665802001953,100,NaN,0,0,0,0,0,0,3.3983404636383057,17179869184,2147483648,7020625920,981008384
209,1760616718488,3228,3228,3228,3228,3228,3228,3228,3228,54.505611419677734,54.14183044433594,53.05223083496094,54.67477798461914,53.73961639404297,53.32782745361328,54.765098571777344,52.003135681152344,52.541080474853516,52.31665802001953,100,100,100,0,0,0,0,0,3.3983404636383057,17179869184,2147483648,7022411776,981008384
209,1760616718698,3228,3228,3228,3228,3228,3228,3228,3228,54.505611419677734,54.14183044433594,53.05223083496094,54.67477798461914,53.73961639404297,53.32782745361328,54.765098571777344,52.003135681152344,52.541080474853516,52.31665802001953,47.619049072265625,52.38095474243164,23.809524536132813,45.45454788208008,28.571430206298828,0,4.761904716491699,0,3.3983404636383057,17179869184,2147483648,7116947456,981008384
207,1760616718908,3228,3228,3228,3228,3228,3228,3228,3228,54.505611419677734,54.14183044433594,53.05223083496094,54.67477798461914,53.73961639404297,53.32782745361328,54.765098571777344,52.003135681152344,52.541080474853516,52.31665802001953,66.66667175292969,66.66667175292969,100,0,0,0,0,0,3.3983404636383057,17179869184,2147483648,7119241216,981008384
8,1760616719116,3228,3228,3228,3228,3228,3228,3228,3228,56.27803039550781,54.444339752197266,54.812538146972656,58.11377716064453,55.68071746826172,55.108421325683594,55.42119598388672,53.11579132080078,52.789188385009766,52.93602752685547,65,38.095237731933594,63.6363639831543,13.636363983154297,0,9.523809432983398,0,0,3.3983404636383057,17179869184,2147483648,7017267200,981008384
