Delta,Time,CPU_FREQUENCY_0,CPU_FREQUENCY_1,CPU_FREQUENCY_2,CPU_FREQUENCY_3,CPU_FREQUENCY_4,CPU_FREQUENCY_5,CPU_FREQUENCY_6,CPU_FREQUENCY_7,CPU_TEMP_0,CPU_TEMP_1,CPU_TEMP_2,CPU_TEMP_3,CPU_TEMP_4,CPU_TEMP_5,CPU_TEMP_6,CPU_TEMP_7,CPU_TEMP_8,CPU_TEMP_9,CPU_USAGE_0,CPU_USAGE_1,CPU_USAGE_2,CPU_USAGE_3,CPU_USAGE_4,CPU_USAGE_5,CPU_USAGE_6,CPU_USAGE_7,SYSTEM_POWER (Watts),TOTAL_MEMORY,TOTAL_SWAP,USED_MEMORY,USED_SWAP
0,1760654006209,3228,3228,3228,3228,3228,3228,3228,3228,54.9269905090332,53.86797332763672,52.833290100097656,54.598873138427734,53.49403381347656,53.277503967285156,54.14474105834961,51.555267333984375,52.20012664794922,52.21678161621094,0,0,100,100,0,0,0,0,3.767026901245117,17179869184,2147483648,7417905152,897122304
209,1760654006209,3228,3228,3228,3228,3228,3228,3228,3228,54.9269905090332,53.86797332763672,52.833290100097656,54.598873138427734,53.49403381347656,53.277503967285156,54.14474105834961,51.555267333984375,52.20012664794922,52.21678161621094,0,0,50,100,50,0,0,50,3.767026901245117,17179869184,2147483648,7417659392,897122304
209,1760654006419,3228,3228,3228,3228,3228,3228,3228,3228,54.9269905090332,53.86797332763672,52.833290100097656,54.598873138427734,53.49403381347656,53.277503967285156,54.14474105834961,51.555267333984375,52.20012664794922,52.21678161621094,25,27.272727966308594,85,47.619049072265625,35,9.523809432983398,0,4.761904716491699,3.767026901245117,17179869184,2147483648,7474102272,897122304
10,1760654006629,3228,3228,3228,3228,3228,3228,3228,3228,54.9269905090332,53.86797332763672,52.833290100097656,54.598873138427734,53.49403381347656,53.277503967285156,54.14474105834961,51.555267333984375,52.20012664794922,52.21678161621094,36.3636360168457,42.85714340209961,85.71428680419922,42.85714340209961,14.285715103149414,9.523809432983398,4.761904716491699,4.761904716491699,3.7912137508392334,17179869184,2147483648,7474102272,897122304
