Delta,Time,CPU_FREQUENCY_0,CPU_FREQUENCY_1,CPU_FREQUENCY_2,CPU_FREQUENCY_3,CPU_FREQUENCY_4,CPU_FREQUENCY_5,CPU_FREQUENCY_6,CPU_FREQUENCY_7,CPU_TEMP_0,CPU_TEMP_1,CPU_TEMP_2,CPU_TEMP_3,CPU_TEMP_4,CPU_TEMP_5,CPU_TEMP_6,CPU_TEMP_7,CPU_TEMP_8,CPU_TEMP_9,CPU_USAGE_0,CPU_USAGE_1,CPU_USAGE_2,CPU_USAGE_3,CPU_USAGE_4,CPU_USAGE_5,CPU_USAGE_6,CPU_USAGE_7,SYSTEM_POWER (Watts),TOTAL_MEMORY,TOTAL_SWAP,USED_MEMORY,USED_SWAP
0,1760643624875,3228,3228,3228,3228,3228,3228,3228,3228,54.576690673828125,53.25284957885742,53.230560302734375,54.576107025146484,52.850807189941406,52.830169677734375,55.23393249511719,51.64295959472656,51.955692291259766,52.87805938720703,NaN,NaN,NaN,0,0,0,0,0,5.7889227867126465,17179869184,2147483648,7335870464,905510912
209,1760643624875,3228,3228,3228,3228,3228,3228,3228,3228,54.576690673828125,53.25284957885742,53.230560302734375,54.576107025146484,52.850807189941406,52.830169677734375,55.23393249511719,51.64295959472656,51.955692291259766,52.87805938720703,100,100,50,100,0,0,0,0,5.7889227867126465,17179869184,2147483648,7335870464,905510912
200,1760643625085,3228,3228,3228,3228,3228,3228,3228,3228,56.75693893432617,55.189144134521484,55.081703186035156,58.09838104248047,57.209869384765625,56.54987716674805,58.466609954833984,54.415096282958984,53.589630126953125,54.529083251953125,65,66.66667175292969,55,52.38095474243164,23.809524536132813,28.571430206298828,0,0,5.7889227867126465,17179869184,2147483648,7335870464,905510912
9,1760643625286,3228,3228,3228,3228,3228,3228,3228,3228,56.75693893432617,55.189144134521484,55.081703186035156,58.09838104248047,57.209869384765625,56.54987716674805,58.466609954833984,54.415096282958984,53.589630126953125,54.529083251953125,60.000003814697266,55,52.38095474243164,20,0,0,0,0,5.7889227867126465,17179869184,2147483648,7335870464,905510912
