Delta,Time,CPU_FREQUENCY_0,CPU_FREQUENCY_1,CPU_FREQUENCY_2,CPU_FREQUENCY_3,CPU_FREQUENCY_4,CPU_FREQUENCY_5,CPU_FREQUENCY_6,CPU_FREQUENCY_7,CPU_TEMP_0,CPU_TEMP_1,CPU_TEMP_2,CPU_TEMP_3,CPU_TEMP_4,CPU_TEMP_5,CPU_TEMP_6,CPU_TEMP_7,CPU_TEMP_8,CPU_TEMP_9,CPU_USAGE_0,CPU_USAGE_1,CPU_USAGE_2,CPU_USAGE_3,CPU_USAGE_4,CPU_USAGE_5,CPU_USAGE_6,CPU_USAGE_7,SYSTEM_POWER (Watts),TOTAL_MEMORY,TOTAL_SWAP,USED_MEMORY,USED_SWAP
0,1760654955412,3228,3228,3228,3228,3228,3228,3228,3228,57.26532745361328,56.81828308105469,56.2034912109375,57.751590728759766,55.59025573730469,55.940025329589844,57.334415435791016,54.77321243286133,55.20986557006836,54.79649353027344,NaN,100,0,0,0,0,0,0,3.9641900062561035,17179869184,2147483648,7815626752,897122304
209,1760654955412,3228,3228,3228,3228,3228,3228,3228,3228,57.26532745361328,56.81828308105469,56.2034912109375,57.751590728759766,55.59025573730469,55.940025329589844,57.334415435791016,54.77321243286133,55.20986557006836,54.79649353027344,100,0,0,NaN,NaN,0,0,0,3.9641900062561035,17179869184,2147483648,7816642560,897122304
209,1760654955622,3228,3228,3228,3228,3228,3228,3228,3228,57.26532745361328,56.81828308105469,56.2034912109375,57.751590728759766,55.59025573730469,55.940025329589844,57.334415435791016,54.77321243286133,55.20986557006836,54.79649353027344,47.619049072265625,57.142860412597656,100,36.3636360168457,13.636363983154297,4.761904716491699,4.761904716491699,4.761904716491699,3.955106496810913,17179869184,2147483648,7877214208,897122304
209,1760654955832,3228,3228,3228,3228,3228,3228,3228,3228,57.26532745361328,56.81828308105469,56.2034912109375,57.751590728759766,55.59025573730469,55.940025329589844,57.334415435791016,54.77321243286133,55.20986557006836,54.79649353027344,52.38095474243164,71.42857360839844,23.809524536132813,66.66667175292969,0,4.761904716491699,4.761904716491699,0,3.955106496810913,17179869184,2147483648,7880146944,897122304
8,1760654956042,3228,3228,3228,3228,3228,3228,3228,3228,57.26532745361328,56.81828308105469,56.2034912109375,57.751590728759766,55.59025573730469,55.940025329589844,57.334415435791016,54.77321243286133,55.20986557006836,54.79649353027344,52.38095474243164,81.81818389892578,66.66667175292969,5,0,0,0,0,3.955106496810913,17179869184,2147483648,7671463936,897122304
