Delta,Time,CPU_FREQUENCY_0,CPU_FREQUENCY_1,CPU_FREQUENCY_2,CPU_FREQUENCY_3,CPU_FREQUENCY_4,CPU_FREQUENCY_5,CPU_FREQUENCY_6,CPU_FREQUENCY_7,CPU_TEMP_0,CPU_TEMP_1,CPU_TEMP_2,CPU_TEMP_3,CPU_TEMP_4,CPU_TEMP_5,CPU_TEMP_6,CPU_TEMP_7,CPU_TEMP_8,CPU_TEMP_9,CPU_USAGE_0,CPU_USAGE_1,CPU_USAGE_2,CPU_USAGE_3,CPU_USAGE_4,CPU_USAGE_5,CPU_USAGE_6,CPU_USAGE_7,SYSTEM_POWER (Watts),TOTAL_MEMORY,TOTAL_SWAP,USED_MEMORY,USED_SWAP
0,1760633792903,3228,3228,3228,3228,3228,3228,3228,3228,55.23042297363281,54.9205322265625,54.61845397949219,55.54335021972656,55.079200744628906,54.33816146850586,55.560970306396484,52.455528259277344,53.400360107421875,53.617469787597656,100,100,0,0,0,0,0,0,3.0611207485198975,17179869184,2147483648,8326414336,922288128
209,1760633792903,3228,3228,3228,3228,3228,3228,3228,3228,55.23042297363281,54.9205322265625,54.61845397949219,55.54335021972656,55.079200744628906,54.33816146850586,55.560970306396484,52.455528259277344,53.400360107421875,53.617469787597656,0,NaN,50,100,0,0,0,0,3.0611207485198975,17179869184,2147483648,8326643712,922288128
209,1760633793113,3228,3228,3228,3228,3228,3228,3228,3228,56.609893798828125,55.263790130615234,55.00891876220703,56.58583068847656,56.94297790527344,55.568546295166016,56.14228820800781,53.3759765625,53.86537170410156,54.28491973876953,76.19047546386719,63.6363639831543,25,71.42857360839844,0,0,4.761904716491699,0,3.0611207485198975,17179869184,2147483648,8423161856,922288128
9,1760633793323,3228,3228,3228,3228,3228,3228,3228,3228,56.609893798828125,55.263790130615234,55.00891876220703,56.58583068847656,56.94297790527344,55.568546295166016,56.14228820800781,53.3759765625,53.86537170410156,54.28491973876953,45.45454788208008,33.333335876464844,76.19047546386719,23.809524536132813,9.523809432983398,15.000000953674316,9.523809432983398,4.761904716491699,3.0611207485198975,17179869184,2147483648,8324481024,922288128
