Delta,Time,CPU_FREQUENCY_0,CPU_FREQUENCY_1,CPU_FREQUENCY_2,CPU_FREQUENCY_3,CPU_FREQUENCY_4,CPU_FREQUENCY_5,CPU_FREQUENCY_6,CPU_FREQUENCY_7,CPU_TEMP_0,CPU_TEMP_1,CPU_TEMP_2,CPU_TEMP_3,CPU_TEMP_4,CPU_TEMP_5,CPU_TEMP_6,CPU_TEMP_7,CPU_TEMP_8,CPU_TEMP_9,CPU_USAGE_0,CPU_USAGE_1,CPU_USAGE_2,CPU_USAGE_3,CPU_USAGE_4,CPU_USAGE_5,CPU_USAGE_6,CPU_USAGE_7,SYSTEM_POWER (Watts),TOTAL_MEMORY,TOTAL_SWAP,USED_MEMORY,USED_SWAP
0,1760637430933,3228,3228,3228,3228,3228,3228,3228,3228,57.79120635986328,56.80635070800781,55.529693603515625,56.78062438964844,56.97792053222656,55.631683349609375,57.41878128051758,54.253841400146484,55.632652282714844,55.742431640625,NaN,0,0,0,0,0,0,0,3.184329032897949,17179869184,2147483648,7478951936,913899520
209,1760637430933,3228,3228,3228,3228,3228,3228,3228,3228,57.79120635986328,56.80635070800781,55.529693603515625,56.78062438964844,56.97792053222656,55.631683349609375,57.41878128051758,54.253841400146484,55.632652282714844,55.742431640625,0,NaN,NaN,100,0,0,0,0,3.184329032897949,17179869184,2147483648,7475838976,913899520
209,1760637431143,3228,3228,3228,3228,3228,3228,3228,3228,58.77048110961914,57.2894401550293,56.84120178222656,59.66257858276367,57.82090759277344,57.10795974731445,58.27853012084961,55.25692367553711,56.147464752197266,56.55541229248047,57.142860412597656,59.09090805053711,90.47618865966797,9.523809432983398,0,0,0,0,3.184329032897949,17179869184,2147483648,7538589696,913899520
10,1760637431353,3228,3228,3228,3228,3228,3228,3228,3228,58.77048110961914,57.2894401550293,56.84120178222656,59.66257858276367,57.82090759277344,57.10795974731445,58.27853012084961,55.25692367553711,56.147464752197266,56.55541229248047,66.66667175292969,65,23.809524536132813,4.545454502105713,0,0,0,0,3.184329032897949,17179869184,2147483648,7538589696,913899520
