Delta,Time,CPU_FREQUENCY_0,CPU_FREQUENCY_1,CPU_FREQUENCY_2,CPU_FREQUENCY_3,CPU_FREQUENCY_4,CPU_FREQUENCY_5,CPU_FREQUENCY_6,CPU_FREQUENCY_7,CPU_TEMP_0,CPU_TEMP_1,CPU_TEMP_2,CPU_TEMP_3,CPU_TEMP_4,CPU_TEMP_5,CPU_TEMP_6,CPU_TEMP_7,CPU_TEMP_8,CPU_TEMP_9,CPU_USAGE_0,CPU_USAGE_1,CPU_USAGE_2,CPU_USAGE_3,CPU_USAGE_4,CPU_USAGE_5,CPU_USAGE_6,CPU_USAGE_7,SYSTEM_POWER (Watts),TOTAL_MEMORY,TOTAL_SWAP,USED_MEMORY,USED_SWAP
0,1760636428287,3228,3228,3228,3228,3228,3228,3228,3228,55.64432907104492,54.889915466308594,53.85395050048828,55.600624084472656,55.238800048828125,54.185794830322266,55.62827682495117,52.65227127075195,53.388832092285156,53.33826446533203,0,NaN,NaN,0,0,0,0,0,3.9529542922973633,17179869184,2147483648,8520613888,913899520
209,1760636428288,3228,3228,3228,3228,3228,3228,3228,3228,55.64432907104492,54.889915466308594,53.85395050048828,55.600624084472656,55.238800048828125,54.185794830322266,55.62827682495117,52.65227127075195,53.388832092285156,53.33826446533203,0,100,100,100,100,50,0,0,3.9529542922973633,17179869184,2147483648,8520613888,913899520
209,1760636428498,3228,3228,3228,3228,3228,3228,3228,3228,55.64432907104492,54.889915466308594,53.85395050048828,55.600624084472656,55.238800048828125,54.185794830322266,55.62827682495117,52.65227127075195,53.388832092285156,53.33826446533203,52.38095474243164,52.38095474243164,33.333335876464844,61.904762268066406,14.285715103149414,0,4.545454502105713,0,3.9529542922973633,17179869184,2147483648,8520613888,913899520
9,1760636428708,3228,3228,3228,3228,3228,3228,3228,3228,55.64432907104492,54.889915466308594,53.85395050048828,55.600624084472656,55.238800048828125,54.185794830322266,55.62827682495117,52.65227127075195,53.388832092285156,53.33826446533203,76.19047546386719,63.6363639831543,30.000001907348633,0,0,0,0,0,3.9236114025115967,17179869184,2147483648,8520613888,913899520
