Delta,Time,CPU_FREQUENCY_0,CPU_FREQUENCY_1,CPU_FREQUENCY_2,CPU_FREQUENCY_3,CPU_FREQUENCY_4,CPU_FREQUENCY_5,CPU_FREQUENCY_6,CPU_FREQUENCY_7,CPU_TEMP_0,CPU_TEMP_1,CPU_TEMP_2,CPU_TEMP_3,CPU_TEMP_4,CPU_TEMP_5,CPU_TEMP_6,CPU_TEMP_7,CPU_TEMP_8,CPU_TEMP_9,CPU_USAGE_0,CPU_USAGE_1,CPU_USAGE_2,CPU_USAGE_3,CPU_USAGE_4,CPU_USAGE_5,CPU_USAGE_6,CPU_USAGE_7,SYSTEM_POWER (Watts),TOTAL_MEMORY,TOTAL_SWAP,USED_MEMORY,USED_SWAP
0,1760629597913,3228,3228,3228,3228,3228,3228,3228,3228,53.78678512573242,53.576393127441406,52.762733459472656,54.025360107421875,53.803550720214844,52.729515075683594,54.16038513183594,51.51321792602539,52.08601760864258,52.28498840332031,100,50,0,0,0,0,0,0,2.948885202407837,17179869184,2147483648,7130611712,939065344
209,1760629597914,3228,3228,3228,3228,3228,3228,3228,3228,53.78678512573242,53.576393127441406,52.762733459472656,54.025360107421875,53.803550720214844,52.729515075683594,54.16038513183594,51.51321792602539,52.08601760864258,52.28498840332031,0,NaN,0,100,0,0,0,0,2.948885202407837,17179869184,2147483648,7130972160,939065344
209,1760629598124,3228,3228,3228,3228,3228,3228,3228,3228,54.094024658203125,53.84910583496094,52.812721252441406,54.377838134765625,53.97035217285156,52.917320251464844,54.519378662109375,51.524620056152344,52.429073333740234,52.40856170654297,57.142860412597656,54.54545593261719,42.85714340209961,57.142860412597656,40.90909194946289,17.39130401611328,4.761904716491699,4.761904716491699,2.948885202407837,17179869184,2147483648,7194394624,939065344
209,1760629598334,3228,3228,3228,3228,3228,3228,3228,3228,54.094024658203125,53.84910583496094,52.812721252441406,54.377838134765625,53.97035217285156,52.917320251464844,54.519378662109375,51.524620056152344,52.429073333740234,52.40856170654297,47.619049072265625,75,42.85714340209961,65,20,0,0,0,2.948885202407837,17179869184,2147483648,7192117248,939065344
9,1760629598544,3228,3228,3228,3228,3228,3228,3228,3228,54.094024658203125,53.84910583496094,52.812721252441406,54.377838134765625,53.97035217285156,52.917320251464844,54.519378662109375,51.524620056152344,52.429073333740234,52.40856170654297,45,45,33.333335876464844,15.000000953674316,23.809524536132813,0,0,0,3.1165904998779297,17179869184,2147483648,7120846848,939065344
