Delta,Time,CPU_FREQUENCY_0,CPU_FREQUENCY_1,CPU_FREQUENCY_2,CPU_FREQUENCY_3,CPU_FREQUENCY_4,CPU_FREQUENCY_5,CPU_FREQUENCY_6,CPU_FREQUENCY_7,CPU_TEMP_0,CPU_TEMP_1,CPU_TEMP_2,CPU_TEMP_3,CPU_TEMP_4,CPU_TEMP_5,CPU_TEMP_6,CPU_TEMP_7,CPU_TEMP_8,CPU_TEMP_9,CPU_USAGE_0,CPU_USAGE_1,CPU_USAGE_2,CPU_USAGE_3,CPU_USAGE_4,CPU_USAGE_5,CPU_USAGE_6,CPU_USAGE_7,SYSTEM_POWER (Watts),TOTAL_MEMORY,TOTAL_SWAP,USED_MEMORY,USED_SWAP
0,1760648491311,3228,3228,3228,3228,3228,3228,3228,3228,55.49946594238281,54.31037139892578,53.07654571533203,55.755218505859375,54.233184814453125,54.078670501708984,55.36592102050781,52.656166076660156,52.83462142944336,53.448097229003906,50,NaN,NaN,NaN,100,0,100,NaN,3.984113931655884,17179869184,2147483648,7848820736,905510912
209,1760648491311,3228,3228,3228,3228,3228,3228,3228,3228,55.49946594238281,54.31037139892578,53.07654571533203,55.755218505859375,54.233184814453125,54.078670501708984,55.36592102050781,52.656166076660156,52.83462142944336,53.448097229003906,NaN,0,100,100,0,0,100,50,3.984113931655884,17179869184,2147483648,7851687936,905510912
209,1760648491521,3228,3228,3228,3228,3228,3228,3228,3228,55.49946594238281,54.31037139892578,53.07654571533203,55.755218505859375,54.233184814453125,54.078670501708984,55.36592102050781,52.656166076660156,52.83462142944336,53.448097229003906,33.333335876464844,31.81818199157715,100,60.000003814697266,14.285715103149414,5,5,0,4.1096882820129395,17179869184,2147483648,7918665728,905510912
205,1760648491731,3228,3228,3228,3228,3228,3228,3228,3228,55.49946594238281,54.31037139892578,53.07654571533203,55.755218505859375,54.233184814453125,54.078670501708984,55.36592102050781,52.656166076660156,52.83462142944336,53.448097229003906,36.3636360168457,40,66.66667175292969,59.09090805053711,55,18.18181800842285,9.523809432983398,4.761904716491699,4.1096882820129395,17179869184,2147483648,7912898560,905510912
9,1760648491937,3228,3228,3228,3228,3228,3228,3228,3228,55.49946594238281,54.31037139892578,53.07654571533203,55.755218505859375,54.233184814453125,54.078670501708984,55.36592102050781,52.656166076660156,52.83462142944336,53.448097229003906,40,33.333335876464844,76.19047546386719,35,9.090909004211426,0,0,0,4.1096882820129395,17179869184,2147483648,7856209920,905510912
