Delta,Time,CPU_FREQUENCY_0,CPU_FREQUENCY_1,CPU_FREQUENCY_2,CPU_FREQUENCY_3,CPU_FREQUENCY_4,CPU_FREQUENCY_5,CPU_FREQUENCY_6,CPU_FREQUENCY_7,CPU_TEMP_0,CPU_TEMP_1,CPU_TEMP_2,CPU_TEMP_3,CPU_TEMP_4,CPU_TEMP_5,CPU_TEMP_6,CPU_TEMP_7,CPU_TEMP_8,CPU_TEMP_9,CPU_USAGE_0,CPU_USAGE_1,CPU_USAGE_2,CPU_USAGE_3,CPU_USAGE_4,CPU_USAGE_5,CPU_USAGE_6,CPU_USAGE_7,SYSTEM_POWER (Watts),TOTAL_MEMORY,TOTAL_SWAP,USED_MEMORY,USED_SWAP
0,1760633091612,3228,3228,3228,3228,3228,3228,3228,3228,55.787296295166016,55.144351959228516,54.343414306640625,55.501686096191406,55.62262725830078,54.863094329833984,56.06269454956055,52.66779327392578,54.076080322265625,53.97344970703125,50,100,0,0,0,0,0,0,3.375516653060913,17179869184,2147483648,8351236096,922288128
209,1760633091612,3228,3228,3228,3228,3228,3228,3228,3228,55.787296295166016,55.144351959228516,54.343414306640625,55.501686096191406,55.62262725830078,54.863094329833984,56.06269454956055,52.66779327392578,54.076080322265625,53.97344970703125,100,0,0,NaN,0,0,0,0,3.375516653060913,17179869184,2147483648,8351350784,922288128
209,1760633091822,3228,3228,3228,3228,3228,3228,3228,3228,55.787296295166016,55.144351959228516,54.343414306640625,55.501686096191406,55.62262725830078,54.863094329833984,56.06269454956055,52.66779327392578,54.076080322265625,53.97344970703125,65,66.66667175292969,52.38095474243164,25,23.809524536132813,0,0,0,3.375516653060913,17179869184,2147483648,8422506496,922288128
9,1760633092032,3228,3228,3228,3228,3228,3228,3228,3228,55.787296295166016,55.144351959228516,54.343414306640625,55.501686096191406,55.62262725830078,54.863094329833984,56.06269454956055,52.66779327392578,54.076080322265625,53.97344970703125,52.38095474243164,47.619049072265625,52.38095474243164,8.69565200805664,0,0,0,0,3.375516653060913,17179869184,2147483648,8353710080,922288128
