Delta,Time,CPU_FREQUENCY_0,CPU_FREQUENCY_1,CPU_FREQUENCY_2,CPU_FREQUENCY_3,CPU_FREQUENCY_4,CPU_FREQUENCY_5,CPU_FREQUENCY_6,CPU_FREQUENCY_7,CPU_TEMP_0,CPU_TEMP_1,CPU_TEMP_2,CPU_TEMP_3,CPU_TEMP_4,CPU_TEMP_5,CPU_TEMP_6,CPU_TEMP_7,CPU_TEMP_8,CPU_TEMP_9,CPU_USAGE_0,CPU_USAGE_1,CPU_USAGE_2,CPU_USAGE_3,CPU_USAGE_4,CPU_USAGE_5,CPU_USAGE_6,CPU_USAGE_7,SYSTEM_POWER (Watts),TOTAL_MEMORY,TOTAL_SWAP,USED_MEMORY,USED_SWAP
0,1760631909999,3228,3228,3228,3228,3228,3228,3228,3228,55.18067169189453,54.61935043334961,53.7271728515625,55.51617431640625,55.21882629394531,53.96535873413086,55.169795989990234,52.346031188964844,52.34107971191406,53.10588073730469,0,0,0,0,100,0,0,0,3.9807016849517822,17179869184,2147483648,7821410304,922288128
209,1760631909999,3228,3228,3228,3228,3228,3228,3228,3228,55.18067169189453,54.61935043334961,53.7271728515625,55.51617431640625,55.21882629394531,53.96535873413086,55.169795989990234,52.346031188964844,52.34107971191406,53.10588073730469,0,50,NaN,100,100,0,0,0,3.9807016849517822,17179869184,2147483648,7819575296,922288128
209,1760631910209,3228,3228,3228,3228,3228,3228,3228,3228,55.18067169189453,54.61935043334961,53.7271728515625,55.51617431640625,55.21882629394531,53.96535873413086,55.169795989990234,52.346031188964844,52.34107971191406,53.10588073730469,36.3636360168457,28.571430206298828,82.60869598388672,61.904762268066406,19.047618865966797,5,0,0,3.9807016849517822,17179869184,2147483648,7870529536,922288128
9,1760631910420,3228,3228,3228,3228,3228,3228,3228,3228,55.18067169189453,54.61935043334961,53.7271728515625,55.51617431640625,55.21882629394531,53.96535873413086,55.169795989990234,52.346031188964844,52.34107971191406,53.10588073730469,30.000001907348633,33.333335876464844,68.42105102539063,28.571430206298828,10,4.545454502105713,0,0,3.943420648574829,17179869184,2147483648,7798931456,922288128
