Delta,Time,CPU_FREQUENCY_0,CPU_FREQUENCY_1,CPU_FREQUENCY_2,CPU_FREQUENCY_3,CPU_FREQUENCY_4,CPU_FREQUENCY_5,CPU_FREQUENCY_6,CPU_FREQUENCY_7,CPU_TEMP_0,CPU_TEMP_1,CPU_TEMP_2,CPU_TEMP_3,CPU_TEMP_4,CPU_TEMP_5,CPU_TEMP_6,CPU_TEMP_7,CPU_TEMP_8,CPU_TEMP_9,CPU_USAGE_0,CPU_USAGE_1,CPU_USAGE_2,CPU_USAGE_3,CPU_USAGE_4,CPU_USAGE_5,CPU_USAGE_6,CPU_USAGE_7,SYSTEM_POWER (Watts),TOTAL_MEMORY,TOTAL_SWAP,USED_MEMORY,USED_SWAP
0,1760638287031,3228,3228,3228,3228,3228,3228,3228,3228,59.17121887207031,58.950565338134766,57.96022033691406,59.092140197753906,58.530479431152344,57.889183044433594,59.94779586791992,56.770389556884766,57.516265869140625,57.96940612792969,100,100,NaN,50,0,0,NaN,100,4.345156669616699,17179869184,2147483648,7414890496,913899520
209,1760638287031,3228,3228,3228,3228,3228,3228,3228,3228,59.17121887207031,58.950565338134766,57.96022033691406,59.092140197753906,58.530479431152344,57.889183044433594,59.94779586791992,56.770389556884766,57.516265869140625,57.96940612792969,0,NaN,50,NaN,0,0,0,0,4.345156669616699,17179869184,2147483648,7415431168,913899520
200,1760638287241,3228,3228,3228,3228,3228,3228,3228,3228,59.82039260864258,59.48546600341797,58.029991149902344,60.09912109375,59.498924255371094,58.91484451293945,60.68913269042969,57.68928527832031,57.80270767211914,58.15863037109375,50,57.142860412597656,65,4.761904716491699,30.000001907348633,0,0,0,4.345156669616699,17179869184,2147483648,7480606720,913899520
200,1760638287441,3228,3228,3228,3228,3228,3228,3228,3228,59.82039260864258,59.48546600341797,58.029991149902344,60.09912109375,59.498924255371094,58.91484451293945,60.68913269042969,57.68928527832031,57.80270767211914,58.15863037109375,71.42857360839844,66.66667175292969,14.285715103149414,75,20,0,0,0,4.345156669616699,17179869184,2147483648,7480295424,913899520
9,1760638287641,3228,3228,3228,3228,3228,3228,3228,3228,59.82039260864258,59.48546600341797,58.029991149902344,60.09912109375,59.498924255371094,58.91484451293945,60.68913269042969,57.68928527832031,57.80270767211914,58.15863037109375,63.15789031982422,38.88888931274414,20,65,0,0,0,0,4.548990726470947,17179869184,2147483648,7430684672,913899520
