Delta,Time,CPU_FREQUENCY_0,CPU_FREQUENCY_1,CPU_FREQUENCY_2,CPU_FREQUENCY_3,CPU_FREQUENCY_4,CPU_FREQUENCY_5,CPU_FREQUENCY_6,CPU_FREQUENCY_7,CPU_TEMP_0,CPU_TEMP_1,CPU_TEMP_2,CPU_TEMP_3,CPU_TEMP_4,CPU_TEMP_5,CPU_TEMP_6,CPU_TEMP_7,CPU_TEMP_8,CPU_TEMP_9,CPU_USAGE_0,CPU_USAGE_1,CPU_USAGE_2,CPU_USAGE_3,CPU_USAGE_4,CPU_USAGE_5,CPU_USAGE_6,CPU_USAGE_7,SYSTEM_POWER (Watts),TOTAL_MEMORY,TOTAL_SWAP,USED_MEMORY,USED_SWAP
0,1760639551910,3228,3228,3228,3228,3228,3228,3228,3228,56.22364807128906,55.04218292236328,54.52447509765625,55.90752029418945,55.03199005126953,54.5379753112793,56.75252914428711,53.46993637084961,53.975040435791016,54.40630340576172,0,0,NaN,100,0,66.66667175292969,NaN,NaN,4.042253494262695,17179869184,2147483648,6967590912,905510912
209,1760639551910,3228,3228,3228,3228,3228,3228,3228,3228,56.22364807128906,55.04218292236328,54.52447509765625,55.90752029418945,55.03199005126953,54.5379753112793,56.75252914428711,53.46993637084961,53.975040435791016,54.40630340576172,100,0,100,0,0,0,0,50,4.042253494262695,17179869184,2147483648,6964985856,905510912
209,1760639552120,3228,3228,3228,3228,3228,3228,3228,3228,57.80632781982422,55.7310791015625,55.928741455078125,58.49805450439453,57.59477996826172,56.81663131713867,58.09934616088867,55.03645706176758,54.94643783569336,55.554542541503906,25,23.809524536132813,68.18181610107422,81.81818389892578,28.571430206298828,15.000000953674316,4.545454502105713,0,4.042253494262695,17179869184,2147483648,7005519872,905510912
209,1760639552330,3228,3228,3228,3228,3228,3228,3228,3228,57.80632781982422,55.7310791015625,55.928741455078125,58.49805450439453,57.59477996826172,56.81663131713867,58.09934616088867,55.03645706176758,54.94643783569336,55.554542541503906,36.3636360168457,35,70,70,45.45454788208008,15.000000953674316,5,4.761904716491699,4.042253494262695,17179869184,2147483648,6996492288,905510912
9,1760639552540,3228,3228,3228,3228,3228,3228,3228,3228,57.80632781982422,55.7310791015625,55.928741455078125,58.49805450439453,57.59477996826172,56.81663131713867,58.09934616088867,55.03645706176758,54.94643783569336,55.554542541503906,55,50,57.142860412597656,27.272727966308594,65,4.761904716491699,9.090909004211426,0,5.357384204864502,17179869184,2147483648,6975438848,905510912
