Delta,Time,CPU_FREQUENCY_0,CPU_FREQUENCY_1,CPU_FREQUENCY_2,CPU_FREQUENCY_3,CPU_FREQUENCY_4,CPU_FREQUENCY_5,CPU_FREQUENCY_6,CPU_FREQUENCY_7,CPU_TEMP_0,CPU_TEMP_1,CPU_TEMP_2,CPU_TEMP_3,CPU_TEMP_4,CPU_TEMP_5,CPU_TEMP_6,CPU_TEMP_7,CPU_TEMP_8,CPU_TEMP_9,CPU_USAGE_0,CPU_USAGE_1,CPU_USAGE_2,CPU_USAGE_3,CPU_USAGE_4,CPU_USAGE_5,CPU_USAGE_6,CPU_USAGE_7,SYSTEM_POWER (Watts),TOTAL_MEMORY,TOTAL_SWAP,USED_MEMORY,USED_SWAP
0,1760652992074,3228,3228,3228,3228,3228,3228,3228,3228,52.33989334106445,51.465763092041016,50.337684631347656,51.54275131225586,50.85010528564453,50.20835876464844,52.22077178955078,48.89736557006836,50.13705062866211,49.678565979003906,NaN,0,0,0,0,0,0,0,3.0791027545928955,17179869184,2147483648,8115126272,897122304
209,1760652992074,3228,3228,3228,3228,3228,3228,3228,3228,52.33989334106445,51.465763092041016,50.337684631347656,51.54275131225586,50.85010528564453,50.20835876464844,52.22077178955078,48.89736557006836,50.13705062866211,49.678565979003906,NaN,NaN,0,100,0,NaN,0,0,3.0791027545928955,17179869184,2147483648,8113029120,897122304
209,1760652992284,3228,3228,3228,3228,3228,3228,3228,3228,52.82829284667969,51.97864532470703,50.77007293701172,52.715335845947266,51.652671813964844,51.628841400146484,53.09514617919922,49.45442581176758,50.68421936035156,50.156394958496094,63.6363639831543,71.42857360839844,90.47618865966797,9.523809432983398,4.761904716491699,0,0,0,3.0791027545928955,17179869184,2147483648,8180580352,897122304
9,1760652992494,3228,3228,3228,3228,3228,3228,3228,3228,52.82829284667969,51.97864532470703,50.77007293701172,52.715335845947266,51.652671813964844,51.628841400146484,53.09514617919922,49.45442581176758,50.68421936035156,50.156394958496094,60.000003814697266,36.3636360168457,42.85714340209961,4.761904716491699,0,0,0,0,3.0791027545928955,17179869184,2147483648,8087011328,897122304
