Delta,Time,CPU_FREQUENCY_0,CPU_FREQUENCY_1,CPU_FREQUENCY_2,CPU_FREQUENCY_3,CPU_FREQUENCY_4,CPU_FREQUENCY_5,CPU_FREQUENCY_6,CPU_FREQUENCY_7,CPU_TEMP_0,CPU_TEMP_1,CPU_TEMP_2,CPU_TEMP_3,CPU_TEMP_4,CPU_TEMP_5,CPU_TEMP_6,CPU_TEMP_7,CPU_TEMP_8,CPU_TEMP_9,CPU_USAGE_0,CPU_USAGE_1,CPU_USAGE_2,CPU_USAGE_3,CPU_USAGE_4,CPU_USAGE_5,CPU_USAGE_6,CPU_USAGE_7,SYSTEM_POWER (Watts),TOTAL_MEMORY,TOTAL_SWAP,USED_MEMORY,USED_SWAP
0,1760634636862,3228,3228,3228,3228,3228,3228,3228,3228,55.24301528930664,54.40589141845703,53.15526580810547,55.20870590209961,55.21928405761719,54.073638916015625,54.8110466003418,52.4034538269043,52.9478759765625,52.719139099121094,100,100,0,0,0,0,0,0,7.795382022857666,17179869184,2147483648,8864907264,922288128
209,1760634636862,3228,3228,3228,3228,3228,3228,3228,3228,55.24301528930664,54.40589141845703,53.15526580810547,55.20870590209961,55.21928405761719,54.073638916015625,54.8110466003418,52.4034538269043,52.9478759765625,52.719139099121094,100,NaN,NaN,100,NaN,0,0,0,7.795382022857666,17179869184,2147483648,8865955840,922288128
200,1760634637072,3228,3228,3228,3228,3228,3228,3228,3228,55.24301528930664,54.40589141845703,53.15526580810547,55.20870590209961,55.21928405761719,54.073638916015625,54.8110466003418,52.4034538269043,52.9478759765625,52.719139099121094,90.47618865966797,85,57.142860412597656,55,27.272727966308594,59.09090805053711,10,4.761904716491699,7.795382022857666,17179869184,2147483648,8944795648,922288128
11,1760634637272,3228,3228,3228,3228,3228,3228,3228,3228,57.264060974121094,55.89157485961914,54.88019561767578,58.455291748046875,58.134185791015625,57.193904876708984,58.908164978027344,55.92333984375,54.273685455322266,54.276100158691406,84.21052551269531,80.95238494873047,38.095237731933594,35,26.3157901763916,21.052631378173828,20,10,7.795382022857666,17179869184,2147483648,8861106176,922288128
