Delta,Time,CPU_FREQUENCY_0,CPU_FREQUENCY_1,CPU_FREQUENCY_2,CPU_FREQUENCY_3,CPU_FREQUENCY_4,CPU_FREQUENCY_5,CPU_FREQUENCY_6,CPU_FREQUENCY_7,CPU_TEMP_0,CPU_TEMP_1,CPU_TEMP_2,CPU_TEMP_3,CPU_TEMP_4,CPU_TEMP_5,CPU_TEMP_6,CPU_TEMP_7,CPU_TEMP_8,CPU_TEMP_9,CPU_USAGE_0,CPU_USAGE_1,CPU_USAGE_2,CPU_USAGE_3,CPU_USAGE_4,CPU_USAGE_5,CPU_USAGE_6,CPU_USAGE_7,SYSTEM_POWER (Watts),TOTAL_MEMORY,TOTAL_SWAP,USED_MEMORY,USED_SWAP
0,1760633637892,3228,3228,3228,3228,3228,3228,3228,3228,55.540016174316406,54.99388122558594,54.313011169433594,55.49243927001953,55.754310607910156,54.36345291137695,55.428348541259766,52.5939826965332,53.684566497802734,53.88761901855469,0,100,50,100,0,0,0,0,3.2867143154144287,17179869184,2147483648,7793410048,922288128
209,1760633637893,3228,3228,3228,3228,3228,3228,3228,3228,55.540016174316406,54.99388122558594,54.313011169433594,55.49243927001953,55.754310607910156,54.36345291137695,55.428348541259766,52.5939826965332,53.684566497802734,53.88761901855469,100,0,100,0,0,0,0,0,3.2867143154144287,17179869184,2147483648,7793410048,922288128
209,1760633638103,3228,3228,3228,3228,3228,3228,3228,3228,55.540016174316406,54.99388122558594,55.13951873779297,55.49243927001953,55.754310607910156,54.36345291137695,55.428348541259766,52.5939826965332,53.684566497802734,53.88761901855469,71.42857360839844,40.90909194946289,95.23809814453125,4.761904716491699,0,0,0,0,3.2867143154144287,17179869184,2147483648,7793410048,922288128
10,1760633638313,3228,3228,3228,3228,3228,3228,3228,3228,56.00998306274414,55.28451919555664,55.13951873779297,57.69325256347656,55.90143585205078,54.73283004760742,55.79067611694336,53.310428619384766,53.67304611206055,54.156410217285156,80,60.000003814697266,25,0,0,0,0,0,3.2867143154144287,17179869184,2147483648,7793410048,922288128
