Delta,Time,CPU_FREQUENCY_0,CPU_FREQUENCY_1,CPU_FREQUENCY_2,CPU_FREQUENCY_3,CPU_FREQUENCY_4,CPU_FREQUENCY_5,CPU_FREQUENCY_6,CPU_FREQUENCY_7,CPU_TEMP_0,CPU_TEMP_1,CPU_TEMP_2,CPU_TEMP_3,CPU_TEMP_4,CPU_TEMP_5,CPU_TEMP_6,CPU_TEMP_7,CPU_TEMP_8,CPU_TEMP_9,CPU_USAGE_0,CPU_USAGE_1,CPU_USAGE_2,CPU_USAGE_3,CPU_USAGE_4,CPU_USAGE_5,CPU_USAGE_6,CPU_USAGE_7,SYSTEM_POWER (Watts),TOTAL_MEMORY,TOTAL_SWAP,USED_MEMORY,USED_SWAP
0,1760625449308,3228,3228,3228,3228,3228,3228,3228,3228,53.008750915527344,53.01859664916992,52.41444396972656,53.98379898071289,52.86872100830078,52.98175048828125,53.57291793823242,50.37675094604492,51.54729080200195,51.53717803955078,50,0,NaN,50,100,0,0,0,2.911386013031006,17179869184,2147483648,7112916992,947453952
209,1760625449309,3228,3228,3228,3228,3228,3228,3228,3228,53.008750915527344,53.01859664916992,52.41444396972656,53.98379898071289,52.86872100830078,52.98175048828125,53.57291793823242,50.37675094604492,51.54729080200195,51.53717803955078,NaN,NaN,66.66667175292969,NaN,50,NaN,0,0,2.911386013031006,17179869184,2147483648,7112916992,947453952
209,1760625449518,3228,3228,3228,3228,3228,3228,3228,3228,53.008750915527344,53.01859664916992,52.41444396972656,53.98379898071289,52.86872100830078,52.98175048828125,53.57291793823242,50.37675094604492,51.54729080200195,51.53717803955078,54.54545593261719,57.142860412597656,57.894737243652344,40.90909194946289,33.333335876464844,13.636363983154297,9.523809432983398,4.761904716491699,2.911386013031006,17179869184,2147483648,7112916992,947453952
209,1760625449728,3228,3228,3228,3228,3228,3228,3228,3228,53.008750915527344,53.01859664916992,52.41444396972656,53.98379898071289,52.86872100830078,52.98175048828125,53.57291793823242,50.37675094604492,51.54729080200195,51.53717803955078,30.000001907348633,80.95238494873047,22.72727394104004,57.142860412597656,20,4.761904716491699,0,0,3.2076079845428467,17179869184,2147483648,7112916992,947453952
9,1760625449939,3228,3228,3228,3228,3228,3228,3228,3228,53.008750915527344,53.01859664916992,52.41444396972656,53.98379898071289,52.86872100830078,52.98175048828125,53.57291793823242,50.37675094604492,51.54729080200195,51.53717803955078,66.66667175292969,57.142860412597656,4.761904716491699,10,50,0,0,0,3.2076079845428467,17179869184,2147483648,7110557696,947453952
