Delta,Time,CPU_FREQUENCY_0,CPU_FREQUENCY_1,CPU_FREQUENCY_2,CPU_FREQUENCY_3,CPU_FREQUENCY_4,CPU_FREQUENCY_5,CPU_FREQUENCY_6,CPU_FREQUENCY_7,CPU_TEMP_0,CPU_TEMP_1,CPU_TEMP_2,CPU_TEMP_3,CPU_TEMP_4,CPU_TEMP_5,CPU_TEMP_6,CPU_TEMP_7,CPU_TEMP_8,CPU_TEMP_9,CPU_USAGE_0,CPU_USAGE_1,CPU_USAGE_2,CPU_USAGE_3,CPU_USAGE_4,CPU_USAGE_5,CPU_USAGE_6,CPU_USAGE_7,SYSTEM_POWER (Watts),TOTAL_MEMORY,TOTAL_SWAP,USED_MEMORY,USED_SWAP
0,1760643374018,3228,3228,3228,3228,3228,3228,3228,3228,49.5248908996582,49.165992736816406,48.47687530517578,49.65635299682617,48.77046203613281,47.946563720703125,50.45307922363281,46.69921112060547,46.979610443115234,47.057838439941406,0,0,50,50,50,0,0,NaN,2.8738386631011963,17179869184,2147483648,7115472896,905510912
201,1760643374018,3228,3228,3228,3228,3228,3228,3228,3228,49.5248908996582,49.165992736816406,48.47687530517578,49.65635299682617,48.77046203613281,47.946563720703125,50.45307922363281,46.69921112060547,46.979610443115234,47.057838439941406,NaN,100,100,NaN,NaN,100,100,50,2.8738386631011963,17179869184,2147483648,7114358784,905510912
209,1760643374220,3228,3228,3228,3228,3228,3228,3228,3228,50.007911682128906,49.661983489990234,48.782203674316406,50.64527893066406,50.05436706542969,49.29689407348633,51.25013732910156,47.5238037109375,47.453617095947266,47.633026123046875,47.619049072265625,61.904762268066406,20,85.71428680419922,10,5.263157844543457,0,0,2.8738386631011963,17179869184,2147483648,7180894208,905510912
209,1760643374430,3228,3228,3228,3228,3228,3228,3228,3228,50.007911682128906,49.661983489990234,48.782203674316406,50.64527893066406,50.05436706542969,49.29689407348633,51.25013732910156,47.5238037109375,47.453617095947266,47.633026123046875,42.85714340209961,84.21052551269531,90.47618865966797,4.761904716491699,9.090909004211426,0,0,0,2.8738386631011963,17179869184,2147483648,7162609664,905510912
8,1760643374640,3228,3228,3228,3228,3228,3228,3228,3228,50.007911682128906,49.661983489990234,48.782203674316406,50.64527893066406,50.05436706542969,49.29689407348633,51.25013732910156,47.5238037109375,47.453617095947266,47.633026123046875,57.142860412597656,59.09090805053711,14.285715103149414,5,28.571430206298828,0,0,0,4.010123252868652,17179869184,2147483648,7132397568,905510912
