Delta,Time,CPU_FREQUENCY_0,CPU_FREQUENCY_1,CPU_FREQUENCY_2,CPU_FREQUENCY_3,CPU_FREQUENCY_4,CPU_FREQUENCY_5,CPU_FREQUENCY_6,CPU_FREQUENCY_7,CPU_TEMP_0,CPU_TEMP_1,CPU_TEMP_2,CPU_TEMP_3,CPU_TEMP_4,CPU_TEMP_5,CPU_TEMP_6,CPU_TEMP_7,CPU_TEMP_8,CPU_TEMP_9,CPU_USAGE_0,CPU_USAGE_1,CPU_USAGE_2,CPU_USAGE_3,CPU_USAGE_4,CPU_USAGE_5,CPU_USAGE_6,CPU_USAGE_7,SYSTEM_POWER (Watts),TOTAL_MEMORY,TOTAL_SWAP,USED_MEMORY,USED_SWAP
0,1760617836740,3228,3228,3228,3228,3228,3228,3228,3228,54.06873321533203,53.75422668457031,52.89830780029297,54.13284683227539,54.782989501953125,52.61384201049805,54.884727478027344,51.73936080932617,52.51512145996094,52.18336486816406,0,0,0,0,100,0,0,0,3.139671802520752,17179869184,2147483648,6869942272,981008384
209,1760617836740,3228,3228,3228,3228,3228,3228,3228,3228,54.06873321533203,53.75422668457031,52.89830780029297,54.13284683227539,54.782989501953125,52.61384201049805,54.884727478027344,51.73936080932617,52.51512145996094,52.18336486816406,0,0,0,0,100,NaN,0,0,3.139671802520752,17179869184,2147483648,6867648512,981008384
209,1760617836950,3228,3228,3228,3228,3228,3228,3228,3228,54.06873321533203,53.75422668457031,54.134178161621094,56.28712844848633,54.782989501953125,52.61384201049805,54.884727478027344,51.73936080932617,52.51512145996094,52.18336486816406,47.619049072265625,66.66667175292969,57.142860412597656,47.619049072265625,0,0,0,0,3.139671802520752,17179869184,2147483648,6936641536,981008384
209,1760617837160,3228,3228,3228,3228,3228,3228,3228,3228,55.32356643676758,54.50014877319336,54.134178161621094,56.28712844848633,56.627037048339844,54.060325622558594,55.78837585449219,52.51387023925781,52.95039367675781,52.806190490722656,54.54545593261719,85.71428680419922,47.619049072265625,14.285715103149414,33.333335876464844,9.523809432983398,0,0,3.139671802520752,17179869184,2147483648,6940082176,981008384
9,1760617837370,3228,3228,3228,3228,3228,3228,3228,3228,55.32356643676758,54.50014877319336,54.134178161621094,56.28712844848633,56.627037048339844,54.060325622558594,55.78837585449219,52.51387023925781,52.95039367675781,52.806190490722656,47.619049072265625,57.142860412597656,9.090909004211426,28.571430206298828,4.761904716491699,0,0,0,3.139671802520752,17179869184,2147483648,6870482944,981008384
