Delta,Time,CPU_FREQUENCY_0,CPU_FREQUENCY_1,CPU_FREQUENCY_2,CPU_FREQUENCY_3,CPU_FREQUENCY_4,CPU_FREQUENCY_5,CPU_FREQUENCY_6,CPU_FREQUENCY_7,CPU_TEMP_0,CPU_TEMP_1,CPU_TEMP_2,CPU_TEMP_3,CPU_TEMP_4,CPU_TEMP_5,CPU_TEMP_6,CPU_TEMP_7,CPU_TEMP_8,CPU_TEMP_9,CPU_USAGE_0,CPU_USAGE_1,CPU_USAGE_2,CPU_USAGE_3,CPU_USAGE_4,CPU_USAGE_5,CPU_USAGE_6,CPU_USAGE_7,SYSTEM_POWER (Watts),TOTAL_MEMORY,TOTAL_SWAP,USED_MEMORY,USED_SWAP
0,1760629057055,3228,3228,3228,3228,3228,3228,3228,3228,54.337799072265625,53.98772048950195,53.04265594482422,54.49610900878906,54.42743682861328,53.16970443725586,54.36729049682617,51.72908020019531,52.24171829223633,52.23883056640625,50,NaN,0,0,0,0,0,0,4.780669689178467,17179869184,2147483648,6687850496,939065344
209,1760629057055,3228,3228,3228,3228,3228,3228,3228,3228,54.337799072265625,53.98772048950195,53.04265594482422,54.49610900878906,54.42743682861328,53.16970443725586,54.36729049682617,51.72908020019531,52.24171829223633,52.23883056640625,NaN,0,50,0,0,0,0,0,4.780669689178467,17179869184,2147483648,6688555008,939065344
209,1760629057265,3228,3228,3228,3228,3228,3228,3228,3228,54.337799072265625,53.98772048950195,53.04265594482422,54.49610900878906,54.42743682861328,53.16970443725586,54.36729049682617,51.72908020019531,52.24171829223633,52.23883056640625,85.71428680419922,72.7272720336914,55,28.571430206298828,10,4.761904716491699,0,0,4.780669689178467,17179869184,2147483648,6759579648,939065344
207,1760629057475,3228,3228,3228,3228,3228,3228,3228,3228,54.337799072265625,53.98772048950195,53.04265594482422,54.49610900878906,54.42743682861328,53.16970443725586,54.36729049682617,51.72908020019531,52.24171829223633,52.23883056640625,61.904762268066406,45,95.23809814453125,14.285715103149414,18.18181800842285,15.000000953674316,5,0,3.5208845138549805,17179869184,2147483648,6752649216,939065344
10,1760629057683,3228,3228,3228,3228,3228,3228,3228,3228,54.337799072265625,53.98772048950195,53.04265594482422,54.49610900878906,54.42743682861328,53.16970443725586,54.36729049682617,51.72908020019531,52.24171829223633,52.23883056640625,66.66667175292969,52.38095474243164,42.85714340209961,9.523809432983398,0,9.090909004211426,0,0,3.5208845138549805,17179869184,2147483648,6695485440,939065344
