Delta,Time,CPU_FREQUENCY_0,CPU_FREQUENCY_1,CPU_FREQUENCY_2,CPU_FREQUENCY_3,CPU_FREQUENCY_4,CPU_FREQUENCY_5,CPU_FREQUENCY_6,CPU_FREQUENCY_7,CPU_TEMP_0,CPU_TEMP_1,CPU_TEMP_2,CPU_TEMP_3,CPU_TEMP_4,CPU_TEMP_5,CPU_TEMP_6,CPU_TEMP_7,CPU_TEMP_8,CPU_TEMP_9,CPU_USAGE_0,CPU_USAGE_1,CPU_USAGE_2,CPU_USAGE_3,CPU_USAGE_4,CPU_USAGE_5,CPU_USAGE_6,CPU_USAGE_7,SYSTEM_POWER (Watts),TOTAL_MEMORY,TOTAL_SWAP,USED_MEMORY,USED_SWAP
0,1760622130103,3228,3228,3228,3228,3228,3228,3228,3228,57.16083526611328,56.26606369018555,55.52959442138672,57.182437896728516,56.44261169433594,54.94137191772461,56.99707794189453,54.11638259887695,54.194313049316406,55.009239196777344,0,50,100,0,0,0,0,0,3.9624056816101074,17179869184,2147483648,7844970496,955842560
205,1760622130103,3228,3228,3228,3228,3228,3228,3228,3228,57.16083526611328,56.26606369018555,55.52959442138672,57.182437896728516,56.44261169433594,54.94137191772461,56.99707794189453,54.11638259887695,54.194313049316406,55.009239196777344,0,0,100,NaN,0,0,0,0,3.9624056816101074,17179869184,2147483648,7845101568,955842560
201,1760622130309,3228,3228,3228,3228,3228,3228,3228,3228,58.44929122924805,57.10404586791992,56.24409484863281,58.80007553100586,57.983245849609375,57.0673713684082,58.244903564453125,55.26084899902344,55.09312438964844,56.017799377441406,30.000001907348633,25,68.42105102539063,57.142860412597656,57.142860412597656,10,0,0,3.9624056816101074,17179869184,2147483648,7925039104,955842560
9,1760622130510,3228,3228,3228,3228,3228,3228,3228,3228,58.44929122924805,57.10404586791992,56.24409484863281,58.80007553100586,57.983245849609375,57.0673713684082,58.244903564453125,55.26084899902344,55.09312438964844,56.017799377441406,31.57894515991211,35,70,35,10,4.761904716491699,0,0,3.9624056816101074,17179869184,2147483648,7844118528,955842560
