Delta,Time,CPU_FREQUENCY_0,CPU_FREQUENCY_1,CPU_FREQUENCY_2,CPU_FREQUENCY_3,CPU_FREQUENCY_4,CPU_FREQUENCY_5,CPU_FREQUENCY_6,CPU_FREQUENCY_7,CPU_TEMP_0,CPU_TEMP_1,CPU_TEMP_2,CPU_TEMP_3,CPU_TEMP_4,CPU_TEMP_5,CPU_TEMP_6,CPU_TEMP_7,CPU_TEMP_8,CPU_TEMP_9,CPU_USAGE_0,CPU_USAGE_1,CPU_USAGE_2,CPU_USAGE_3,CPU_USAGE_4,CPU_USAGE_5,CPU_USAGE_6,CPU_USAGE_7,SYSTEM_POWER (Watts),TOTAL_MEMORY,TOTAL_SWAP,USED_MEMORY,USED_SWAP
0,1760629718651,3228,3228,3228,3228,3228,3228,3228,3228,53.451576232910156,53.196372985839844,52.512779235839844,53.63397216796875,53.20741271972656,52.54452133178711,53.92338180541992,50.98611831665039,51.81685256958008,52.00752258300781,NaN,100,0,0,0,0,0,0,2.9031779766082764,17179869184,2147483648,7252148224,939065344
209,1760629718652,3228,3228,3228,3228,3228,3228,3228,3228,53.451576232910156,53.196372985839844,52.512779235839844,53.63397216796875,53.20741271972656,52.54452133178711,53.92338180541992,50.98611831665039,51.81685256958008,52.00752258300781,50,NaN,0,0,100,0,0,0,2.9031779766082764,17179869184,2147483648,7252000768,939065344
202,1760629718862,3228,3228,3228,3228,3228,3228,3228,3228,53.451576232910156,53.196372985839844,52.512779235839844,53.63397216796875,53.20741271972656,52.54452133178711,53.92338180541992,50.98611831665039,51.81685256958008,52.00752258300781,60.000003814697266,63.6363639831543,22.72727394104004,75,0,0,0,0,2.9031779766082764,17179869184,2147483648,7316029440,939065344
9,1760629719065,3228,3228,3228,3228,3228,3228,3228,3228,55.232364654541016,53.46037292480469,53.117347717285156,54.39107131958008,56.71129608154297,54.714420318603516,54.35153579711914,51.30733108520508,51.89017105102539,52.444358825683594,76.19047546386719,52.6315803527832,0,50,0,0,0,0,2.9031779766082764,17179869184,2147483648,7221510144,939065344
