Delta,Time,CPU_FREQUENCY_0,CPU_FREQUENCY_1,CPU_FREQUENCY_2,CPU_FREQUENCY_3,CPU_FREQUENCY_4,CPU_FREQUENCY_5,CPU_FREQUENCY_6,CPU_FREQUENCY_7,CPU_TEMP_0,CPU_TEMP_1,CPU_TEMP_2,CPU_TEMP_3,CPU_TEMP_4,CPU_TEMP_5,CPU_TEMP_6,CPU_TEMP_7,CPU_TEMP_8,CPU_TEMP_9,CPU_USAGE_0,CPU_USAGE_1,CPU_USAGE_2,CPU_USAGE_3,CPU_USAGE_4,CPU_USAGE_5,CPU_USAGE_6,CPU_USAGE_7,SYSTEM_POWER (Watts),TOTAL_MEMORY,TOTAL_SWAP,USED_MEMORY,USED_SWAP
0,1760635478091,3228,3228,3228,3228,3228,3228,3228,3228,57.0468635559082,55.146339416503906,54.74674987792969,56.1393928527832,56.16802978515625,54.85164260864258,56.668514251708984,53.54332733154297,54.47850036621094,54.75181579589844,0,0,NaN,NaN,0,NaN,NaN,0,2.987161874771118,17179869184,2147483648,7398260736,922288128
209,1760635478091,3228,3228,3228,3228,3228,3228,3228,3228,57.0468635559082,55.146339416503906,54.74674987792969,56.1393928527832,56.16802978515625,54.85164260864258,56.668514251708984,53.54332733154297,54.47850036621094,54.75181579589844,0,0,100,0,0,0,0,0,2.987161874771118,17179869184,2147483648,7398375424,922288128
209,1760635478301,3228,3228,3228,3228,3228,3228,3228,3228,57.610877990722656,55.557090759277344,54.89530944824219,57.178165435791016,57.15272521972656,55.773921966552734,57.00629425048828,54.168243408203125,55.31932830810547,55.166465759277344,9.523809432983398,5,18.18181800842285,66.66667175292969,5,9.523809432983398,0,0,2.987161874771118,17179869184,2147483648,7475970048,922288128
13,1760635478511,3228,3228,3228,3228,3228,3228,3228,3228,57.610877990722656,55.557090759277344,54.89530944824219,57.178165435791016,57.15272521972656,55.773921966552734,57.00629425048828,54.168243408203125,55.31932830810547,55.166465759277344,9.090909004211426,13.636363983154297,0,23.809524536132813,4.545454502105713,0,0,0,2.987161874771118,17179869184,2147483648,7475970048,922288128
