Delta,Time,CPU_FREQUENCY_0,CPU_FREQUENCY_1,CPU_FREQUENCY_2,CPU_FREQUENCY_3,CPU_FREQUENCY_4,CPU_FREQUENCY_5,CPU_FREQUENCY_6,CPU_FREQUENCY_7,CPU_TEMP_0,CPU_TEMP_1,CPU_TEMP_2,CPU_TEMP_3,CPU_TEMP_4,CPU_TEMP_5,CPU_TEMP_6,CPU_TEMP_7,CPU_TEMP_8,CPU_TEMP_9,CPU_USAGE_0,CPU_USAGE_1,CPU_USAGE_2,CPU_USAGE_3,CPU_USAGE_4,CPU_USAGE_5,CPU_USAGE_6,CPU_USAGE_7,SYSTEM_POWER (Watts),TOTAL_MEMORY,TOTAL_SWAP,USED_MEMORY,USED_SWAP
0,1760638980075,3228,3228,3228,3228,3228,3228,3228,3228,57.17197036743164,56.75640106201172,55.791893005371094,57.26830291748047,57.084129333496094,55.2794189453125,58.103782653808594,54.33805847167969,55.53104019165039,55.920494079589844,100,NaN,0,100,0,0,0,NaN,3.409926176071167,17179869184,2147483648,7483473920,913899520
203,1760638980075,3228,3228,3228,3228,3228,3228,3228,3228,57.17197036743164,56.75640106201172,55.791893005371094,57.26830291748047,57.084129333496094,55.2794189453125,58.103782653808594,54.33805847167969,55.53104019165039,55.920494079589844,NaN,0,NaN,0,0,0,NaN,0,3.409926176071167,17179869184,2147483648,7484260352,913899520
200,1760638980279,3228,3228,3228,3228,3228,3228,3228,3228,57.18644714355469,56.71609878540039,55.88031005859375,57.79560089111328,57.169921875,55.45569610595703,58.098758697509766,54.580322265625,55.47096633911133,55.93321228027344,57.142860412597656,76.19047546386719,30.000001907348633,10,0,60.000003814697266,0,0,3.409926176071167,17179869184,2147483648,7556579328,913899520
10,1760638980479,3228,3228,3228,3228,3228,3228,3228,3228,57.18644714355469,56.71609878540039,55.88031005859375,57.79560089111328,57.169921875,55.45569610595703,58.098758697509766,54.580322265625,55.47096633911133,55.93321228027344,84.21052551269531,55,70,31.57894515991211,5.263157844543457,14.285715103149414,0,0,3.409926176071167,17179869184,2147483648,7483523072,913899520
