Delta,Time,CPU_FREQUENCY_0,CPU_FREQUENCY_1,CPU_FREQUENCY_2,CPU_FREQUENCY_3,CPU_FREQUENCY_4,CPU_FREQUENCY_5,CPU_FREQUENCY_6,CPU_FREQUENCY_7,CPU_TEMP_0,CPU_TEMP_1,CPU_TEMP_2,CPU_TEMP_3,CPU_TEMP_4,CPU_TEMP_5,CPU_TEMP_6,CPU_TEMP_7,CPU_TEMP_8,CPU_TEMP_9,CPU_USAGE_0,CPU_USAGE_1,CPU_USAGE_2,CPU_USAGE_3,CPU_USAGE_4,CPU_USAGE_5,CPU_USAGE_6,CPU_USAGE_7,SYSTEM_POWER (Watts),TOTAL_MEMORY,TOTAL_SWAP,USED_MEMORY,USED_SWAP
0,1760648703038,3228,3228,3228,3228,3228,3228,3228,3228,57.370445251464844,56.15528106689453,55.29535675048828,56.85084533691406,56.57415771484375,55.8863639831543,56.916404724121094,54.62418746948242,54.37934875488281,54.583984375,100,NaN,NaN,0,0,0,0,NaN,12.000934600830078,17179869184,2147483648,7975731200,905510912
209,1760648703039,3228,3228,3228,3228,3228,3228,3228,3228,57.370445251464844,56.15528106689453,55.29535675048828,56.85084533691406,56.57415771484375,55.8863639831543,56.916404724121094,54.62418746948242,54.37934875488281,54.583984375,100,100,0,100,0,NaN,NaN,0,12.000934600830078,17179869184,2147483648,7975845888,905510912
203,1760648703249,3228,3228,3228,3228,3228,3228,3228,3228,57.752681732177734,56.84711837768555,55.69905090332031,57.940521240234375,57.17455291748047,56.729557037353516,58.347774505615234,56.07070541381836,55.5274658203125,55.19023132324219,100,100,47.619049072265625,50,38.095237731933594,47.619049072265625,30.434782028198242,25,12.000934600830078,17179869184,2147483648,8037728256,905510912
210,1760648703453,3228,3228,3228,3228,3228,3228,3228,3228,57.752681732177734,56.84711837768555,55.69905090332031,57.940521240234375,57.17455291748047,56.729557037353516,58.347774505615234,56.07070541381836,55.5274658203125,55.19023132324219,100,100,40,57.142860412597656,0,0,0,0,12.000934600830078,17179869184,2147483648,8037728256,905510912
9,1760648703663,3228,3228,3228,3228,3228,3228,3228,3228,57.752681732177734,56.84711837768555,55.69905090332031,57.940521240234375,57.17455291748047,56.729557037353516,58.347774505615234,56.07070541381836,55.5274658203125,55.19023132324219,100,100,85.71428680419922,42.85714340209961,38.095237731933594,42.85714340209961,36.3636360168457,38.095237731933594,7.635094165802002,17179869184,2147483648,7986216960,905510912
