Delta,Time,CPU_FREQUENCY_0,CPU_FREQUENCY_1,CPU_FREQUENCY_2,CPU_FREQUENCY_3,CPU_FREQUENCY_4,CPU_FREQUENCY_5,CPU_FREQUENCY_6,CPU_FREQUENCY_7,CPU_TEMP_0,CPU_TEMP_1,CPU_TEMP_2,CPU_TEMP_3,CPU_TEMP_4,CPU_TEMP_5,CPU_TEMP_6,CPU_TEMP_7,CPU_TEMP_8,CPU_TEMP_9,CPU_USAGE_0,CPU_USAGE_1,CPU_USAGE_2,CPU_USAGE_3,CPU_USAGE_4,CPU_USAGE_5,CPU_USAGE_6,CPU_USAGE_7,SYSTEM_POWER (Watts),TOTAL_MEMORY,TOTAL_SWAP,USED_MEMORY,USED_SWAP
0,1760640199597,3228,3228,3228,3228,3228,3228,3228,3228,59.24105453491211,58.24429702758789,57.542877197265625,59.56075668334961,58.620628356933594,57.12399673461914,58.816184997558594,56.230079650878906,56.615543365478516,57.27143859863281,0,50,100,0,0,0,0,0,4.2605671882629395,17179869184,2147483648,7909048320,905510912
209,1760640199597,3228,3228,3228,3228,3228,3228,3228,3228,59.24105453491211,58.24429702758789,57.542877197265625,59.56075668334961,58.620628356933594,57.12399673461914,58.816184997558594,56.230079650878906,56.615543365478516,57.27143859863281,100,100,0,0,NaN,0,0,0,4.2605671882629395,17179869184,2147483648,7909244928,905510912
209,1760640199807,3228,3228,3228,3228,3228,3228,3228,3228,59.24105453491211,58.24429702758789,57.542877197265625,59.56075668334961,58.620628356933594,57.12399673461914,58.816184997558594,56.230079650878906,56.615543365478516,57.27143859863281,60.000003814697266,71.42857360839844,63.6363639831543,28.571430206298828,72.7272720336914,14.285715103149414,0,4.761904716491699,4.2605671882629395,17179869184,2147483648,7969062912,905510912
10,1760640200017,3228,3228,3228,3228,3228,3228,3228,3228,59.24105453491211,58.24429702758789,57.542877197265625,59.56075668334961,58.620628356933594,57.12399673461914,58.816184997558594,56.230079650878906,56.615543365478516,57.27143859863281,19.047618865966797,19.047618865966797,65,57.142860412597656,19.047618865966797,9.523809432983398,0,0,4.2605671882629395,17179869184,2147483648,7898464256,905510912
