Delta,Time,CPU_FREQUENCY_0,CPU_FREQUENCY_1,CPU_FREQUENCY_2,CPU_FREQUENCY_3,CPU_FREQUENCY_4,CPU_FREQUENCY_5,CPU_FREQUENCY_6,CPU_FREQUENCY_7,CPU_TEMP_0,CPU_TEMP_1,CPU_TEMP_2,CPU_TEMP_3,CPU_TEMP_4,CPU_TEMP_5,CPU_TEMP_6,CPU_TEMP_7,CPU_TEMP_8,CPU_TEMP_9,CPU_USAGE_0,CPU_USAGE_1,CPU_USAGE_2,CPU_USAGE_3,CPU_USAGE_4,CPU_USAGE_5,CPU_USAGE_6,CPU_USAGE_7,SYSTEM_POWER (Watts),TOTAL_MEMORY,TOTAL_SWAP,USED_MEMORY,USED_SWAP
0,1760614972545,3228,3228,3228,3228,3228,3228,3228,3228,52.89824295043945,52.56354522705078,51.48499298095703,52.2636833190918,52.41328430175781,51.828182220458984,53.407291412353516,50.060794830322266,50.70640182495117,51.25914001464844,50,100,0,0,0,0,0,0,3.4660937786102295,17179869184,2147483648,6807519232,989396992
209,1760614972545,3228,3228,3228,3228,3228,3228,3228,3228,52.89824295043945,52.56354522705078,51.48499298095703,52.2636833190918,52.41328430175781,51.828182220458984,53.407291412353516,50.060794830322266,50.70640182495117,51.25914001464844,100,50,100,0,0,0,0,0,3.4660937786102295,17179869184,2147483648,6807519232,989396992
10,1760614972756,3228,3228,3228,3228,3228,3228,3228,3228,52.89824295043945,52.56354522705078,51.48499298095703,52.2636833190918,52.41328430175781,51.828182220458984,53.407291412353516,50.060794830322266,50.70640182495117,51.25914001464844,55,50,0,18.18181800842285,0,0,0,0,3.1278765201568604,17179869184,2147483648,6807519232,989396992
