Delta,Time,CPU_FREQUENCY_0,CPU_FREQUENCY_1,CPU_FREQUENCY_2,CPU_FREQUENCY_3,CPU_FREQUENCY_4,CPU_FREQUENCY_5,CPU_FREQUENCY_6,CPU_FREQUENCY_7,CPU_TEMP_0,CPU_TEMP_1,CPU_TEMP_2,CPU_TEMP_3,CPU_TEMP_4,CPU_TEMP_5,CPU_TEMP_6,CPU_TEMP_7,CPU_TEMP_8,CPU_TEMP_9,CPU_USAGE_0,CPU_USAGE_1,CPU_USAGE_2,CPU_USAGE_3,CPU_USAGE_4,CPU_USAGE_5,CPU_USAGE_6,CPU_USAGE_7,SYSTEM_POWER (Watts),TOTAL_MEMORY,TOTAL_SWAP,USED_MEMORY,USED_SWAP
0,1760653615506,3228,3228,3228,3228,3228,3228,3228,3228,52.684452056884766,52.26581573486328,50.97187805175781,51.61090850830078,51.14613342285156,50.75950622558594,52.9595832824707,49.51911926269531,50.41303634643555,50.293479919433594,100,NaN,0,0,0,0,0,0,3.036259412765503,17179869184,2147483648,7346552832,897122304
209,1760653615506,3228,3228,3228,3228,3228,3228,3228,3228,52.684452056884766,52.26581573486328,50.97187805175781,51.61090850830078,51.14613342285156,50.75950622558594,52.9595832824707,49.51911926269531,50.41303634643555,50.293479919433594,100,0,0,100,0,0,0,0,3.036259412765503,17179869184,2147483648,7346552832,897122304
209,1760653615716,3228,3228,3228,3228,3228,3228,3228,3228,52.684452056884766,52.26581573486328,50.97187805175781,51.61090850830078,51.14613342285156,50.75950622558594,52.9595832824707,49.51911926269531,50.41303634643555,50.293479919433594,52.38095474243164,54.54545593261719,85,66.66667175292969,9.523809432983398,10,4.761904716491699,4.761904716491699,3.306796073913574,17179869184,2147483648,7346552832,897122304
11,1760653615927,3228,3228,3228,3228,3228,3228,3228,3228,52.684452056884766,52.26581573486328,50.97187805175781,51.61090850830078,51.14613342285156,50.75950622558594,52.9595832824707,49.51911926269531,50.41303634643555,50.293479919433594,68.18181610107422,35,0,14.285715103149414,4.761904716491699,0,0,0,3.306796073913574,17179869184,2147483648,7346552832,897122304
