Delta,Time,CPU_FREQUENCY_0,CPU_FREQUENCY_1,CPU_FREQUENCY_2,CPU_FREQUENCY_3,CPU_FREQUENCY_4,CPU_FREQUENCY_5,CPU_FREQUENCY_6,CPU_FREQUENCY_7,CPU_TEMP_0,CPU_TEMP_1,CPU_TEMP_2,CPU_TEMP_3,CPU_TEMP_4,CPU_TEMP_5,CPU_TEMP_6,CPU_TEMP_7,CPU_TEMP_8,CPU_TEMP_9,CPU_USAGE_0,CPU_USAGE_1,CPU_USAGE_2,CPU_USAGE_3,CPU_USAGE_4,CPU_USAGE_5,CPU_USAGE_6,CPU_USAGE_7,SYSTEM_POWER (Watts),TOTAL_MEMORY,TOTAL_SWAP,USED_MEMORY,USED_SWAP
0,1760634808618,3228,3228,3228,3228,3228,3228,3228,3228,55.35376739501953,54.123008728027344,53.599334716796875,54.94628143310547,55.03150177001953,53.59452438354492,55.08359909057617,52.17245864868164,53.25960922241211,53.54322814941406,100,100,NaN,0,0,0,0,0,3.3736958503723145,17179869184,2147483648,8982249472,922288128
202,1760634808618,3228,3228,3228,3228,3228,3228,3228,3228,55.35376739501953,54.123008728027344,53.599334716796875,54.94628143310547,55.03150177001953,53.59452438354492,55.08359909057617,52.17245864868164,53.25960922241211,53.54322814941406,0,NaN,0,NaN,0,0,0,0,3.3736958503723145,17179869184,2147483648,8980250624,922288128
201,1760634808820,3228,3228,3228,3228,3228,3228,3228,3228,55.35376739501953,54.123008728027344,53.599334716796875,54.94628143310547,55.03150177001953,53.59452438354492,55.08359909057617,52.17245864868164,53.25960922241211,53.54322814941406,66.66667175292969,70,20,71.42857360839844,0,0,5,0,3.3736958503723145,17179869184,2147483648,8980250624,922288128
9,1760634809022,3228,3228,3228,3228,3228,3228,3228,3228,55.35376739501953,54.123008728027344,53.599334716796875,54.94628143310547,55.03150177001953,53.59452438354492,55.08359909057617,52.17245864868164,53.25960922241211,53.54322814941406,50,52.38095474243164,4.761904716491699,28.571430206298828,0,0,0,0,3.3736958503723145,17179869184,2147483648,8980250624,922288128
