Delta,Time,CPU_FREQUENCY_0,CPU_FREQUENCY_1,CPU_FREQUENCY_2,CPU_FREQUENCY_3,CPU_FREQUENCY_4,CPU_FREQUENCY_5,CPU_FREQUENCY_6,CPU_FREQUENCY_7,CPU_TEMP_0,CPU_TEMP_1,CPU_TEMP_2,CPU_TEMP_3,CPU_TEMP_4,CPU_TEMP_5,CPU_TEMP_6,CPU_TEMP_7,CPU_TEMP_8,CPU_TEMP_9,CPU_USAGE_0,CPU_USAGE_1,CPU_USAGE_2,CPU_USAGE_3,CPU_USAGE_4,CPU_USAGE_5,CPU_USAGE_6,CPU_USAGE_7,SYSTEM_POWER (Watts),TOTAL_MEMORY,TOTAL_SWAP,USED_MEMORY,USED_SWAP
0,1760648362887,3228,3228,3228,3228,3228,3228,3228,3228,56.53511047363281,54.94778823852539,54.20378112792969,56.436702728271484,55.010658264160156,54.316627502441406,56.283592224121094,53.78312683105469,54.204532623291016,54.308387756347656,0,0,50,0,100,0,0,0,4.0958251953125,17179869184,2147483648,7692910592,905510912
209,1760648362887,3228,3228,3228,3228,3228,3228,3228,3228,56.53511047363281,54.94778823852539,54.20378112792969,56.436702728271484,55.010658264160156,54.316627502441406,56.283592224121094,53.78312683105469,54.204532623291016,54.308387756347656,0,0,100,100,0,NaN,0,0,4.0958251953125,17179869184,2147483648,7695679488,905510912
209,1760648363097,3228,3228,3228,3228,3228,3228,3228,3228,58.07913589477539,56.04750061035156,55.26536560058594,58.41849136352539,57.289794921875,57.2463493347168,57.406192779541016,54.954978942871094,54.99229431152344,55.39656066894531,38.095237731933594,23.809524536132813,61.904762268066406,55,52.38095474243164,4.761904716491699,0,0,4.0958251953125,17179869184,2147483648,7764295680,905510912
10,1760648363307,3228,3228,3228,3228,3228,3228,3228,3228,58.07913589477539,56.04750061035156,55.26536560058594,58.41849136352539,57.289794921875,57.2463493347168,57.406192779541016,54.954978942871094,54.99229431152344,55.39656066894531,50,54.54545593261719,76.19047546386719,45.45454788208008,14.285715103149414,14.285715103149414,13.043478012084961,9.090909004211426,4.0958251953125,17179869184,2147483648,7764295680,905510912
