Delta,Time,CPU_FREQUENCY_0,CPU_FREQUENCY_1,CPU_FREQUENCY_2,CPU_FREQUENCY_3,CPU_FREQUENCY_4,CPU_FREQUENCY_5,CPU_FREQUENCY_6,CPU_FREQUENCY_7,CPU_TEMP_0,CPU_TEMP_1,CPU_TEMP_2,CPU_TEMP_3,CPU_TEMP_4,CPU_TEMP_5,CPU_TEMP_6,CPU_TEMP_7,CPU_TEMP_8,CPU_TEMP_9,CPU_USAGE_0,CPU_USAGE_1,CPU_USAGE_2,CPU_USAGE_3,CPU_USAGE_4,CPU_USAGE_5,CPU_USAGE_6,CPU_USAGE_7,SYSTEM_POWER (Watts),TOTAL_MEMORY,TOTAL_SWAP,USED_MEMORY,USED_SWAP
0,1760625927325,3228,3228,3228,3228,3228,3228,3228,3228,54.34201431274414,54.13908004760742,53.193939208984375,54.79674530029297,54.03370666503906,53.559017181396484,54.48188400268555,51.514015197753906,52.17563247680664,53.073699951171875,100,100,0,0,0,0,0,0,3.32625412940979,17179869184,2147483648,7147094016,947453952
209,1760625927325,3228,3228,3228,3228,3228,3228,3228,3228,54.34201431274414,54.13908004760742,53.193939208984375,54.79674530029297,54.03370666503906,53.559017181396484,54.48188400268555,51.514015197753906,52.17563247680664,53.073699951171875,0,50,100,0,0,0,0,0,3.32625412940979,17179869184,2147483648,7147126784,947453952
209,1760625927535,3228,3228,3228,3228,3228,3228,3228,3228,54.34201431274414,54.13908004760742,53.193939208984375,54.79674530029297,54.03370666503906,53.559017181396484,54.48188400268555,51.514015197753906,52.17563247680664,53.073699951171875,52.38095474243164,50,76.19047546386719,57.142860412597656,9.523809432983398,9.523809432983398,4.761904716491699,4.761904716491699,4.231745719909668,17179869184,2147483648,7203389440,947453952
9,1760625927745,3228,3228,3228,3228,3228,3228,3228,3228,54.34201431274414,54.13908004760742,53.193939208984375,54.79674530029297,54.03370666503906,53.559017181396484,54.48188400268555,51.514015197753906,52.17563247680664,53.073699951171875,66.66667175292969,54.54545593261719,0,47.619049072265625,0,0,0,0,4.231745719909668,17179869184,2147483648,7116341248,947453952
