Delta,Time,CPU_FREQUENCY_0,CPU_FREQUENCY_1,CPU_FREQUENCY_2,CPU_FREQUENCY_3,CPU_FREQUENCY_4,CPU_FREQUENCY_5,CPU_FREQUENCY_6,CPU_FREQUENCY_7,CPU_TEMP_0,CPU_TEMP_1,CPU_TEMP_2,CPU_TEMP_3,CPU_TEMP_4,CPU_TEMP_5,CPU_TEMP_6,CPU_TEMP_7,CPU_TEMP_8,CPU_TEMP_9,CPU_USAGE_0,CPU_USAGE_1,CPU_USAGE_2,CPU_USAGE_3,CPU_USAGE_4,CPU_USAGE_5,CPU_USAGE_6,CPU_USAGE_7,SYSTEM_POWER (Watts),TOTAL_MEMORY,TOTAL_SWAP,USED_MEMORY,USED_SWAP
0,1760641348055,3228,3228,3228,3228,3228,3228,3228,3228,57.888065338134766,56.85090637207031,56.105690002441406,58.281837463378906,57.186866760253906,55.96814727783203,57.934669494628906,55.13916015625,55.180389404296875,55.74243927001953,0,NaN,NaN,100,0,NaN,0,NaN,3.9835329055786133,17179869184,2147483648,8116125696,905510912
209,1760641348055,3228,3228,3228,3228,3228,3228,3228,3228,57.888065338134766,56.85090637207031,56.105690002441406,58.281837463378906,57.186866760253906,55.96814727783203,57.934669494628906,55.13916015625,55.180389404296875,55.74243927001953,NaN,0,100,NaN,NaN,0,NaN,0,3.9835329055786133,17179869184,2147483648,8116125696,905510912
205,1760641348265,3228,3228,3228,3228,3228,3228,3228,3228,58.65662384033203,57.314517974853516,56.722900390625,59.507972717285156,58.765159606933594,57.378353118896484,58.899314880371094,56.05036544799805,56.0282096862793,56.500328063964844,40.90909194946289,38.095237731933594,66.66667175292969,81.81818389892578,28.571430206298828,9.523809432983398,0,0,3.9835329055786133,17179869184,2147483648,8116125696,905510912
9,1760641348471,3228,3228,3228,3228,3228,3228,3228,3228,58.65662384033203,57.314517974853516,56.722900390625,59.507972717285156,58.765159606933594,57.378353118896484,58.899314880371094,56.05036544799805,56.0282096862793,56.500328063964844,25,25,85.71428680419922,52.38095474243164,15.000000953674316,10,5,9.090909004211426,3.9835329055786133,17179869184,2147483648,8116125696,905510912
