Delta,Time,CPU_FREQUENCY_0,CPU_FREQUENCY_1,CPU_FREQUENCY_2,CPU_FREQUENCY_3,CPU_FREQUENCY_4,CPU_FREQUENCY_5,CPU_FREQUENCY_6,CPU_FREQUENCY_7,CPU_TEMP_0,CPU_TEMP_1,CPU_TEMP_2,CPU_TEMP_3,CPU_TEMP_4,CPU_TEMP_5,CPU_TEMP_6,CPU_TEMP_7,CPU_TEMP_8,CPU_TEMP_9,CPU_USAGE_0,CPU_USAGE_1,CPU_USAGE_2,CPU_USAGE_3,CPU_USAGE_4,CPU_USAGE_5,CPU_USAGE_6,CPU_USAGE_7,SYSTEM_POWER (Watts),TOTAL_MEMORY,TOTAL_SWAP,USED_MEMORY,USED_SWAP
0,1760617270154,3228,3228,3228,3228,3228,3228,3228,3228,54.11112594604492,53.32343673706055,52.86310577392578,54.362396240234375,53.122589111328125,52.726768493652344,54.27033615112305,51.39961242675781,51.63071060180664,51.86677551269531,100,50,0,0,0,0,0,0,3.229217052459717,17179869184,2147483648,7253868544,981008384
209,1760617270154,3228,3228,3228,3228,3228,3228,3228,3228,54.11112594604492,53.32343673706055,52.86310577392578,54.362396240234375,53.122589111328125,52.726768493652344,54.27033615112305,51.39961242675781,51.63071060180664,51.86677551269531,0,100,0,100,0,0,0,0,3.229217052459717,17179869184,2147483648,7255474176,981008384
209,1760617270364,3228,3228,3228,3228,3228,3228,3228,3228,54.11112594604492,53.32343673706055,52.86310577392578,54.362396240234375,53.122589111328125,52.726768493652344,54.27033615112305,51.39961242675781,51.63071060180664,51.86677551269531,80.95238494873047,85,65,0,28.571430206298828,4.761904716491699,0,0,3.229217052459717,17179869184,2147483648,7255474176,981008384
10,1760617270574,3228,3228,3228,3228,3228,3228,3228,3228,54.11112594604492,53.32343673706055,52.86310577392578,54.362396240234375,53.122589111328125,52.726768493652344,54.27033615112305,51.39961242675781,51.63071060180664,51.86677551269531,33.333335876464844,40.90909194946289,52.38095474243164,30.000001907348633,9.523809432983398,0,0,0,3.2730023860931396,17179869184,2147483648,7255474176,981008384
