Delta,Time,CPU_FREQUENCY_0,CPU_FREQUENCY_1,CPU_FREQUENCY_2,CPU_FREQUENCY_3,CPU_FREQUENCY_4,CPU_FREQUENCY_5,CPU_FREQUENCY_6,CPU_FREQUENCY_7,CPU_TEMP_0,CPU_TEMP_1,CPU_TEMP_2,CPU_TEMP_3,CPU_TEMP_4,CPU_TEMP_5,CPU_TEMP_6,CPU_TEMP_7,CPU_TEMP_8,CPU_TEMP_9,CPU_USAGE_0,CPU_USAGE_1,CPU_USAGE_2,CPU_USAGE_3,CPU_USAGE_4,CPU_USAGE_5,CPU_USAGE_6,CPU_USAGE_7,SYSTEM_POWER (Watts),TOTAL_MEMORY,TOTAL_SWAP,USED_MEMORY,USED_SWAP
0,1760620901445,3228,3228,3228,3228,3228,3228,3228,3228,56.24591827392578,55.37657928466797,54.57743835449219,56.4935417175293,56.1163330078125,55.05669021606445,56.2701301574707,52.61257553100586,53.344566345214844,53.87322998046875,NaN,100,100,0,0,0,0,0,3.9429686069488525,17179869184,2147483648,7580680192,964231168
209,1760620901446,3228,3228,3228,3228,3228,3228,3228,3228,56.24591827392578,55.37657928466797,54.57743835449219,56.4935417175293,56.1163330078125,55.05669021606445,56.2701301574707,52.61257553100586,53.344566345214844,53.87322998046875,100,NaN,NaN,50,100,50,0,0,3.9429686069488525,17179869184,2147483648,7581155328,964231168
209,1760620901656,3228,3228,3228,3228,3228,3228,3228,3228,56.24591827392578,55.37657928466797,54.57743835449219,56.4935417175293,56.1163330078125,55.05669021606445,56.2701301574707,52.61257553100586,53.344566345214844,53.87322998046875,35,33.333335876464844,71.42857360839844,85.71428680419922,31.81818199157715,15.000000953674316,18.18181800842285,4.761904716491699,4.853391170501709,17179869184,2147483648,7581155328,964231168
204,1760620901866,3228,3228,3228,3228,3228,3228,3228,3228,56.24591827392578,55.37657928466797,54.57743835449219,56.4935417175293,56.1163330078125,55.05669021606445,56.2701301574707,52.61257553100586,53.344566345214844,53.87322998046875,38.095237731933594,20,71.42857360839844,47.619049072265625,35,13.636363983154297,0,0,4.853391170501709,17179869184,2147483648,7581155328,964231168
9,1760620902070,3228,3228,3228,3228,3228,3228,3228,3228,56.24591827392578,55.37657928466797,54.57743835449219,56.4935417175293,56.1163330078125,55.05669021606445,56.2701301574707,52.61257553100586,53.344566345214844,53.87322998046875,50,47.619049072265625,80,38.095237731933594,10,5,4.761904716491699,0,4.853391170501709,17179869184,2147483648,7579320320,964231168
