Delta,Time,CPU_FREQUENCY_0,CPU_FREQUENCY_1,CPU_FREQUENCY_2,CPU_FREQUENCY_3,CPU_FREQUENCY_4,CPU_FREQUENCY_5,CPU_FREQUENCY_6,CPU_FREQUENCY_7,CPU_TEMP_0,CPU_TEMP_1,CPU_TEMP_2,CPU_TEMP_3,CPU_TEMP_4,CPU_TEMP_5,CPU_TEMP_6,CPU_TEMP_7,CPU_TEMP_8,CPU_TEMP_9,CPU_USAGE_0,CPU_USAGE_1,CPU_USAGE_2,CPU_USAGE_3,CPU_USAGE_4,CPU_USAGE_5,CPU_USAGE_6,CPU_USAGE_7,SYSTEM_POWER (Watts),TOTAL_MEMORY,TOTAL_SWAP,USED_MEMORY,USED_SWAP
0,1760643145846,3228,3228,3228,3228,3228,3228,3228,3228,52.955318450927734,52.06436538696289,51.321205139160156,51.68595504760742,51.09040832519531,51.135223388671875,52.80934143066406,49.55549240112305,50.03169250488281,50.41322326660156,NaN,50,0,0,0,0,0,0,3.011641502380371,17179869184,2147483648,6969344000,905510912
202,1760643145846,3228,3228,3228,3228,3228,3228,3228,3228,52.955318450927734,52.06436538696289,51.321205139160156,51.68595504760742,51.09040832519531,51.135223388671875,52.80934143066406,49.55549240112305,50.03169250488281,50.41322326660156,50,100,100,0,0,0,0,0,3.011641502380371,17179869184,2147483648,6967705600,905510912
200,1760643146049,3228,3228,3228,3228,3228,3228,3228,3228,52.955318450927734,52.06436538696289,51.321205139160156,51.68595504760742,51.09040832519531,51.135223388671875,52.80934143066406,49.55549240112305,50.03169250488281,50.41322326660156,80.95238494873047,60.000003814697266,0,4.761904716491699,95.23809814453125,0,0,0,3.011641502380371,17179869184,2147483648,7035011072,905510912
206,1760643146249,3228,3228,3228,3228,3228,3228,3228,3228,54.231788635253906,52.80756378173828,52.13920593261719,53.148502349853516,53.23124694824219,55.15217208862305,53.871124267578125,50.50749969482422,50.869468688964844,51.748626708984375,36.842105865478516,55,28.571430206298828,30.000001907348633,75,15.000000953674316,5,5.263157844543457,3.011641502380371,17179869184,2147483648,7035011072,905510912
9,1760643146456,3228,3228,3228,3228,3228,3228,3228,3228,54.231788635253906,52.80756378173828,52.13920593261719,53.148502349853516,53.23124694824219,55.15217208862305,53.871124267578125,50.50749969482422,50.869468688964844,51.748626708984375,85,25,60.000003814697266,4.761904716491699,4.761904716491699,0,0,0,3.011641502380371,17179869184,2147483648,6982320128,905510912
