Delta,Time,CPU_FREQUENCY_0,CPU_FREQUENCY_1,CPU_FREQUENCY_2,CPU_FREQUENCY_3,CPU_FREQUENCY_4,CPU_FREQUENCY_5,CPU_FREQUENCY_6,CPU_FREQUENCY_7,CPU_TEMP_0,CPU_TEMP_1,CPU_TEMP_2,CPU_TEMP_3,CPU_TEMP_4,CPU_TEMP_5,CPU_TEMP_6,CPU_TEMP_7,CPU_TEMP_8,CPU_TEMP_9,CPU_USAGE_0,CPU_USAGE_1,CPU_USAGE_2,CPU_USAGE_3,CPU_USAGE_4,CPU_USAGE_5,CPU_USAGE_6,CPU_USAGE_7,SYSTEM_POWER (Watts),TOTAL_MEMORY,TOTAL_SWAP,USED_MEMORY,USED_SWAP
0,1760639212404,3228,3228,3228,3228,3228,3228,3228,3228,57.286895751953125,56.36118698120117,55.484130859375,56.301292419433594,56.456947326660156,55.138427734375,57.3528938293457,54.43885803222656,55.35481262207031,55.119415283203125,0,50,0,0,0,0,0,0,2.576098680496216,17179869184,2147483648,7032504320,905510912
204,1760639212404,3228,3228,3228,3228,3228,3228,3228,3228,57.286895751953125,56.36118698120117,55.484130859375,56.301292419433594,56.456947326660156,55.138427734375,57.3528938293457,54.43885803222656,55.35481262207031,55.119415283203125,0,0,100,0,0,0,0,0,2.576098680496216,17179869184,2147483648,7031652352,905510912
204,1760639212609,3228,3228,3228,3228,3228,3228,3228,3228,57.286895751953125,56.36118698120117,55.484130859375,56.301292419433594,56.456947326660156,55.138427734375,57.3528938293457,54.43885803222656,55.35481262207031,55.119415283203125,9.523809432983398,5.263157844543457,80,23.809524536132813,0,0,0,0,2.310180187225342,17179869184,2147483648,7097794560,905510912
204,1760639212814,3228,3228,3228,3228,3228,3228,3228,3228,57.286895751953125,56.36118698120117,55.484130859375,56.301292419433594,56.456947326660156,55.138427734375,57.3528938293457,54.43885803222656,55.35481262207031,55.119415283203125,0,4.545454502105713,60.000003814697266,38.095237731933594,0,5,0,0,2.310180187225342,17179869184,2147483648,7097794560,905510912
10,1760639213019,3228,3228,3228,3228,3228,3228,3228,3228,57.286895751953125,56.36118698120117,55.484130859375,56.301292419433594,56.456947326660156,55.138427734375,57.3528938293457,54.43885803222656,55.35481262207031,55.119415283203125,9.523809432983398,5,0,55,0,0,0,0,2.310180187225342,17179869184,2147483648,7030030336,905510912
