Delta,Time,CPU_FREQUENCY_0,CPU_FREQUENCY_1,CPU_FREQUENCY_2,CPU_FREQUENCY_3,CPU_FREQUENCY_4,CPU_FREQUENCY_5,CPU_FREQUENCY_6,CPU_FREQUENCY_7,CPU_TEMP_0,CPU_TEMP_1,CPU_TEMP_2,CPU_TEMP_3,CPU_TEMP_4,CPU_TEMP_5,CPU_TEMP_6,CPU_TEMP_7,CPU_TEMP_8,CPU_TEMP_9,CPU_USAGE_0,CPU_USAGE_1,CPU_USAGE_2,CPU_USAGE_3,CPU_USAGE_4,CPU_USAGE_5,CPU_USAGE_6,CPU_USAGE_7,SYSTEM_POWER (Watts),TOTAL_MEMORY,TOTAL_SWAP,USED_MEMORY,USED_SWAP
0,1760648480581,3228,3228,3228,3228,3228,3228,3228,3228,56.98026657104492,56.31114196777344,54.44667053222656,56.431610107421875,55.90411376953125,55.83549880981445,56.64151382446289,54.550140380859375,54.68806838989258,55.04571533203125,NaN,100,100,100,100,100,100,100,5.937828540802002,17179869184,2147483648,7856717824,905510912
209,1760648480581,3228,3228,3228,3228,3228,3228,3228,3228,56.98026657104492,56.31114196777344,54.44667053222656,56.431610107421875,55.90411376953125,55.83549880981445,56.64151382446289,54.550140380859375,54.68806838989258,55.04571533203125,100,100,100,50,0,NaN,0,0,5.937828540802002,17179869184,2147483648,7855226880,905510912
8,1760648480791,3228,3228,3228,3228,3228,3228,3228,3228,56.98026657104492,56.31114196777344,54.44667053222656,56.431610107421875,55.90411376953125,55.83549880981445,56.64151382446289,54.550140380859375,54.68806838989258,55.04571533203125,90.47618865966797,80.95238494873047,71.42857360839844,40,38.095237731933594,30.000001907348633,23.809524536132813,4.761904716491699,5.937828540802002,17179869184,2147483648,7841349632,905510912
