Delta,Time,CPU_FREQUENCY_0,CPU_FREQUENCY_1,CPU_FREQUENCY_2,CPU_FREQUENCY_3,CPU_FREQUENCY_4,CPU_FREQUENCY_5,CPU_FREQUENCY_6,CPU_FREQUENCY_7,CPU_TEMP_0,CPU_TEMP_1,CPU_TEMP_2,CPU_TEMP_3,CPU_TEMP_4,CPU_TEMP_5,CPU_TEMP_6,CPU_TEMP_7,CPU_TEMP_8,CPU_TEMP_9,CPU_USAGE_0,CPU_USAGE_1,CPU_USAGE_2,CPU_USAGE_3,CPU_USAGE_4,CPU_USAGE_5,CPU_USAGE_6,CPU_USAGE_7,SYSTEM_POWER (Watts),TOTAL_MEMORY,TOTAL_SWAP,USED_MEMORY,USED_SWAP
0,1760631336183,3228,3228,3228,3228,3228,3228,3228,3228,53.49329376220703,52.02234649658203,51.75199890136719,53.271453857421875,53.016624450683594,51.517608642578125,52.69416046142578,50.349143981933594,50.82513427734375,51.442359924316406,0,0,0,0,0,0,0,0,3.612244129180908,17179869184,2147483648,7132741632,939065344
200,1760631336183,3228,3228,3228,3228,3228,3228,3228,3228,53.49329376220703,52.02234649658203,51.75199890136719,53.271453857421875,53.016624450683594,51.517608642578125,52.69416046142578,50.349143981933594,50.82513427734375,51.442359924316406,0,0,0,100,0,0,0,0,3.612244129180908,17179869184,2147483648,7132381184,939065344
209,1760631336384,3228,3228,3228,3228,3228,3228,3228,3228,53.49329376220703,52.02234649658203,51.75199890136719,53.271453857421875,53.016624450683594,51.517608642578125,52.69416046142578,50.349143981933594,50.82513427734375,51.442359924316406,9.523809432983398,0,94.73684692382813,0,0,5,0,0,3.612244129180908,17179869184,2147483648,7200112640,939065344
12,1760631336593,3228,3228,3228,3228,3228,3228,3228,3228,53.49329376220703,52.02234649658203,51.75199890136719,53.271453857421875,53.016624450683594,51.517608642578125,52.69416046142578,50.349143981933594,50.82513427734375,51.442359924316406,4.761904716491699,5,13.636363983154297,9.090909004211426,0,0,0,0,2.106287717819214,17179869184,2147483648,7126925312,939065344
