Delta,Time,CPU_FREQUENCY_0,CPU_FREQUENCY_1,CPU_FREQUENCY_2,CPU_FREQUENCY_3,CPU_FREQUENCY_4,CPU_FREQUENCY_5,CPU_FREQUENCY_6,CPU_FREQUENCY_7,CPU_TEMP_0,CPU_TEMP_1,CPU_TEMP_2,CPU_TEMP_3,CPU_TEMP_4,CPU_TEMP_5,CPU_TEMP_6,CPU_TEMP_7,CPU_TEMP_8,CPU_TEMP_9,CPU_USAGE_0,CPU_USAGE_1,CPU_USAGE_2,CPU_USAGE_3,CPU_USAGE_4,CPU_USAGE_5,CPU_USAGE_6,CPU_USAGE_7,SYSTEM_POWER (Watts),TOTAL_MEMORY,TOTAL_SWAP,USED_MEMORY,USED_SWAP
0,1760656170336,3228,3228,3228,3228,3228,3228,3228,3228,54.84405517578125,54.43748474121094,53.394622802734375,54.68251037597656,54.85106658935547,53.83616256713867,55.53290939331055,52.173770904541016,52.92628860473633,52.837547302246094,50,0,0,0,0,0,0,0,3.2061009407043457,17179869184,2147483648,7159939072,897122304
209,1760656170336,3228,3228,3228,3228,3228,3228,3228,3228,54.84405517578125,54.43748474121094,53.394622802734375,54.68251037597656,54.85106658935547,53.83616256713867,55.53290939331055,52.173770904541016,52.92628860473633,52.837547302246094,NaN,100,50,50,0,0,0,0,3.2061009407043457,17179869184,2147483648,7161364480,897122304
205,1760656170546,3228,3228,3228,3228,3228,3228,3228,3228,54.84405517578125,54.43748474121094,53.394622802734375,54.68251037597656,54.85106658935547,53.83616256713867,55.53290939331055,52.173770904541016,52.92628860473633,52.837547302246094,61.904762268066406,70,100,4.761904716491699,0,0,0,0,3.2061009407043457,17179869184,2147483648,7225901056,897122304
209,1760656170752,3228,3228,3228,3228,3228,3228,3228,3228,54.84405517578125,54.43748474121094,53.394622802734375,54.68251037597656,54.85106658935547,53.83616256713867,55.53290939331055,52.173770904541016,52.92628860473633,52.837547302246094,55,50,73.68421173095703,4.761904716491699,19.047618865966797,4.761904716491699,0,0,2.8795711994171143,17179869184,2147483648,7225901056,897122304
9,1760656170962,3228,3228,3228,3228,3228,3228,3228,3228,54.84405517578125,54.43748474121094,53.394622802734375,54.68251037597656,54.85106658935547,53.83616256713867,55.53290939331055,52.173770904541016,52.92628860473633,52.837547302246094,54.54545593261719,90,18.18181800842285,30.000001907348633,0,0,0,0,2.8795711994171143,17179869184,2147483648,7187300352,897122304
