Delta,Time,CPU_FREQUENCY_0,CPU_FREQUENCY_1,CPU_FREQUENCY_2,CPU_FREQUENCY_3,CPU_FREQUENCY_4,CPU_FREQUENCY_5,CPU_FREQUENCY_6,CPU_FREQUENCY_7,CPU_TEMP_0,CPU_TEMP_1,CPU_TEMP_2,CPU_TEMP_3,CPU_TEMP_4,CPU_TEMP_5,CPU_TEMP_6,CPU_TEMP_7,CPU_TEMP_8,CPU_TEMP_9,CPU_USAGE_0,CPU_USAGE_1,CPU_USAGE_2,CPU_USAGE_3,CPU_USAGE_4,CPU_USAGE_5,CPU_USAGE_6,CPU_USAGE_7,SYSTEM_POWER (Watts),TOTAL_MEMORY,TOTAL_SWAP,USED_MEMORY,USED_SWAP
0,1760642952009,3228,3228,3228,3228,3228,3228,3228,3228,56.10186004638672,54.71205139160156,54.650360107421875,56.04404830932617,55.480812072753906,55.07033157348633,55.73557662963867,52.41518783569336,53.11570358276367,53.575408935546875,100,NaN,100,0,0,0,0,0,7.369184494018555,17179869184,2147483648,7260274688,905510912
204,1760642952009,3228,3228,3228,3228,3228,3228,3228,3228,56.10186004638672,54.71205139160156,54.650360107421875,56.04404830932617,55.480812072753906,55.07033157348633,55.73557662963867,52.41518783569336,53.11570358276367,53.575408935546875,NaN,50,NaN,NaN,0,0,0,0,7.369184494018555,17179869184,2147483648,7260274688,905510912
209,1760642952213,3228,3228,3228,3228,3228,3228,3228,3228,57.24462890625,55.9891471862793,55.92395782470703,58.21278381347656,57.791046142578125,56.620147705078125,58.34242630004883,54.46544647216797,54.40032958984375,54.63822937011719,66.66667175292969,60.000003814697266,66.66667175292969,80.95238494873047,15.000000953674316,5,0,0,7.369184494018555,17179869184,2147483648,7260274688,905510912
8,1760642952423,3228,3228,3228,3228,3228,3228,3228,3228,57.24462890625,55.9891471862793,55.92395782470703,58.21278381347656,57.791046142578125,56.620147705078125,58.34242630004883,54.46544647216797,54.40032958984375,54.63822937011719,38.095237731933594,13.636363983154297,38.095237731933594,54.54545593261719,4.761904716491699,14.285715103149414,0,0,7.369184494018555,17179869184,2147483648,7260274688,905510912
