Delta,Time,CPU_FREQUENCY_0,CPU_FREQUENCY_1,CPU_FREQUENCY_2,CPU_FREQUENCY_3,CPU_FREQUENCY_4,CPU_FREQUENCY_5,CPU_FREQUENCY_6,CPU_FREQUENCY_7,CPU_TEMP_0,CPU_TEMP_1,CPU_TEMP_2,CPU_TEMP_3,CPU_TEMP_4,CPU_TEMP_5,CPU_TEMP_6,CPU_TEMP_7,CPU_TEMP_8,CPU_TEMP_9,CPU_USAGE_0,CPU_USAGE_1,CPU_USAGE_2,CPU_USAGE_3,CPU_USAGE_4,CPU_USAGE_5,CPU_USAGE_6,CPU_USAGE_7,SYSTEM_POWER (Watts),TOTAL_MEMORY,TOTAL_SWAP,USED_MEMORY,USED_SWAP
0,1760634462508,3228,3228,3228,3228,3228,3228,3228,3228,54.94169235229492,53.68387222290039,52.956703186035156,55.17980194091797,54.3028564453125,53.21720504760742,54.777992248535156,51.90886688232422,52.842185974121094,52.80243682861328,0,100,0,0,0,0,0,0,3.2222957611083984,17179869184,2147483648,8743092224,922288128
208,1760634462508,3228,3228,3228,3228,3228,3228,3228,3228,54.94169235229492,53.68387222290039,52.956703186035156,55.17980194091797,54.3028564453125,53.21720504760742,54.777992248535156,51.90886688232422,52.842185974121094,52.80243682861328,0,0,50,100,0,0,0,0,3.2222957611083984,17179869184,2147483648,8739815424,922288128
200,1760634462717,3228,3228,3228,3228,3228,3228,3228,3228,54.94169235229492,53.68387222290039,52.956703186035156,55.17980194091797,54.3028564453125,53.21720504760742,54.777992248535156,51.90886688232422,52.842185974121094,52.80243682861328,47.619049072265625,66.66667175292969,95,4.761904716491699,0,0,0,0,2.8986189365386963,17179869184,2147483648,8806989824,922288128
10,1760634462918,3228,3228,3228,3228,3228,3228,3228,3228,54.94169235229492,53.68387222290039,52.956703186035156,55.17980194091797,54.3028564453125,53.21720504760742,54.777992248535156,51.90886688232422,52.842185974121094,52.80243682861328,61.904762268066406,70,9.523809432983398,5,20,0,0,0,2.8986189365386963,17179869184,2147483648,8739684352,922288128
