Delta,Time,CPU_FREQUENCY_0,CPU_FREQUENCY_1,CPU_FREQUENCY_2,CPU_FREQUENCY_3,CPU_FREQUENCY_4,CPU_FREQUENCY_5,CPU_FREQUENCY_6,CPU_FREQUENCY_7,CPU_TEMP_0,CPU_TEMP_1,CPU_TEMP_2,CPU_TEMP_3,CPU_TEMP_4,CPU_TEMP_5,CPU_TEMP_6,CPU_TEMP_7,CPU_TEMP_8,CPU_TEMP_9,CPU_USAGE_0,CPU_USAGE_1,CPU_USAGE_2,CPU_USAGE_3,CPU_USAGE_4,CPU_USAGE_5,CPU_USAGE_6,CPU_USAGE_7,SYSTEM_POWER (Watts),TOTAL_MEMORY,TOTAL_SWAP,USED_MEMORY,USED_SWAP
0,1760628527773,3228,3228,3228,3228,3228,3228,3228,3228,55.64896011352539,55.61470031738281,54.2705078125,55.67339324951172,55.03932189941406,54.04227066040039,55.11589431762695,52.75858688354492,53.44736099243164,54.36561584472656,50,0,0,100,0,0,0,0,3.910747766494751,17179869184,2147483648,6809845760,939065344
209,1760628527773,3228,3228,3228,3228,3228,3228,3228,3228,55.64896011352539,55.61470031738281,54.2705078125,55.67339324951172,55.03932189941406,54.04227066040039,55.11589431762695,52.75858688354492,53.44736099243164,54.36561584472656,0,0,0,0,100,0,0,0,3.910747766494751,17179869184,2147483648,6809845760,939065344
209,1760628527983,3228,3228,3228,3228,3228,3228,3228,3228,55.64896011352539,55.61470031738281,54.2705078125,55.67339324951172,55.03932189941406,54.04227066040039,55.11589431762695,52.75858688354492,53.44736099243164,54.36561584472656,0,4.761904716491699,70,100,33.333335876464844,9.090909004211426,0,0,3.910747766494751,17179869184,2147483648,6809845760,939065344
209,1760628528193,3228,3228,3228,3228,3228,3228,3228,3228,57.70344161987305,55.7182731628418,55.656829833984375,58.547210693359375,59.14213562011719,57.693336486816406,56.12525939941406,53.67071533203125,53.71449661254883,54.94056701660156,42.85714340209961,9.523809432983398,36.3636360168457,61.904762268066406,55,0,9.523809432983398,0,3.910747766494751,17179869184,2147483648,6809845760,939065344
9,1760628528404,3228,3228,3228,3228,3228,3228,3228,3228,57.70344161987305,55.7182731628418,55.656829833984375,58.547210693359375,59.14213562011719,57.693336486816406,56.12525939941406,53.67071533203125,53.71449661254883,54.94056701660156,9.523809432983398,40,57.142860412597656,9.523809432983398,36.3636360168457,0,0,0,3.910747766494751,17179869184,2147483648,6802538496,939065344
