Delta,Time,CPU_FREQUENCY_0,CPU_FREQUENCY_1,CPU_FREQUENCY_2,CPU_FREQUENCY_3,CPU_FREQUENCY_4,CPU_FREQUENCY_5,CPU_FREQUENCY_6,CPU_FREQUENCY_7,CPU_TEMP_0,CPU_TEMP_1,CPU_TEMP_2,CPU_TEMP_3,CPU_TEMP_4,CPU_TEMP_5,CPU_TEMP_6,CPU_TEMP_7,CPU_TEMP_8,CPU_TEMP_9,CPU_USAGE_0,CPU_USAGE_1,CPU_USAGE_2,CPU_USAGE_3,CPU_USAGE_4,CPU_USAGE_5,CPU_USAGE_6,CPU_USAGE_7,SYSTEM_POWER (Watts),TOTAL_MEMORY,TOTAL_SWAP,USED_MEMORY,USED_SWAP
0,1760655553216,3228,3228,3228,3228,3228,3228,3228,3228,54.952613830566406,54.44548034667969,53.24231719970703,54.928157806396484,53.199668884277344,53.956275939941406,55.15631103515625,51.66374588012695,52.58552932739258,52.400665283203125,100,50,0,0,0,0,0,0,3.252445936203003,17179869184,2147483648,7600783360,897122304
209,1760655553216,3228,3228,3228,3228,3228,3228,3228,3228,54.952613830566406,54.44548034667969,53.24231719970703,54.928157806396484,53.199668884277344,53.956275939941406,55.15631103515625,51.66374588012695,52.58552932739258,52.400665283203125,100,100,0,50,0,0,0,0,3.252445936203003,17179869184,2147483648,7600685056,897122304
209,1760655553426,3228,3228,3228,3228,3228,3228,3228,3228,54.952613830566406,54.44548034667969,53.24231719970703,54.928157806396484,53.199668884277344,53.956275939941406,55.15631103515625,51.66374588012695,52.58552932739258,52.400665283203125,57.142860412597656,50,66.66667175292969,33.333335876464844,0,0,0,0,3.252445936203003,17179869184,2147483648,7664812032,897122304
10,1760655553636,3228,3228,3228,3228,3228,3228,3228,3228,54.952613830566406,54.44548034667969,53.24231719970703,54.928157806396484,53.199668884277344,53.956275939941406,55.15631103515625,51.66374588012695,52.58552932739258,52.400665283203125,63.6363639831543,60.869564056396484,0,33.333335876464844,0,0,0,0,2.922194242477417,17179869184,2147483648,7664812032,897122304
