Delta,Time,CPU_FREQUENCY_0,CPU_FREQUENCY_1,CPU_FREQUENCY_2,CPU_FREQUENCY_3,CPU_FREQUENCY_4,CPU_FREQUENCY_5,CPU_FREQUENCY_6,CPU_FREQUENCY_7,CPU_TEMP_0,CPU_TEMP_1,CPU_TEMP_2,CPU_TEMP_3,CPU_TEMP_4,CPU_TEMP_5,CPU_TEMP_6,CPU_TEMP_7,CPU_TEMP_8,CPU_TEMP_9,CPU_USAGE_0,CPU_USAGE_1,CPU_USAGE_2,CPU_USAGE_3,CPU_USAGE_4,CPU_USAGE_5,CPU_USAGE_6,CPU_USAGE_7,SYSTEM_POWER (Watts),TOTAL_MEMORY,TOTAL_SWAP,USED_MEMORY,USED_SWAP
0,1760639709339,3228,3228,3228,3228,3228,3228,3228,3228,59.84832763671875,58.95059585571289,58.17250061035156,60.03169631958008,58.59412384033203,58.2227897644043,60.0991096496582,57.56372833251953,57.595680236816406,57.67640686035156,0,0,100,NaN,0,0,0,0,4.13875150680542,17179869184,2147483648,7363248128,905510912
209,1760639709340,3228,3228,3228,3228,3228,3228,3228,3228,59.84832763671875,58.95059585571289,58.17250061035156,60.03169631958008,58.59412384033203,58.2227897644043,60.0991096496582,57.56372833251953,57.595680236816406,57.67640686035156,0,50,100,0,NaN,0,0,0,4.13875150680542,17179869184,2147483648,7363854336,905510912
203,1760639709549,3228,3228,3228,3228,3228,3228,3228,3228,59.84832763671875,58.95059585571289,58.17250061035156,60.03169631958008,58.59412384033203,58.2227897644043,60.0991096496582,57.56372833251953,57.595680236816406,57.67640686035156,25,25,65,68.18181610107422,45,10,0,0,4.259721755981445,17179869184,2147483648,7418544128,905510912
10,1760639709753,3228,3228,3228,3228,3228,3228,3228,3228,59.84832763671875,58.95059585571289,58.17250061035156,60.03169631958008,58.59412384033203,58.2227897644043,60.0991096496582,57.56372833251953,57.595680236816406,57.67640686035156,38.095237731933594,36.842105865478516,61.904762268066406,30.000001907348633,36.3636360168457,9.090909004211426,4.545454502105713,0,4.259721755981445,17179869184,2147483648,7363772416,905510912
