Delta,Time,CPU_FREQUENCY_0,CPU_FREQUENCY_1,CPU_FREQUENCY_2,CPU_FREQUENCY_3,CPU_FREQUENCY_4,CPU_FREQUENCY_5,CPU_FREQUENCY_6,CPU_FREQUENCY_7,CPU_TEMP_0,CPU_TEMP_1,CPU_TEMP_2,CPU_TEMP_3,CPU_TEMP_4,CPU_TEMP_5,CPU_TEMP_6,CPU_TEMP_7,CPU_TEMP_8,CPU_TEMP_9,CPU_USAGE_0,CPU_USAGE_1,CPU_USAGE_2,CPU_USAGE_3,CPU_USAGE_4,CPU_USAGE_5,CPU_USAGE_6,CPU_USAGE_7,SYSTEM_POWER (Watts),TOTAL_MEMORY,TOTAL_SWAP,USED_MEMORY,USED_SWAP
0,1760622528934,3228,3228,3228,3228,3228,3228,3228,3228,55.75014877319336,54.56135940551758,54.25822448730469,55.19993591308594,54.78730010986328,53.6434326171875,55.84670639038086,52.06428527832031,52.93190383911133,53.54755401611328,50,0,0,0,0,0,0,0,3.300779342651367,17179869184,2147483648,8398651392,955842560
209,1760622528934,3228,3228,3228,3228,3228,3228,3228,3228,55.75014877319336,54.56135940551758,54.25822448730469,55.19993591308594,54.78730010986328,53.6434326171875,55.84670639038086,52.06428527832031,52.93190383911133,53.54755401611328,NaN,100,0,100,0,0,0,0,3.300779342651367,17179869184,2147483648,8400191488,955842560
207,1760622529144,3228,3228,3228,3228,3228,3228,3228,3228,55.75014877319336,54.56135940551758,54.25822448730469,55.19993591308594,54.78730010986328,53.6434326171875,55.84670639038086,52.06428527832031,52.93190383911133,53.54755401611328,50,57.142860412597656,100,4.761904716491699,0,0,0,0,3.300779342651367,17179869184,2147483648,8400191488,955842560
209,1760622529352,3228,3228,3228,3228,3228,3228,3228,3228,56.36470413208008,55.096458435058594,55.83839416503906,58.8495979309082,55.707969665527344,54.63395309448242,56.62532424926758,53.14646911621094,53.39604949951172,54.2557373046875,63.15789031982422,71.42857360839844,23.809524536132813,47.619049072265625,28.571430206298828,4.761904716491699,0,0,3.300779342651367,17179869184,2147483648,8400191488,955842560
8,1760622529561,3228,3228,3228,3228,3228,3228,3228,3228,56.36470413208008,55.096458435058594,55.83839416503906,58.8495979309082,55.707969665527344,54.63395309448242,56.62532424926758,53.14646911621094,53.39604949951172,54.2557373046875,68.18181610107422,52.38095474243164,45,40,10,0,0,0,3.300779342651367,17179869184,2147483648,8398127104,955842560
