Delta,Time,CPU_FREQUENCY_0,CPU_FREQUENCY_1,CPU_FREQUENCY_2,CPU_FREQUENCY_3,CPU_FREQUENCY_4,CPU_FREQUENCY_5,CPU_FREQUENCY_6,CPU_FREQUENCY_7,CPU_TEMP_0,CPU_TEMP_1,CPU_TEMP_2,CPU_TEMP_3,CPU_TEMP_4,CPU_TEMP_5,CPU_TEMP_6,CPU_TEMP_7,CPU_TEMP_8,CPU_TEMP_9,CPU_USAGE_0,CPU_USAGE_1,CPU_USAGE_2,CPU_USAGE_3,CPU_USAGE_4,CPU_USAGE_5,CPU_USAGE_6,CPU_USAGE_7,SYSTEM_POWER (Watts),TOTAL_MEMORY,TOTAL_SWAP,USED_MEMORY,USED_SWAP
0,1760631537779,3228,3228,3228,3228,3228,3228,3228,3228,53.866004943847656,52.96161651611328,52.34436798095703,53.711769104003906,53.167236328125,52.3868408203125,53.517059326171875,50.6146125793457,51.347774505615234,51.70372772216797,0,0,50,0,0,50,0,0,3.4254400730133057,17179869184,2147483648,7594524672,939065344
206,1760631537779,3228,3228,3228,3228,3228,3228,3228,3228,53.866004943847656,52.96161651611328,52.34436798095703,53.711769104003906,53.167236328125,52.3868408203125,53.517059326171875,50.6146125793457,51.347774505615234,51.70372772216797,NaN,100,NaN,100,0,NaN,0,0,3.4254400730133057,17179869184,2147483648,7594524672,939065344
201,1760631537985,3228,3228,3228,3228,3228,3228,3228,3228,55.40433883666992,53.57720947265625,53.66712951660156,56.232303619384766,55.23583984375,54.5201530456543,55.137779235839844,52.012062072753906,52.11102294921875,52.62811279296875,52.38095474243164,52.38095474243164,71.42857360839844,52.38095474243164,19.047618865966797,19.047618865966797,4.761904716491699,4.761904716491699,3.4254400730133057,17179869184,2147483648,7594524672,939065344
8,1760631538187,3228,3228,3228,3228,3228,3228,3228,3228,55.40433883666992,53.57720947265625,53.66712951660156,56.232303619384766,55.23583984375,54.5201530456543,55.137779235839844,52.012062072753906,52.11102294921875,52.62811279296875,68.42105102539063,70,30.000001907348633,10,21.052631378173828,10,0,0,3.4254400730133057,17179869184,2147483648,7594524672,939065344
