Delta,Time,CPU_FREQUENCY_0,CPU_FREQUENCY_1,CPU_FREQUENCY_2,CPU_FREQUENCY_3,CPU_FREQUENCY_4,CPU_FREQUENCY_5,CPU_FREQUENCY_6,CPU_FREQUENCY_7,CPU_TEMP_0,CPU_TEMP_1,CPU_TEMP_2,CPU_TEMP_3,CPU_TEMP_4,CPU_TEMP_5,CPU_TEMP_6,CPU_TEMP_7,CPU_TEMP_8,CPU_TEMP_9,CPU_USAGE_0,CPU_USAGE_1,CPU_USAGE_2,CPU_USAGE_3,CPU_USAGE_4,CPU_USAGE_5,CPU_USAGE_6,CPU_USAGE_7,SYSTEM_POWER (Watts),TOTAL_MEMORY,TOTAL_SWAP,USED_MEMORY,USED_SWAP
0,1760640883060,3228,3228,3228,3228,3228,3228,3228,3228,59.13117218017578,57.32563400268555,57.128692626953125,60.45663070678711,60.00646209716797,59.44055938720703,58.851104736328125,55.876487731933594,55.62722396850586,56.541709899902344,100,100,100,0,0,0,0,0,13.642213821411133,17179869184,2147483648,8592375808,905510912
209,1760640883060,3228,3228,3228,3228,3228,3228,3228,3228,59.13117218017578,57.32563400268555,57.128692626953125,60.45663070678711,60.00646209716797,59.44055938720703,58.851104736328125,55.876487731933594,55.62722396850586,56.541709899902344,0,NaN,100,NaN,100,0,0,0,13.642213821411133,17179869184,2147483648,8592375808,905510912
209,1760640883270,3228,3228,3228,3228,3228,3228,3228,3228,57.24097442626953,56.125492095947266,55.4061279296875,58.065059661865234,57.051856994628906,56.15183639526367,57.25327682495117,54.38166427612305,54.682586669921875,55.16472625732422,47.619049072265625,45.45454788208008,66.66667175292969,77.2727279663086,38.095237731933594,14.285715103149414,18.18181800842285,14.285715103149414,13.642213821411133,17179869184,2147483648,8592375808,905510912
201,1760640883480,3228,3228,3228,3228,3228,3228,3228,3228,57.24097442626953,56.125492095947266,55.4061279296875,58.065059661865234,57.051856994628906,56.15183639526367,57.25327682495117,54.38166427612305,54.682586669921875,55.16472625732422,70,68.42105102539063,85.71428680419922,50,19.047618865966797,14.285715103149414,10,0,13.642213821411133,17179869184,2147483648,8592375808,905510912
9,1760640883682,3228,3228,3228,3228,3228,3228,3228,3228,57.24097442626953,56.125492095947266,55.4061279296875,58.065059661865234,57.051856994628906,56.15183639526367,57.25327682495117,54.38166427612305,54.682586669921875,55.16472625732422,100,100,65,4.761904716491699,5,9.523809432983398,0,0,10.446781158447266,17179869184,2147483648,8593686528,905510912
