Delta,Time,CPU_FREQUENCY_0,CPU_FREQUENCY_1,CPU_FREQUENCY_2,CPU_FREQUENCY_3,CPU_FREQUENCY_4,CPU_FREQUENCY_5,CPU_FREQUENCY_6,CPU_FREQUENCY_7,CPU_TEMP_0,CPU_TEMP_1,CPU_TEMP_2,CPU_TEMP_3,CPU_TEMP_4,CPU_TEMP_5,CPU_TEMP_6,CPU_TEMP_7,CPU_TEMP_8,CPU_TEMP_9,CPU_USAGE_0,CPU_USAGE_1,CPU_USAGE_2,CPU_USAGE_3,CPU_USAGE_4,CPU_USAGE_5,CPU_USAGE_6,CPU_USAGE_7,SYSTEM_POWER (Watts),TOTAL_MEMORY,TOTAL_SWAP,USED_MEMORY,USED_SWAP
0,1760641878942,3228,3228,3228,3228,3228,3228,3228,3228,52.065303802490234,51.28410339355469,50.607513427734375,52.4793586730957,51.521263122558594,50.44906234741211,52.3614387512207,49.26753234863281,49.60759735107422,50.09776306152344,0,0,0,0,0,0,0,0,2.0724611282348633,17179869184,2147483648,7295418368,905510912
209,1760641878942,3228,3228,3228,3228,3228,3228,3228,3228,52.065303802490234,51.28410339355469,50.607513427734375,52.4793586730957,51.521263122558594,50.44906234741211,52.3614387512207,49.26753234863281,49.60759735107422,50.09776306152344,0,50,0,100,0,0,0,0,2.0724611282348633,17179869184,2147483648,7292829696,905510912
200,1760641879152,3228,3228,3228,3228,3228,3228,3228,3228,53.06483459472656,51.70646667480469,51.039634704589844,53.66598892211914,53.175926208496094,51.89116668701172,52.972713470458984,50.27486801147461,50.120826721191406,50.62693786621094,0,5,28.571430206298828,45.45454788208008,33.333335876464844,0,0,0,2.0724611282348633,17179869184,2147483648,7342866432,905510912
13,1760641879352,3228,3228,3228,3228,3228,3228,3228,3228,53.06483459472656,51.70646667480469,51.039634704589844,53.66598892211914,53.175926208496094,51.89116668701172,52.972713470458984,50.27486801147461,50.120826721191406,50.62693786621094,5,0,0,0,0,0,5,0,2.0724611282348633,17179869184,2147483648,7285571584,905510912
