Delta,Time,CPU_FREQUENCY_0,CPU_FREQUENCY_1,CPU_FREQUENCY_2,CPU_FREQUENCY_3,CPU_FREQUENCY_4,CPU_FREQUENCY_5,CPU_FREQUENCY_6,CPU_FREQUENCY_7,CPU_TEMP_0,CPU_TEMP_1,CPU_TEMP_2,CPU_TEMP_3,CPU_TEMP_4,CPU_TEMP_5,CPU_TEMP_6,CPU_TEMP_7,CPU_TEMP_8,CPU_TEMP_9,CPU_USAGE_0,CPU_USAGE_1,CPU_USAGE_2,CPU_USAGE_3,CPU_USAGE_4,CPU_USAGE_5,CPU_USAGE_6,CPU_USAGE_7,SYSTEM_POWER (Watts),TOTAL_MEMORY,TOTAL_SWAP,USED_MEMORY,USED_SWAP
0,1760647688410,3228,3228,3228,3228,3228,3228,3228,3228,55.77312088012695,54.768550872802734,54.73567199707031,56.005157470703125,55.56401062011719,54.67931365966797,56.19890213012695,53.60148239135742,54.299713134765625,53.755165100097656,50,100,0,0,0,0,0,0,3.2121052742004395,17179869184,2147483648,7818330112,905510912
209,1760647688411,3228,3228,3228,3228,3228,3228,3228,3228,55.77312088012695,54.768550872802734,54.73567199707031,56.005157470703125,55.56401062011719,54.67931365966797,56.19890213012695,53.60148239135742,54.299713134765625,53.755165100097656,NaN,100,0,100,0,0,0,0,3.2121052742004395,17179869184,2147483648,7818788864,905510912
8,1760647688621,3228,3228,3228,3228,3228,3228,3228,3228,55.77312088012695,54.768550872802734,54.73567199707031,56.005157470703125,55.56401062011719,54.67931365966797,56.19890213012695,53.60148239135742,54.299713134765625,53.755165100097656,66.66667175292969,57.142860412597656,90,25,0,4.761904716491699,0,0,2.9458084106445313,17179869184,2147483648,7818788864,905510912
