Delta,Time,CPU_FREQUENCY_0,CPU_FREQUENCY_1,CPU_FREQUENCY_2,CPU_FREQUENCY_3,CPU_FREQUENCY_4,CPU_FREQUENCY_5,CPU_FREQUENCY_6,CPU_FREQUENCY_7,CPU_TEMP_0,CPU_TEMP_1,CPU_TEMP_2,CPU_TEMP_3,CPU_TEMP_4,CPU_TEMP_5,CPU_TEMP_6,CPU_TEMP_7,CPU_TEMP_8,CPU_TEMP_9,CPU_USAGE_0,CPU_USAGE_1,CPU_USAGE_2,CPU_USAGE_3,CPU_USAGE_4,CPU_USAGE_5,CPU_USAGE_6,CPU_USAGE_7,SYSTEM_POWER (Watts),TOTAL_MEMORY,TOTAL_SWAP,USED_MEMORY,USED_SWAP
0,1760638154768,3228,3228,3228,3228,3228,3228,3228,3228,58.17155456542969,57.71348190307617,56.86113739013672,58.027618408203125,57.312286376953125,56.521400451660156,58.71706771850586,55.1484489440918,56.580322265625,56.34294128417969,0,NaN,0,0,0,0,0,0,3.3560445308685303,17179869184,2147483648,7328071680,913899520
207,1760638154768,3228,3228,3228,3228,3228,3228,3228,3228,58.17155456542969,57.71348190307617,56.86113739013672,58.027618408203125,57.312286376953125,56.521400451660156,58.71706771850586,55.1484489440918,56.580322265625,56.34294128417969,0,50,50,50,0,0,0,0,3.3560445308685303,17179869184,2147483648,7328071680,913899520
209,1760638154976,3228,3228,3228,3228,3228,3228,3228,3228,58.17155456542969,57.71348190307617,56.86113739013672,58.027618408203125,57.312286376953125,56.521400451660156,58.71706771850586,55.1484489440918,56.580322265625,56.34294128417969,75,70,0,95.23809814453125,0,0,0,0,3.3560445308685303,17179869184,2147483648,7328071680,913899520
9,1760638155186,3228,3228,3228,3228,3228,3228,3228,3228,59.99574661254883,58.374114990234375,57.602020263671875,59.67367172241211,60.56586456298828,58.483028411865234,59.188602447509766,55.91061019897461,57.08370590209961,56.847328186035156,54.54545593261719,47.619049072265625,57.142860412597656,4.761904716491699,0,4.761904716491699,0,4.545454502105713,3.3560445308685303,17179869184,2147483648,7328071680,913899520
