Delta,Time,CPU_FREQUENCY_0,CPU_FREQUENCY_1,CPU_FREQUENCY_2,CPU_FREQUENCY_3,CPU_FREQUENCY_4,CPU_FREQUENCY_5,CPU_FREQUENCY_6,CPU_FREQUENCY_7,CPU_TEMP_0,CPU_TEMP_1,CPU_TEMP_2,CPU_TEMP_3,CPU_TEMP_4,CPU_TEMP_5,CPU_TEMP_6,CPU_TEMP_7,CPU_TEMP_8,CPU_TEMP_9,CPU_USAGE_0,CPU_USAGE_1,CPU_USAGE_2,CPU_USAGE_3,CPU_USAGE_4,CPU_USAGE_5,CPU_USAGE_6,CPU_USAGE_7,SYSTEM_POWER (Watts),TOTAL_MEMORY,TOTAL_SWAP,USED_MEMORY,USED_SWAP
0,1760622055582,3228,3228,3228,3228,3228,3228,3228,3228,59.005462646484375,57.62091827392578,57.044410705566406,58.83854293823242,57.925506591796875,57.12725830078125,58.61166763305664,55.71517562866211,55.90328598022461,56.63824462890625,0,100,100,50,0,0,0,0,4.030051231384277,17179869184,2147483648,7748124672,955842560
209,1760622055582,3228,3228,3228,3228,3228,3228,3228,3228,59.005462646484375,57.62091827392578,57.044410705566406,58.83854293823242,57.925506591796875,57.12725830078125,58.61166763305664,55.71517562866211,55.90328598022461,56.63824462890625,0,50,100,0,100,0,0,0,4.030051231384277,17179869184,2147483648,7748304896,955842560
209,1760622055792,3228,3228,3228,3228,3228,3228,3228,3228,59.005462646484375,57.62091827392578,57.044410705566406,58.83854293823242,57.925506591796875,57.12725830078125,58.61166763305664,55.71517562866211,55.90328598022461,56.63824462890625,23.809524536132813,15.000000953674316,71.42857360839844,61.904762268066406,42.85714340209961,23.809524536132813,5,14.285715103149414,3.9375667572021484,17179869184,2147483648,7833436160,955842560
10,1760622056002,3228,3228,3228,3228,3228,3228,3228,3228,59.005462646484375,57.62091827392578,57.044410705566406,58.83854293823242,57.925506591796875,57.12725830078125,58.61166763305664,55.71517562866211,55.90328598022461,56.63824462890625,33.333335876464844,22.72727394104004,60.000003814697266,23.809524536132813,4.761904716491699,4.545454502105713,0,0,3.9375667572021484,17179869184,2147483648,7745650688,955842560
