Delta,Time,CPU_FREQUENCY_0,CPU_FREQUENCY_1,CPU_FREQUENCY_2,CPU_FREQUENCY_3,CPU_FREQUENCY_4,CPU_FREQUENCY_5,CPU_FREQUENCY_6,CPU_FREQUENCY_7,CPU_TEMP_0,CPU_TEMP_1,CPU_TEMP_2,CPU_TEMP_3,CPU_TEMP_4,CPU_TEMP_5,CPU_TEMP_6,CPU_TEMP_7,CPU_TEMP_8,CPU_TEMP_9,CPU_USAGE_0,CPU_USAGE_1,CPU_USAGE_2,CPU_USAGE_3,CPU_USAGE_4,CPU_USAGE_5,CPU_USAGE_6,CPU_USAGE_7,SYSTEM_POWER (Watts),TOTAL_MEMORY,TOTAL_SWAP,USED_MEMORY,USED_SWAP
0,1760621411252,3228,3228,3228,3228,3228,3228,3228,3228,54.171634674072266,52.742244720458984,52.01525115966797,54.57070541381836,54.103233337402344,52.698429107666016,54.03751754760742,50.74170684814453,51.50884246826172,51.95587158203125,50,0,100,0,0,0,0,0,2.5980653762817383,17179869184,2147483648,7140491264,955842560
204,1760621411252,3228,3228,3228,3228,3228,3228,3228,3228,54.171634674072266,52.742244720458984,52.01525115966797,54.57070541381836,54.103233337402344,52.698429107666016,54.03751754760742,50.74170684814453,51.50884246826172,51.95587158203125,0,50,100,50,50,0,0,0,2.5980653762817383,17179869184,2147483648,7140655104,955842560
209,1760621411457,3228,3228,3228,3228,3228,3228,3228,3228,54.171634674072266,52.742244720458984,52.01525115966797,54.57070541381836,54.103233337402344,52.698429107666016,54.03751754760742,50.74170684814453,51.50884246826172,51.95587158203125,28.571430206298828,25,71.42857360839844,15.000000953674316,40,14.285715103149414,4.761904716491699,0,2.5980653762817383,17179869184,2147483648,7244808192,955842560
207,1760621411667,3228,3228,3228,3228,3228,3228,3228,3228,54.171634674072266,52.742244720458984,52.01525115966797,54.57070541381836,54.103233337402344,52.698429107666016,54.03751754760742,50.74170684814453,51.50884246826172,51.95587158203125,50,38.095237731933594,36.3636360168457,66.66667175292969,4.761904716491699,0,0,0,3.5403666496276855,17179869184,2147483648,7250493440,955842560
9,1760621411875,3228,3228,3228,3228,3228,3228,3228,3228,54.171634674072266,52.742244720458984,52.01525115966797,54.57070541381836,54.103233337402344,52.698429107666016,54.03751754760742,50.74170684814453,51.50884246826172,51.95587158203125,86.36363983154297,85.71428680419922,65,38.095237731933594,14.285715103149414,9.523809432983398,0,0,3.5403666496276855,17179869184,2147483648,7191642112,955842560
