Delta,Time,CPU_FREQUENCY_0,CPU_FREQUENCY_1,CPU_FREQUENCY_2,CPU_FREQUENCY_3,CPU_FREQUENCY_4,CPU_FREQUENCY_5,CPU_FREQUENCY_6,CPU_FREQUENCY_7,CPU_TEMP_0,CPU_TEMP_1,CPU_TEMP_2,CPU_TEMP_3,CPU_TEMP_4,CPU_TEMP_5,CPU_TEMP_6,CPU_TEMP_7,CPU_TEMP_8,CPU_TEMP_9,CPU_USAGE_0,CPU_USAGE_1,CPU_USAGE_2,CPU_USAGE_3,CPU_USAGE_4,CPU_USAGE_5,CPU_USAGE_6,CPU_USAGE_7,SYSTEM_POWER (Watts),TOTAL_MEMORY,TOTAL_SWAP,USED_MEMORY,USED_SWAP
0,1760653335595,3228,3228,3228,3228,3228,3228,3228,3228,52.387306213378906,52.171443939208984,50.476158142089844,51.842159271240234,51.240753173828125,50.93959426879883,52.41075134277344,49.470909118652344,50.145503997802734,50.09020233154297,100,100,100,100,100,100,0,100,3.262673854827881,17179869184,2147483648,8324218880,897122304
209,1760653335595,3228,3228,3228,3228,3228,3228,3228,3228,52.387306213378906,52.171443939208984,50.476158142089844,51.842159271240234,51.240753173828125,50.93959426879883,52.41075134277344,49.470909118652344,50.145503997802734,50.09020233154297,NaN,100,100,100,100,NaN,100,NaN,3.262673854827881,17179869184,2147483648,8324218880,897122304
200,1760653335805,3228,3228,3228,3228,3228,3228,3228,3228,52.387306213378906,52.171443939208984,50.476158142089844,51.842159271240234,51.240753173828125,50.93959426879883,52.41075134277344,49.470909118652344,50.145503997802734,50.09020233154297,52.38095474243164,47.619049072265625,66.66667175292969,65,31.81818199157715,13.636363983154297,4.761904716491699,4.761904716491699,3.262673854827881,17179869184,2147483648,8324218880,897122304
8,1760653336006,3228,3228,3228,3228,3228,3228,3228,3228,52.387306213378906,52.171443939208984,50.476158142089844,51.842159271240234,51.240753173828125,50.93959426879883,52.41075134277344,49.470909118652344,50.145503997802734,50.09020233154297,57.142860412597656,47.619049072265625,50,0,0,0,0,0,3.262673854827881,17179869184,2147483648,8324218880,897122304
