Delta,Time,CPU_FREQUENCY_0,CPU_FREQUENCY_1,CPU_FREQUENCY_2,CPU_FREQUENCY_3,CPU_FREQUENCY_4,CPU_FREQUENCY_5,CPU_FREQUENCY_6,CPU_FREQUENCY_7,CPU_TEMP_0,CPU_TEMP_1,CPU_TEMP_2,CPU_TEMP_3,CPU_TEMP_4,CPU_TEMP_5,CPU_TEMP_6,CPU_TEMP_7,CPU_TEMP_8,CPU_TEMP_9,CPU_USAGE_0,CPU_USAGE_1,CPU_USAGE_2,CPU_USAGE_3,CPU_USAGE_4,CPU_USAGE_5,CPU_USAGE_6,CPU_USAGE_7,SYSTEM_POWER (Watts),TOTAL_MEMORY,TOTAL_SWAP,USED_MEMORY,USED_SWAP
0,1760646229804,3228,3228,3228,3228,3228,3228,3228,3228,54.77321243286133,53.71769714355469,52.867713928222656,54.534542083740234,53.443511962890625,53.1872673034668,54.97830581665039,51.97383117675781,52.07356262207031,52.696815490722656,NaN,100,100,100,50,50,100,100,6.160451889038086,17179869184,2147483648,7721500672,905510912
205,1760646229805,3228,3228,3228,3228,3228,3228,3228,3228,54.77321243286133,53.71769714355469,52.867713928222656,54.534542083740234,53.443511962890625,53.1872673034668,54.97830581665039,51.97383117675781,52.07356262207031,52.696815490722656,0,100,0,100,NaN,100,0,0,6.160451889038086,17179869184,2147483648,7721500672,905510912
201,1760646230010,3228,3228,3228,3228,3228,3228,3228,3228,54.77321243286133,53.71769714355469,52.867713928222656,54.534542083740234,53.443511962890625,53.1872673034668,54.97830581665039,51.97383117675781,52.07356262207031,52.696815490722656,47.619049072265625,57.142860412597656,90.47618865966797,52.38095474243164,9.523809432983398,10,0,0,6.160451889038086,17179869184,2147483648,7721500672,905510912
10,1760646230212,3228,3228,3228,3228,3228,3228,3228,3228,56.197513580322266,54.814083099365234,54.64060974121094,58.10282897949219,56.60292053222656,56.03417205810547,57.18878936767578,54.04025650024414,53.31047821044922,53.920623779296875,35,30.000001907348633,80,35,5,5,5,0,6.160451889038086,17179869184,2147483648,7721500672,905510912
