Delta,Time,CPU_FREQUENCY_0,CPU_FREQUENCY_1,CPU_FREQUENCY_2,CPU_FREQUENCY_3,CPU_FREQUENCY_4,CPU_FREQUENCY_5,CPU_FREQUENCY_6,CPU_FREQUENCY_7,CPU_TEMP_0,CPU_TEMP_1,CPU_TEMP_2,CPU_TEMP_3,CPU_TEMP_4,CPU_TEMP_5,CPU_TEMP_6,CPU_TEMP_7,CPU_TEMP_8,CPU_TEMP_9,CPU_USAGE_0,CPU_USAGE_1,CPU_USAGE_2,CPU_USAGE_3,CPU_USAGE_4,CPU_USAGE_5,CPU_USAGE_6,CPU_USAGE_7,SYSTEM_POWER (Watts),TOTAL_MEMORY,TOTAL_SWAP,USED_MEMORY,USED_SWAP
0,1760618305831,3228,3228,3228,3228,3228,3228,3228,3228,53.81215286254883,53.24713134765625,52.381103515625,54.29159927368164,53.561729431152344,52.059288024902344,54.24100112915039,50.75224685668945,51.432533264160156,52.01117706298828,50,100,0,0,0,0,0,0,2.992823839187622,17179869184,2147483648,6808846336,981008384
201,1760618305831,3228,3228,3228,3228,3228,3228,3228,3228,53.81215286254883,53.24713134765625,52.381103515625,54.29159927368164,53.561729431152344,52.059288024902344,54.24100112915039,50.75224685668945,51.432533264160156,52.01117706298828,NaN,100,50,50,0,0,0,0,2.992823839187622,17179869184,2147483648,6806863872,981008384
204,1760618306033,3228,3228,3228,3228,3228,3228,3228,3228,54.90061950683594,53.917598724365234,53.047454833984375,55.79255294799805,55.31334686279297,53.65989685058594,55.06915283203125,51.72627639770508,52.26031494140625,53.02483367919922,66.66667175292969,65,50,80,19.047618865966797,16.666667938232422,10,10,2.992823839187622,17179869184,2147483648,6873579520,981008384
9,1760618306237,3228,3228,3228,3228,3228,3228,3228,3228,54.90061950683594,53.917598724365234,53.047454833984375,55.79255294799805,55.31334686279297,53.65989685058594,55.06915283203125,51.72627639770508,52.26031494140625,53.02483367919922,75,80.95238494873047,25,30.000001907348633,0,4.545454502105713,4.761904716491699,0,2.992823839187622,17179869184,2147483648,6804111360,981008384
