Delta,Time,CPU_FREQUENCY_0,CPU_FREQUENCY_1,CPU_FREQUENCY_2,CPU_FREQUENCY_3,CPU_FREQUENCY_4,CPU_FREQUENCY_5,CPU_FREQUENCY_6,CPU_FREQUENCY_7,CPU_TEMP_0,CPU_TEMP_1,CPU_TEMP_2,CPU_TEMP_3,CPU_TEMP_4,CPU_TEMP_5,CPU_TEMP_6,CPU_TEMP_7,CPU_TEMP_8,CPU_TEMP_9,CPU_USAGE_0,CPU_USAGE_1,CPU_USAGE_2,CPU_USAGE_3,CPU_USAGE_4,CPU_USAGE_5,CPU_USAGE_6,CPU_USAGE_7,SYSTEM_POWER (Watts),TOTAL_MEMORY,TOTAL_SWAP,USED_MEMORY,USED_SWAP
0,1760643519102,3228,3228,3228,3228,3228,3228,3228,3228,51.33195495605469,50.217124938964844,49.82520294189453,51.390804290771484,50.22962188720703,49.87964630126953,52.03689193725586,48.67459487915039,48.664703369140625,48.908660888671875,NaN,NaN,100,0,0,NaN,NaN,0,3.015347719192505,17179869184,2147483648,7193690112,905510912
209,1760643519102,3228,3228,3228,3228,3228,3228,3228,3228,51.33195495605469,50.217124938964844,49.82520294189453,51.390804290771484,50.22962188720703,49.87964630126953,52.03689193725586,48.67459487915039,48.664703369140625,48.908660888671875,0,0,NaN,NaN,NaN,0,0,0,3.015347719192505,17179869184,2147483648,7193690112,905510912
200,1760643519312,3228,3228,3228,3228,3228,3228,3228,3228,51.33195495605469,50.217124938964844,49.82520294189453,51.390804290771484,50.22962188720703,49.87964630126953,52.03689193725586,48.67459487915039,48.664703369140625,48.908660888671875,57.142860412597656,55,57.142860412597656,47.619049072265625,4.545454502105713,5,0,0,3.015347719192505,17179869184,2147483648,7193690112,905510912
209,1760643519513,3228,3228,3228,3228,3228,3228,3228,3228,51.33195495605469,50.217124938964844,49.82520294189453,51.390804290771484,50.22962188720703,49.87964630126953,52.03689193725586,48.67459487915039,48.664703369140625,48.908660888671875,45,85.71428680419922,10,90.47618865966797,0,0,0,0,3.015347719192505,17179869184,2147483648,7193690112,905510912
8,1760643519723,3228,3228,3228,3228,3228,3228,3228,3228,51.33195495605469,50.217124938964844,49.82520294189453,51.390804290771484,50.22962188720703,49.87964630126953,52.03689193725586,48.67459487915039,48.664703369140625,48.908660888671875,61.904762268066406,52.38095474243164,10,35,4.761904716491699,4.545454502105713,0,0,4.065169334411621,17179869184,2147483648,7208878080,905510912
