Delta,Time,CPU_FREQUENCY_0,CPU_FREQUENCY_1,CPU_FREQUENCY_2,CPU_FREQUENCY_3,CPU_FREQUENCY_4,CPU_FREQUENCY_5,CPU_FREQUENCY_6,CPU_FREQUENCY_7,CPU_TEMP_0,CPU_TEMP_1,CPU_TEMP_2,CPU_TEMP_3,CPU_TEMP_4,CPU_TEMP_5,CPU_TEMP_6,CPU_TEMP_7,CPU_TEMP_8,CPU_TEMP_9,CPU_USAGE_0,CPU_USAGE_1,CPU_USAGE_2,CPU_USAGE_3,CPU_USAGE_4,CPU_USAGE_5,CPU_USAGE_6,CPU_USAGE_7,SYSTEM_POWER (Watts),TOTAL_MEMORY,TOTAL_SWAP,USED_MEMORY,USED_SWAP
0,1760650778812,3228,3228,3228,3228,3228,3228,3228,3228,52.51599884033203,51.745792388916016,50.82807159423828,51.64909362792969,51.73878479003906,50.91193771362305,52.52404022216797,49.524070739746094,50.37733459472656,50.86595153808594,100,100,100,0,50,100,50,0,3.2064335346221924,17179869184,2147483648,7932329984,897122304
209,1760650778812,3228,3228,3228,3228,3228,3228,3228,3228,52.51599884033203,51.745792388916016,50.82807159423828,51.64909362792969,51.73878479003906,50.91193771362305,52.52404022216797,49.524070739746094,50.37733459472656,50.86595153808594,0,NaN,50,100,100,0,0,50,3.2064335346221924,17179869184,2147483648,7932952576,897122304
203,1760650779022,3228,3228,3228,3228,3228,3228,3228,3228,52.51599884033203,51.745792388916016,50.82807159423828,51.64909362792969,51.73878479003906,50.91193771362305,52.52404022216797,49.524070739746094,50.37733459472656,50.86595153808594,60.000003814697266,68.18181610107422,4.761904716491699,100,0,0,0,0,3.2064335346221924,17179869184,2147483648,7998160896,897122304
209,1760650779225,3228,3228,3228,3228,3228,3228,3228,3228,54.57722091674805,52.559661865234375,51.93566131591797,53.11280822753906,56.623992919921875,54.14751434326172,53.66118621826172,50.501792907714844,51.16193389892578,52.05304718017578,55,55,9.523809432983398,71.42857360839844,9.523809432983398,10,0,0,3.2064335346221924,17179869184,2147483648,7996129280,897122304
9,1760650779435,3228,3228,3228,3228,3228,3228,3228,3228,54.57722091674805,52.559661865234375,51.93566131591797,53.11280822753906,56.623992919921875,54.14751434326172,53.66118621826172,50.501792907714844,51.16193389892578,52.05304718017578,72.7272720336914,70,0,0,52.6315803527832,0,0,0,3.2064335346221924,17179869184,2147483648,7945699328,897122304
