Delta,Time,CPU_FREQUENCY_0,CPU_FREQUENCY_1,CPU_FREQUENCY_2,CPU_FREQUENCY_3,CPU_FREQUENCY_4,CPU_FREQUENCY_5,CPU_FREQUENCY_6,CPU_FREQUENCY_7,CPU_TEMP_0,CPU_TEMP_1,CPU_TEMP_2,CPU_TEMP_3,CPU_TEMP_4,CPU_TEMP_5,CPU_TEMP_6,CPU_TEMP_7,CPU_TEMP_8,CPU_TEMP_9,CPU_USAGE_0,CPU_USAGE_1,CPU_USAGE_2,CPU_USAGE_3,CPU_USAGE_4,CPU_USAGE_5,CPU_USAGE_6,CPU_USAGE_7,SYSTEM_POWER (Watts),TOTAL_MEMORY,TOTAL_SWAP,USED_MEMORY,USED_SWAP
0,1760654966580,3228,3228,3228,3228,3228,3228,3228,3228,55.39809799194336,55.69252014160156,54.79353332519531,55.21458435058594,54.336952209472656,54.71990203857422,55.829734802246094,52.86989212036133,53.8714485168457,53.267242431640625,100,100,100,100,100,100,100,NaN,3.942650556564331,17179869184,2147483648,7692795904,897122304
200,1760654966580,3228,3228,3228,3228,3228,3228,3228,3228,55.39809799194336,55.69252014160156,54.79353332519531,55.21458435058594,54.336952209472656,54.71990203857422,55.829734802246094,52.86989212036133,53.8714485168457,53.267242431640625,100,NaN,100,100,NaN,100,100,100,3.942650556564331,17179869184,2147483648,7692992512,897122304
209,1760654966780,3228,3228,3228,3228,3228,3228,3228,3228,55.39809799194336,55.69252014160156,54.79353332519531,55.21458435058594,54.336952209472656,54.71990203857422,55.829734802246094,52.86989212036133,53.8714485168457,53.267242431640625,100,100,40,65,47.619049072265625,28.571430206298828,26.3157901763916,21.052631378173828,3.942650556564331,17179869184,2147483648,7766048768,897122304
10,1760654966990,3228,3228,3228,3228,3228,3228,3228,3228,55.39809799194336,55.69252014160156,54.79353332519531,55.21458435058594,54.336952209472656,54.71990203857422,55.829734802246094,52.86989212036133,53.8714485168457,53.267242431640625,100,100,57.142860412597656,33.333335876464844,25,20,22.72727394104004,27.272727966308594,3.942650556564331,17179869184,2147483648,7689273344,897122304
