Delta,Time,CPU_FREQUENCY_0,CPU_FREQUENCY_1,CPU_FREQUENCY_2,CPU_FREQUENCY_3,CPU_FREQUENCY_4,CPU_FREQUENCY_5,CPU_FREQUENCY_6,CPU_FREQUENCY_7,CPU_TEMP_0,CPU_TEMP_1,CPU_TEMP_2,CPU_TEMP_3,CPU_TEMP_4,CPU_TEMP_5,CPU_TEMP_6,CPU_TEMP_7,CPU_TEMP_8,CPU_TEMP_9,CPU_USAGE_0,CPU_USAGE_1,CPU_USAGE_2,CPU_USAGE_3,CPU_USAGE_4,CPU_USAGE_5,CPU_USAGE_6,CPU_USAGE_7,SYSTEM_POWER (Watts),TOTAL_MEMORY,TOTAL_SWAP,USED_MEMORY,USED_SWAP
0,1760633102565,3228,3228,3228,3228,3228,3228,3228,3228,55.01368713378906,54.57653045654297,53.79634094238281,55.25656509399414,54.85584259033203,53.621421813964844,55.387325286865234,51.9030647277832,53.302791595458984,52.700172424316406,NaN,100,0,0,0,0,0,0,3.061192274093628,17179869184,2147483648,8369160192,922288128
209,1760633102565,3228,3228,3228,3228,3228,3228,3228,3228,55.01368713378906,54.57653045654297,53.79634094238281,55.25656509399414,54.85584259033203,53.621421813964844,55.387325286865234,51.9030647277832,53.302791595458984,52.700172424316406,100,NaN,100,100,0,0,0,0,3.061192274093628,17179869184,2147483648,8369160192,922288128
209,1760633102775,3228,3228,3228,3228,3228,3228,3228,3228,55.01368713378906,54.57653045654297,53.79634094238281,55.25656509399414,54.85584259033203,53.621421813964844,55.387325286865234,51.9030647277832,53.302791595458984,52.700172424316406,59.09090805053711,66.66667175292969,40.90909194946289,30.000001907348633,28.571430206298828,0,0,0,3.061192274093628,17179869184,2147483648,8369160192,922288128
10,1760633102986,3228,3228,3228,3228,3228,3228,3228,3228,55.01368713378906,54.57653045654297,53.79634094238281,55.25656509399414,54.85584259033203,53.621421813964844,55.387325286865234,51.9030647277832,53.302791595458984,52.700172424316406,55,36.3636360168457,45,54.54545593261719,9.090909004211426,4.761904716491699,0,4.761904716491699,3.061192274093628,17179869184,2147483648,8369160192,922288128
