Delta,Time,CPU_FREQUENCY_0,CPU_FREQUENCY_1,CPU_FREQUENCY_2,CPU_FREQUENCY_3,CPU_FREQUENCY_4,CPU_FREQUENCY_5,CPU_FREQUENCY_6,CPU_FREQUENCY_7,CPU_TEMP_0,CPU_TEMP_1,CPU_TEMP_2,CPU_TEMP_3,CPU_TEMP_4,CPU_TEMP_5,CPU_TEMP_6,CPU_TEMP_7,CPU_TEMP_8,CPU_TEMP_9,CPU_USAGE_0,CPU_USAGE_1,CPU_USAGE_2,CPU_USAGE_3,CPU_USAGE_4,CPU_USAGE_5,CPU_USAGE_6,CPU_USAGE_7,SYSTEM_POWER (Watts),TOTAL_MEMORY,TOTAL_SWAP,USED_MEMORY,USED_SWAP
0,1760635667733,3228,3228,3228,3228,3228,3228,3228,3228,54.83198928833008,53.43512725830078,52.42639923095703,54.05992889404297,53.971405029296875,52.54615783691406,54.56214141845703,51.71743392944336,52.44535827636719,52.518516540527344,100,66.66667175292969,0,0,0,0,0,0,2.864325761795044,17179869184,2147483648,7787331584,913899520
209,1760635667733,3228,3228,3228,3228,3228,3228,3228,3228,54.83198928833008,53.43512725830078,52.42639923095703,54.05992889404297,53.971405029296875,52.54615783691406,54.56214141845703,51.71743392944336,52.44535827636719,52.518516540527344,100,0,0,0,0,0,0,0,2.864325761795044,17179869184,2147483648,7784857600,913899520
209,1760635667943,3228,3228,3228,3228,3228,3228,3228,3228,54.83198928833008,53.43512725830078,52.42639923095703,54.05992889404297,53.971405029296875,52.54615783691406,54.56214141845703,51.71743392944336,52.44535827636719,52.518516540527344,80,30.000001907348633,61.904762268066406,23.809524536132813,22.72727394104004,0,0,0,2.864325761795044,17179869184,2147483648,7855341568,913899520
9,1760635668153,3228,3228,3228,3228,3228,3228,3228,3228,56.13689422607422,53.91761779785156,53.7376708984375,56.30744171142578,56.39618682861328,55.00513458251953,55.4022331237793,52.31881332397461,52.91084289550781,53.19934844970703,47.619049072265625,57.142860412597656,0,45,0,0,0,0,2.864325761795044,17179869184,2147483648,7855341568,913899520
