Delta,Time,CPU_FREQUENCY_0,CPU_FREQUENCY_1,CPU_FREQUENCY_2,CPU_FREQUENCY_3,CPU_FREQUENCY_4,CPU_FREQUENCY_5,CPU_FREQUENCY_6,CPU_FREQUENCY_7,CPU_TEMP_0,CPU_TEMP_1,CPU_TEMP_2,CPU_TEMP_3,CPU_TEMP_4,CPU_TEMP_5,CPU_TEMP_6,CPU_TEMP_7,CPU_TEMP_8,CPU_TEMP_9,CPU_USAGE_0,CPU_USAGE_1,CPU_USAGE_2,CPU_USAGE_3,CPU_USAGE_4,CPU_USAGE_5,CPU_USAGE_6,CPU_USAGE_7,SYSTEM_POWER (Watts),TOTAL_MEMORY,TOTAL_SWAP,USED_MEMORY,USED_SWAP
0,1760614215438,3228,3228,3228,3228,3228,3228,3228,3228,56.0978889465332,54.63206481933594,54.4423828125,56.753684997558594,55.38683319091797,54.67311477661133,55.90777587890625,52.41156005859375,53.67024230957031,53.66325378417969,100,50,0,50,0,0,0,0,3.7735280990600586,17179869184,2147483648,6491340800,989396992
209,1760614215438,3228,3228,3228,3228,3228,3228,3228,3228,56.0978889465332,54.63206481933594,54.4423828125,56.753684997558594,55.38683319091797,54.67311477661133,55.90777587890625,52.41156005859375,53.67024230957031,53.66325378417969,NaN,100,NaN,NaN,100,0,0,0,3.7735280990600586,17179869184,2147483648,6492700672,989396992
199,1760614215648,3228,3228,3228,3228,3228,3228,3228,3228,56.0978889465332,54.63206481933594,54.4423828125,56.753684997558594,55.38683319091797,54.67311477661133,55.90777587890625,52.41156005859375,53.67024230957031,53.66325378417969,50,40,66.66667175292969,70,35,0,0,0,4.534159183502197,17179869184,2147483648,6582059008,989396992
208,1760614215848,3228,3228,3228,3228,3228,3228,3228,3228,56.0978889465332,54.63206481933594,54.4423828125,56.753684997558594,55.38683319091797,54.67311477661133,55.90777587890625,52.41156005859375,53.67024230957031,53.66325378417969,36.842105865478516,40,60.000003814697266,65,50,15.000000953674316,14.285715103149414,0,4.534159183502197,17179869184,2147483648,6587449344,989396992
6,1760614216056,3228,3228,3228,3228,3228,3228,3228,3228,56.0978889465332,54.63206481933594,54.4423828125,56.753684997558594,55.38683319091797,54.67311477661133,55.90777587890625,52.41156005859375,53.67024230957031,53.66325378417969,28.571430206298828,33.333335876464844,76.19047546386719,63.6363639831543,0,4.761904716491699,0,0,4.534159183502197,17179869184,2147483648,6492405760,989396992
