Delta,Time,CPU_FREQUENCY_0,CPU_FREQUENCY_1,CPU_FREQUENCY_2,CPU_FREQUENCY_3,CPU_FREQUENCY_4,CPU_FREQUENCY_5,CPU_FREQUENCY_6,CPU_FREQUENCY_7,CPU_TEMP_0,CPU_TEMP_1,CPU_TEMP_2,CPU_TEMP_3,CPU_TEMP_4,CPU_TEMP_5,CPU_TEMP_6,CPU_TEMP_7,CPU_TEMP_8,CPU_TEMP_9,CPU_USAGE_0,CPU_USAGE_1,CPU_USAGE_2,CPU_USAGE_3,CPU_USAGE_4,CPU_USAGE_5,CPU_USAGE_6,CPU_USAGE_7,SYSTEM_POWER (Watts),TOTAL_MEMORY,TOTAL_SWAP,USED_MEMORY,USED_SWAP
0,1760614472158,3228,3228,3228,3228,3228,3228,3228,3228,52.99195098876953,52.47645568847656,52.33875274658203,53.84451675415039,53.16168212890625,51.721927642822266,54.205989837646484,49.76427459716797,50.88151168823242,51.59112548828125,NaN,NaN,NaN,0,0,0,0,NaN,3.0778794288635254,17179869184,2147483648,6373638144,989396992
209,1760614472159,3228,3228,3228,3228,3228,3228,3228,3228,52.99195098876953,52.47645568847656,52.33875274658203,53.84451675415039,53.16168212890625,51.721927642822266,54.205989837646484,49.76427459716797,50.88151168823242,51.59112548828125,50,100,0,100,0,0,0,0,3.0778794288635254,17179869184,2147483648,6373638144,989396992
10,1760614472369,3228,3228,3228,3228,3228,3228,3228,3228,52.99195098876953,52.47645568847656,52.33875274658203,53.84451675415039,53.16168212890625,51.721927642822266,54.205989837646484,49.76427459716797,50.88151168823242,51.59112548828125,75,76.19047546386719,9.523809432983398,14.285715103149414,0,0,0,0,3.0778794288635254,17179869184,2147483648,6373638144,989396992
