Delta,Time,CPU_FREQUENCY_0,CPU_FREQUENCY_1,CPU_FREQUENCY_2,CPU_FREQUENCY_3,CPU_FREQUENCY_4,CPU_FREQUENCY_5,CPU_FREQUENCY_6,CPU_FREQUENCY_7,CPU_TEMP_0,CPU_TEMP_1,CPU_TEMP_2,CPU_TEMP_3,CPU_TEMP_4,CPU_TEMP_5,CPU_TEMP_6,CPU_TEMP_7,CPU_TEMP_8,CPU_TEMP_9,CPU_USAGE_0,CPU_USAGE_1,CPU_USAGE_2,CPU_USAGE_3,CPU_USAGE_4,CPU_USAGE_5,CPU_USAGE_6,CPU_USAGE_7,SYSTEM_POWER (Watts),TOTAL_MEMORY,TOTAL_SWAP,USED_MEMORY,USED_SWAP
0,1760643363085,3228,3228,3228,3228,3228,3228,3228,3228,50.7275390625,50.006675720214844,49.775718688964844,50.90227127075195,50.40455627441406,50.07917785644531,51.648555755615234,47.926048278808594,48.41565704345703,48.61309814453125,0,NaN,NaN,0,NaN,0,0,0,3.2752625942230225,17179869184,2147483648,7113162752,905510912
209,1760643363085,3228,3228,3228,3228,3228,3228,3228,3228,50.7275390625,50.006675720214844,49.775718688964844,50.90227127075195,50.40455627441406,50.07917785644531,51.648555755615234,47.926048278808594,48.41565704345703,48.61309814453125,NaN,100,50,NaN,0,0,NaN,NaN,3.2752625942230225,17179869184,2147483648,7113162752,905510912
205,1760643363295,3228,3228,3228,3228,3228,3228,3228,3228,50.7275390625,50.006675720214844,49.775718688964844,50.90227127075195,50.40455627441406,50.07917785644531,51.648555755615234,47.926048278808594,48.41565704345703,48.61309814453125,52.38095474243164,52.38095474243164,25,52.38095474243164,28.571430206298828,0,0,0,3.2752625942230225,17179869184,2147483648,7113162752,905510912
11,1760643363501,3228,3228,3228,3228,3228,3228,3228,3228,50.7275390625,50.006675720214844,49.775718688964844,50.90227127075195,50.40455627441406,50.07917785644531,51.648555755615234,47.926048278808594,48.41565704345703,48.61309814453125,66.66667175292969,75,0,0,23.809524536132813,0,0,0,3.2752625942230225,17179869184,2147483648,7113162752,905510912
