Delta,Time,CPU_FREQUENCY_0,CPU_FREQUENCY_1,CPU_FREQUENCY_2,CPU_FREQUENCY_3,CPU_FREQUENCY_4,CPU_FREQUENCY_5,CPU_FREQUENCY_6,CPU_FREQUENCY_7,CPU_TEMP_0,CPU_TEMP_1,CPU_TEMP_2,CPU_TEMP_3,CPU_TEMP_4,CPU_TEMP_5,CPU_TEMP_6,CPU_TEMP_7,CPU_TEMP_8,CPU_TEMP_9,CPU_USAGE_0,CPU_USAGE_1,CPU_USAGE_2,CPU_USAGE_3,CPU_USAGE_4,CPU_USAGE_5,CPU_USAGE_6,CPU_USAGE_7,SYSTEM_POWER (Watts),TOTAL_MEMORY,TOTAL_SWAP,USED_MEMORY,USED_SWAP
0,1760654873301,3228,3228,3228,3228,3228,3228,3228,3228,57.661590576171875,56.877952575683594,56.28413391113281,57.70563888549805,57.03582763671875,57.15473175048828,57.728981018066406,55.50225830078125,55.466434478759766,55.41709899902344,NaN,100,50,0,0,0,0,0,9.871241569519043,17179869184,2147483648,7606894592,897122304
209,1760654873301,3228,3228,3228,3228,3228,3228,3228,3228,57.661590576171875,56.877952575683594,56.28413391113281,57.70563888549805,57.03582763671875,57.15473175048828,57.728981018066406,55.50225830078125,55.466434478759766,55.41709899902344,66.66667175292969,NaN,NaN,100,0,0,0,0,9.871241569519043,17179869184,2147483648,7607271424,897122304
207,1760654873511,3228,3228,3228,3228,3228,3228,3228,3228,57.661590576171875,56.877952575683594,56.28413391113281,57.70563888549805,57.03582763671875,57.15473175048828,57.728981018066406,55.50225830078125,55.466434478759766,55.41709899902344,78.94737243652344,86.36363983154297,95.23809814453125,4.545454502105713,0,4.761904716491699,0,0,9.871241569519043,17179869184,2147483648,7675101184,897122304
11,1760654873719,3228,3228,3228,3228,3228,3228,3228,3228,57.661590576171875,56.877952575683594,56.28413391113281,57.70563888549805,57.03582763671875,57.15473175048828,57.728981018066406,55.50225830078125,55.466434478759766,55.41709899902344,86.36363983154297,90.47618865966797,9.523809432983398,0,0,0,0,0,8.24387264251709,17179869184,2147483648,7614054400,897122304
