Delta,Time,CPU_FREQUENCY_0,CPU_FREQUENCY_1,CPU_FREQUENCY_2,CPU_FREQUENCY_3,CPU_FREQUENCY_4,CPU_FREQUENCY_5,CPU_FREQUENCY_6,CPU_FREQUENCY_7,CPU_TEMP_0,CPU_TEMP_1,CPU_TEMP_2,CPU_TEMP_3,CPU_TEMP_4,CPU_TEMP_5,CPU_TEMP_6,CPU_TEMP_7,CPU_TEMP_8,CPU_TEMP_9,CPU_USAGE_0,CPU_USAGE_1,CPU_USAGE_2,CPU_USAGE_3,CPU_USAGE_4,CPU_USAGE_5,CPU_USAGE_6,CPU_USAGE_7,SYSTEM_POWER (Watts),TOTAL_MEMORY,TOTAL_SWAP,USED_MEMORY,USED_SWAP
0,1760646041901,3228,3228,3228,3228,3228,3228,3228,3228,53.74608612060547,53.17107391357422,52.43854522705078,53.2197151184082,52.64287567138672,52.700313568115234,53.854129791259766,51.36528778076172,51.71221923828125,51.723487854003906,66.66667175292969,66.66667175292969,0,0,0,0,0,0,4.754608631134033,17179869184,2147483648,7582531584,905510912
209,1760646041901,3228,3228,3228,3228,3228,3228,3228,3228,53.74608612060547,53.17107391357422,52.43854522705078,53.2197151184082,52.64287567138672,52.700313568115234,53.854129791259766,51.36528778076172,51.71221923828125,51.723487854003906,100,NaN,NaN,0,0,0,0,0,4.754608631134033,17179869184,2147483648,7580827648,905510912
209,1760646042111,3228,3228,3228,3228,3228,3228,3228,3228,54.98284912109375,53.96295928955078,53.0860595703125,54.752384185791016,54.748817443847656,54.87453842163086,55.12070083618164,52.52825164794922,52.33920669555664,52.57404327392578,35,100,57.142860412597656,42.85714340209961,0,4.545454502105713,4.761904716491699,0,4.754608631134033,17179869184,2147483648,7651868672,905510912
10,1760646042322,3228,3228,3228,3228,3228,3228,3228,3228,54.98284912109375,53.96295928955078,53.0860595703125,54.752384185791016,54.748817443847656,54.87453842163086,55.12070083618164,52.52825164794922,52.33920669555664,52.57404327392578,42.85714340209961,50,76.19047546386719,19.047618865966797,9.523809432983398,14.285715103149414,9.090909004211426,4.761904716491699,4.754608631134033,17179869184,2147483648,7575289856,905510912
