Delta,Time,CPU_FREQUENCY_0,CPU_FREQUENCY_1,CPU_FREQUENCY_2,CPU_FREQUENCY_3,CPU_FREQUENCY_4,CPU_FREQUENCY_5,CPU_FREQUENCY_6,CPU_FREQUENCY_7,CPU_TEMP_0,CPU_TEMP_1,CPU_TEMP_2,CPU_TEMP_3,CPU_TEMP_4,CPU_TEMP_5,CPU_TEMP_6,CPU_TEMP_7,CPU_TEMP_8,CPU_TEMP_9,CPU_USAGE_0,CPU_USAGE_1,CPU_USAGE_2,CPU_USAGE_3,CPU_USAGE_4,CPU_USAGE_5,CPU_USAGE_6,CPU_USAGE_7,SYSTEM_POWER (Watts),TOTAL_MEMORY,TOTAL_SWAP,USED_MEMORY,USED_SWAP
0,1760621110481,3228,3228,3228,3228,3228,3228,3228,3228,53.16325378417969,52.10176086425781,51.25872039794922,52.92023849487305,52.55436706542969,51.6078987121582,53.12374496459961,49.83430480957031,50.97298812866211,51.1444091796875,0,0,0,100,0,0,0,0,2.9804956912994385,17179869184,2147483648,7739588608,955842560
209,1760621110481,3228,3228,3228,3228,3228,3228,3228,3228,53.16325378417969,52.10176086425781,51.25872039794922,52.92023849487305,52.55436706542969,51.6078987121582,53.12374496459961,49.83430480957031,50.97298812866211,51.1444091796875,50,100,100,0,NaN,NaN,0,0,2.9804956912994385,17179869184,2147483648,7739326464,955842560
9,1760621110691,3228,3228,3228,3228,3228,3228,3228,3228,53.16325378417969,52.10176086425781,51.25872039794922,52.92023849487305,52.55436706542969,51.6078987121582,53.12374496459961,49.83430480957031,50.97298812866211,51.1444091796875,47.619049072265625,35,42.85714340209961,19.047618865966797,95.45454406738281,9.523809432983398,4.761904716491699,4.761904716491699,3.466085910797119,17179869184,2147483648,7765917696,955842560
