Delta,Time,CPU_FREQUENCY_0,CPU_FREQUENCY_1,CPU_FREQUENCY_2,CPU_FREQUENCY_3,CPU_FREQUENCY_4,CPU_FREQUENCY_5,CPU_FREQUENCY_6,CPU_FREQUENCY_7,CPU_TEMP_0,CPU_TEMP_1,CPU_TEMP_2,CPU_TEMP_3,CPU_TEMP_4,CPU_TEMP_5,CPU_TEMP_6,CPU_TEMP_7,CPU_TEMP_8,CPU_TEMP_9,CPU_USAGE_0,CPU_USAGE_1,CPU_USAGE_2,CPU_USAGE_3,CPU_USAGE_4,CPU_USAGE_5,CPU_USAGE_6,CPU_USAGE_7,SYSTEM_POWER (Watts),TOTAL_MEMORY,TOTAL_SWAP,USED_MEMORY,USED_SWAP
0,1760614351665,3228,3228,3228,3228,3228,3228,3228,3228,53.096839904785156,52.679832458496094,51.94073486328125,53.45731735229492,52.772064208984375,51.68179702758789,53.82413864135742,50.011619567871094,50.92238998413086,51.146202087402344,100,100,0,0,0,0,0,0,2.8972110748291016,17179869184,2147483648,6507872256,989396992
209,1760614351666,3228,3228,3228,3228,3228,3228,3228,3228,53.096839904785156,52.679832458496094,51.94073486328125,53.45731735229492,52.772064208984375,51.68179702758789,53.82413864135742,50.011619567871094,50.92238998413086,51.146202087402344,0,100,50,NaN,0,0,0,0,2.8972110748291016,17179869184,2147483648,6507560960,989396992
200,1760614351876,3228,3228,3228,3228,3228,3228,3228,3228,53.096839904785156,52.679832458496094,51.94073486328125,53.45731735229492,52.772064208984375,51.68179702758789,53.82413864135742,50.011619567871094,50.92238998413086,51.146202087402344,50,52.38095474243164,35,22.72727394104004,42.85714340209961,4.761904716491699,0,0,2.8972110748291016,17179869184,2147483648,6604718080,989396992
7,1760614352077,3228,3228,3228,3228,3228,3228,3228,3228,53.096839904785156,52.679832458496094,51.94073486328125,53.45731735229492,52.772064208984375,51.68179702758789,53.82413864135742,50.011619567871094,50.92238998413086,51.146202087402344,85,78.94737243652344,55,0,0,0,0,0,2.8972110748291016,17179869184,2147483648,6604718080,989396992
