Delta,Time,CPU_FREQUENCY_0,CPU_FREQUENCY_1,CPU_FREQUENCY_2,CPU_FREQUENCY_3,CPU_FREQUENCY_4,CPU_FREQUENCY_5,CPU_FREQUENCY_6,CPU_FREQUENCY_7,CPU_TEMP_0,CPU_TEMP_1,CPU_TEMP_2,CPU_TEMP_3,CPU_TEMP_4,CPU_TEMP_5,CPU_TEMP_6,CPU_TEMP_7,CPU_TEMP_8,CPU_TEMP_9,CPU_USAGE_0,CPU_USAGE_1,CPU_USAGE_2,CPU_USAGE_3,CPU_USAGE_4,CPU_USAGE_5,CPU_USAGE_6,CPU_USAGE_7,SYSTEM_POWER (Watts),TOTAL_MEMORY,TOTAL_SWAP,USED_MEMORY,USED_SWAP
0,1760646177133,3228,3228,3228,3228,3228,3228,3228,3228,56.39093017578125,55.06515884399414,54.533966064453125,55.87754821777344,54.78614044189453,55.03617477416992,56.462890625,53.16692352294922,53.84757614135742,53.806671142578125,NaN,100,0,0,0,0,0,0,5.317075252532959,17179869184,2147483648,7658700800,905510912
209,1760646177133,3228,3228,3228,3228,3228,3228,3228,3228,56.39093017578125,55.06515884399414,54.533966064453125,55.87754821777344,54.78614044189453,55.03617477416992,56.462890625,53.16692352294922,53.84757614135742,53.806671142578125,100,100,50,NaN,0,0,0,0,5.317075252532959,17179869184,2147483648,7658455040,905510912
209,1760646177343,3228,3228,3228,3228,3228,3228,3228,3228,56.39093017578125,55.06515884399414,54.533966064453125,55.87754821777344,54.78614044189453,55.03617477416992,56.462890625,53.16692352294922,53.84757614135742,53.806671142578125,80,71.42857360839844,80,20,0,0,0,0,5.317075252532959,17179869184,2147483648,7730135040,905510912
11,1760646177553,3228,3228,3228,3228,3228,3228,3228,3228,56.39093017578125,55.06515884399414,54.533966064453125,55.87754821777344,54.78614044189453,55.03617477416992,56.462890625,53.16692352294922,53.84757614135742,53.806671142578125,61.904762268066406,57.142860412597656,81.81818389892578,27.272727966308594,13.636363983154297,18.18181800842285,9.523809432983398,4.761904716491699,6.469674110412598,17179869184,2147483648,7653933056,905510912
