Delta,Time,CPU_FREQUENCY_0,CPU_FREQUENCY_1,CPU_FREQUENCY_2,CPU_FREQUENCY_3,CPU_FREQUENCY_4,CPU_FREQUENCY_5,CPU_FREQUENCY_6,CPU_FREQUENCY_7,CPU_TEMP_0,CPU_TEMP_1,CPU_TEMP_2,CPU_TEMP_3,CPU_TEMP_4,CPU_TEMP_5,CPU_TEMP_6,CPU_TEMP_7,CPU_TEMP_8,CPU_TEMP_9,CPU_USAGE_0,CPU_USAGE_1,CPU_USAGE_2,CPU_USAGE_3,CPU_USAGE_4,CPU_USAGE_5,CPU_USAGE_6,CPU_USAGE_7,SYSTEM_POWER (Watts),TOTAL_MEMORY,TOTAL_SWAP,USED_MEMORY,USED_SWAP
0,1760620813122,3228,3228,3228,3228,3228,3228,3228,3228,53.757240295410156,53.38639450073242,52.918800354003906,53.70066833496094,53.70861053466797,52.713130950927734,54.695068359375,51.38103485107422,52.18954086303711,52.17723846435547,100,NaN,0,0,0,0,0,0,3.256990432739258,17179869184,2147483648,7559118848,964231168
205,1760620813123,3228,3228,3228,3228,3228,3228,3228,3228,53.757240295410156,53.38639450073242,52.918800354003906,53.70066833496094,53.70861053466797,52.713130950927734,54.695068359375,51.38103485107422,52.18954086303711,52.17723846435547,NaN,0,100,100,0,0,0,0,3.256990432739258,17179869184,2147483648,7559118848,964231168
204,1760620813328,3228,3228,3228,3228,3228,3228,3228,3228,54.23188018798828,53.68790054321289,53.09374237060547,54.364315032958984,53.91624450683594,53.05559158325195,54.71394348144531,51.339332580566406,52.115447998046875,52.090171813964844,59.09090805053711,47.619049072265625,71.42857360839844,21.052631378173828,5,0,0,0,3.256990432739258,17179869184,2147483648,7559118848,964231168
209,1760620813533,3228,3228,3228,3228,3228,3228,3228,3228,54.23188018798828,53.68790054321289,53.09374237060547,54.364315032958984,53.91624450683594,53.05559158325195,54.71394348144531,51.339332580566406,52.115447998046875,52.090171813964844,60.000003814697266,76.19047546386719,50,47.619049072265625,0,0,0,0,3.256990432739258,17179869184,2147483648,7559118848,964231168
9,1760620813743,3228,3228,3228,3228,3228,3228,3228,3228,54.23188018798828,53.68790054321289,53.09374237060547,54.364315032958984,53.91624450683594,53.05559158325195,54.71394348144531,51.339332580566406,52.115447998046875,52.090171813964844,35,60.000003814697266,77.2727279663086,22.72727394104004,0,0,0,4.761904716491699,3.3671600818634033,17179869184,2147483648,7558430720,964231168
