Delta,Time,CPU_FREQUENCY_0,CPU_FREQUENCY_1,CPU_FREQUENCY_2,CPU_FREQUENCY_3,CPU_FREQUENCY_4,CPU_FREQUENCY_5,CPU_FREQUENCY_6,CPU_FREQUENCY_7,CPU_TEMP_0,CPU_TEMP_1,CPU_TEMP_2,CPU_TEMP_3,CPU_TEMP_4,CPU_TEMP_5,CPU_TEMP_6,CPU_TEMP_7,CPU_TEMP_8,CPU_TEMP_9,CPU_USAGE_0,CPU_USAGE_1,CPU_USAGE_2,CPU_USAGE_3,CPU_USAGE_4,CPU_USAGE_5,CPU_USAGE_6,CPU_USAGE_7,SYSTEM_POWER (Watts),TOTAL_MEMORY,TOTAL_SWAP,USED_MEMORY,USED_SWAP
0,1760640210566,3228,3228,3228,3228,3228,3228,3228,3228,59.200225830078125,58.51555633544922,57.39728546142578,59.258785247802734,59.27082061767578,58.17461395263672,59.704429626464844,56.15682601928711,57.242889404296875,57.49835968017578,100,100,100,0,0,0,0,0,6.052638530731201,17179869184,2147483648,7871234048,905510912
209,1760640210566,3228,3228,3228,3228,3228,3228,3228,3228,59.200225830078125,58.51555633544922,57.39728546142578,59.258785247802734,59.27082061767578,58.17461395263672,59.704429626464844,56.15682601928711,57.242889404296875,57.49835968017578,100,100,0,100,0,0,0,0,6.052638530731201,17179869184,2147483648,7875510272,905510912
200,1760640210776,3228,3228,3228,3228,3228,3228,3228,3228,59.200225830078125,58.51555633544922,57.39728546142578,59.258785247802734,59.27082061767578,58.17461395263672,59.704429626464844,56.15682601928711,57.242889404296875,57.49835968017578,80,80,57.142860412597656,27.272727966308594,57.142860412597656,9.523809432983398,4.545454502105713,0,6.052638530731201,17179869184,2147483648,7875510272,905510912
10,1760640210976,3228,3228,3228,3228,3228,3228,3228,3228,59.200225830078125,58.51555633544922,57.39728546142578,59.258785247802734,59.27082061767578,58.17461395263672,59.704429626464844,56.15682601928711,57.242889404296875,57.49835968017578,100,100,55,35,15.000000953674316,0,0,0,6.052638530731201,17179869184,2147483648,7875510272,905510912
