Delta,Time,CPU_FREQUENCY_0,CPU_FREQUENCY_1,CPU_FREQUENCY_2,CPU_FREQUENCY_3,CPU_FREQUENCY_4,CPU_FREQUENCY_5,CPU_FREQUENCY_6,CPU_FREQUENCY_7,CPU_TEMP_0,CPU_TEMP_1,CPU_TEMP_2,CPU_TEMP_3,CPU_TEMP_4,CPU_TEMP_5,CPU_TEMP_6,CPU_TEMP_7,CPU_TEMP_8,CPU_TEMP_9,CPU_USAGE_0,CPU_USAGE_1,CPU_USAGE_2,CPU_USAGE_3,CPU_USAGE_4,CPU_USAGE_5,CPU_USAGE_6,CPU_USAGE_7,SYSTEM_POWER (Watts),TOTAL_MEMORY,TOTAL_SWAP,USED_MEMORY,USED_SWAP
0,1760634223601,3228,3228,3228,3228,3228,3228,3228,3228,55.589900970458984,54.74668502807617,53.55870056152344,55.634559631347656,55.501670837402344,54.14722442626953,55.44746017456055,52.46537399291992,53.00692367553711,53.19268798828125,0,0,100,0,0,0,0,0,4.113778114318848,17179869184,2147483648,8651849728,922288128
209,1760634223601,3228,3228,3228,3228,3228,3228,3228,3228,55.589900970458984,54.74668502807617,53.55870056152344,55.634559631347656,55.501670837402344,54.14722442626953,55.44746017456055,52.46537399291992,53.00692367553711,53.19268798828125,0,0,0,NaN,100,0,0,0,4.113778114318848,17179869184,2147483648,8657338368,922288128
209,1760634223811,3228,3228,3228,3228,3228,3228,3228,3228,55.589900970458984,54.74668502807617,53.55870056152344,55.634559631347656,55.501670837402344,54.14722442626953,55.44746017456055,52.46537399291992,53.00692367553711,53.19268798828125,57.142860412597656,50,61.904762268066406,76.19047546386719,19.047618865966797,9.523809432983398,9.090909004211426,0,4.113778114318848,17179869184,2147483648,8720580608,922288128
10,1760634224021,3228,3228,3228,3228,3228,3228,3228,3228,55.589900970458984,54.74668502807617,53.55870056152344,55.634559631347656,55.501670837402344,54.14722442626953,55.44746017456055,52.46537399291992,53.00692367553711,53.19268798828125,42.85714340209961,45.45454788208008,80.95238494873047,38.095237731933594,4.761904716491699,4.761904716491699,9.523809432983398,9.523809432983398,4.113778114318848,17179869184,2147483648,8652587008,922288128
