Delta,Time,CPU_FREQUENCY_0,CPU_FREQUENCY_1,CPU_FREQUENCY_2,CPU_FREQUENCY_3,CPU_FREQUENCY_4,CPU_FREQUENCY_5,CPU_FREQUENCY_6,CPU_FREQUENCY_7,CPU_TEMP_0,CPU_TEMP_1,CPU_TEMP_2,CPU_TEMP_3,CPU_TEMP_4,CPU_TEMP_5,CPU_TEMP_6,CPU_TEMP_7,CPU_TEMP_8,CPU_TEMP_9,CPU_USAGE_0,CPU_USAGE_1,CPU_USAGE_2,CPU_USAGE_3,CPU_USAGE_4,CPU_USAGE_5,CPU_USAGE_6,CPU_USAGE_7,SYSTEM_POWER (Watts),TOTAL_MEMORY,TOTAL_SWAP,USED_MEMORY,USED_SWAP
0,1760631748921,3228,3228,3228,3228,3228,3228,3228,3228,58.94059371948242,58.876224517822266,57.421051025390625,58.88658142089844,59.476539611816406,58.22101593017578,59.18949508666992,56.81560516357422,56.99611282348633,56.74900817871094,100,100,0,0,0,0,0,0,7.473015785217285,17179869184,2147483648,7836319744,922288128
201,1760631748922,3228,3228,3228,3228,3228,3228,3228,3228,58.94059371948242,58.876224517822266,57.421051025390625,58.88658142089844,59.476539611816406,58.22101593017578,59.18949508666992,56.81560516357422,56.99611282348633,56.74900817871094,100,100,100,NaN,0,0,0,0,7.473015785217285,17179869184,2147483648,7835254784,922288128
209,1760631749123,3228,3228,3228,3228,3228,3228,3228,3228,59.737510681152344,58.66204833984375,57.72559356689453,59.3910026550293,60.59131622314453,59.2568359375,60.108924865722656,57.24007034301758,57.2806282043457,57.16981506347656,100,100,30.000001907348633,60.000003814697266,5,5,0,0,7.473015785217285,17179869184,2147483648,7887683584,922288128
209,1760631749333,3228,3228,3228,3228,3228,3228,3228,3228,59.737510681152344,58.66204833984375,57.72559356689453,59.3910026550293,60.59131622314453,59.2568359375,60.108924865722656,57.24007034301758,57.2806282043457,57.16981506347656,100,100,4.761904716491699,4.545454502105713,100,0,0,0,7.473015785217285,17179869184,2147483648,7873626112,922288128
9,1760631749544,3228,3228,3228,3228,3228,3228,3228,3228,59.737510681152344,58.66204833984375,57.72559356689453,59.3910026550293,60.59131622314453,59.2568359375,60.108924865722656,57.24007034301758,57.2806282043457,57.16981506347656,95.23809814453125,95.45454406738281,59.09090805053711,45.45454788208008,21.7391300201416,10,4.761904716491699,0,6.845101356506348,17179869184,2147483648,7818772480,922288128
