Delta,Time,CPU_FREQUENCY_0,CPU_FREQUENCY_1,CPU_FREQUENCY_2,CPU_FREQUENCY_3,CPU_FREQUENCY_4,CPU_FREQUENCY_5,CPU_FREQUENCY_6,CPU_FREQUENCY_7,CPU_TEMP_0,CPU_TEMP_1,CPU_TEMP_2,CPU_TEMP_3,CPU_TEMP_4,CPU_TEMP_5,CPU_TEMP_6,CPU_TEMP_7,CPU_TEMP_8,CPU_TEMP_9,CPU_USAGE_0,CPU_USAGE_1,CPU_USAGE_2,CPU_USAGE_3,CPU_USAGE_4,CPU_USAGE_5,CPU_USAGE_6,CPU_USAGE_7,SYSTEM_POWER (Watts),TOTAL_MEMORY,TOTAL_SWAP,USED_MEMORY,USED_SWAP
0,1760652872523,3228,3228,3228,3228,3228,3228,3228,3228,51.828983306884766,50.886268615722656,50.24639129638672,50.88804244995117,50.19304656982422,50.08692169189453,52.052024841308594,48.44929122924805,49.94567108154297,49.30793762207031,50,0,0,0,0,0,0,0,2.958975076675415,17179869184,2147483648,8064663552,897122304
209,1760652872523,3228,3228,3228,3228,3228,3228,3228,3228,51.828983306884766,50.886268615722656,50.24639129638672,50.88804244995117,50.19304656982422,50.08692169189453,52.052024841308594,48.44929122924805,49.94567108154297,49.30793762207031,NaN,100,0,100,50,0,0,0,2.958975076675415,17179869184,2147483648,8064663552,897122304
8,1760652872733,3228,3228,3228,3228,3228,3228,3228,3228,51.828983306884766,50.886268615722656,50.24639129638672,50.88804244995117,50.19304656982422,50.08692169189453,52.052024841308594,48.44929122924805,49.94567108154297,49.30793762207031,38.095237731933594,75,80.95238494873047,10,4.761904716491699,4.761904716491699,0,0,3.302206516265869,17179869184,2147483648,8064663552,897122304
