Delta,Time,CPU_FREQUENCY_0,CPU_FREQUENCY_1,CPU_FREQUENCY_2,CPU_FREQUENCY_3,CPU_FREQUENCY_4,CPU_FREQUENCY_5,CPU_FREQUENCY_6,CPU_FREQUENCY_7,CPU_TEMP_0,CPU_TEMP_1,CPU_TEMP_2,CPU_TEMP_3,CPU_TEMP_4,CPU_TEMP_5,CPU_TEMP_6,CPU_TEMP_7,CPU_TEMP_8,CPU_TEMP_9,CPU_USAGE_0,CPU_USAGE_1,CPU_USAGE_2,CPU_USAGE_3,CPU_USAGE_4,CPU_USAGE_5,CPU_USAGE_6,CPU_USAGE_7,SYSTEM_POWER (Watts),TOTAL_MEMORY,TOTAL_SWAP,USED_MEMORY,USED_SWAP
0,1760648775594,3228,3228,3228,3228,3228,3228,3228,3228,53.350799560546875,52.137428283691406,51.37345886230469,53.15795135498047,51.588294982910156,51.37712478637695,53.145442962646484,50.56650161743164,50.726558685302734,50.36107635498047,100,0,100,NaN,0,50,0,50,3.958460807800293,17179869184,2147483648,8047443968,905510912
209,1760648775594,3228,3228,3228,3228,3228,3228,3228,3228,53.350799560546875,52.137428283691406,51.37345886230469,53.15795135498047,51.588294982910156,51.37712478637695,53.145442962646484,50.56650161743164,50.726558685302734,50.36107635498047,100,NaN,100,100,100,NaN,NaN,NaN,3.958460807800293,17179869184,2147483648,8049721344,905510912
209,1760648775804,3228,3228,3228,3228,3228,3228,3228,3228,53.350799560546875,52.137428283691406,51.37345886230469,53.15795135498047,51.588294982910156,51.37712478637695,53.145442962646484,50.56650161743164,50.726558685302734,50.36107635498047,33.333335876464844,31.81818199157715,65,52.38095474243164,47.619049072265625,19.047618865966797,13.636363983154297,4.545454502105713,3.958460807800293,17179869184,2147483648,8093712384,905510912
8,1760648776014,3228,3228,3228,3228,3228,3228,3228,3228,53.350799560546875,52.137428283691406,51.37345886230469,53.15795135498047,51.588294982910156,51.37712478637695,53.145442962646484,50.56650161743164,50.726558685302734,50.36107635498047,36.3636360168457,33.333335876464844,71.42857360839844,40,0,0,0,0,3.958460807800293,17179869184,2147483648,8093712384,905510912
