Delta,Time,CPU_FREQUENCY_0,CPU_FREQUENCY_1,CPU_FREQUENCY_2,CPU_FREQUENCY_3,CPU_FREQUENCY_4,CPU_FREQUENCY_5,CPU_FREQUENCY_6,CPU_FREQUENCY_7,CPU_TEMP_0,CPU_TEMP_1,CPU_TEMP_2,CPU_TEMP_3,CPU_TEMP_4,CPU_TEMP_5,CPU_TEMP_6,CPU_TEMP_7,CPU_TEMP_8,CPU_TEMP_9,CPU_USAGE_0,CPU_USAGE_1,CPU_USAGE_2,CPU_USAGE_3,CPU_USAGE_4,CPU_USAGE_5,CPU_USAGE_6,CPU_USAGE_7,SYSTEM_POWER (Watts),TOTAL_MEMORY,TOTAL_SWAP,USED_MEMORY,USED_SWAP
0,1760647426943,3228,3228,3228,3228,3228,3228,3228,3228,56.903804779052734,55.30647659301758,55.151939392089844,57.01695251464844,55.665626525878906,54.84368896484375,56.931358337402344,53.99842071533203,54.251319885253906,54.68212890625,NaN,100,0,0,0,0,0,0,5.445986270904541,17179869184,2147483648,7573487616,905510912
202,1760647426943,3228,3228,3228,3228,3228,3228,3228,3228,56.903804779052734,55.30647659301758,55.151939392089844,57.01695251464844,55.665626525878906,54.84368896484375,56.931358337402344,53.99842071533203,54.251319885253906,54.68212890625,100,100,100,100,0,0,0,0,5.445986270904541,17179869184,2147483648,7573487616,905510912
205,1760647427146,3228,3228,3228,3228,3228,3228,3228,3228,57.58172607421875,56.08155059814453,55.86254119873047,58.359561920166016,57.26885223388672,56.277957916259766,57.77250289916992,54.940887451171875,54.7921257019043,55.27234649658203,60.000003814697266,70,60.000003814697266,30.000001907348633,0,5,5,0,5.445986270904541,17179869184,2147483648,7573487616,905510912
9,1760647427352,3228,3228,3228,3228,3228,3228,3228,3228,57.58172607421875,56.08155059814453,55.86254119873047,58.359561920166016,57.26885223388672,56.277957916259766,57.77250289916992,54.940887451171875,54.7921257019043,55.27234649658203,71.42857360839844,70,38.095237731933594,0,5,5,4.761904716491699,0,5.445986270904541,17179869184,2147483648,7573487616,905510912
