Delta,Time,CPU_FREQUENCY_0,CPU_FREQUENCY_1,CPU_FREQUENCY_2,CPU_FREQUENCY_3,CPU_FREQUENCY_4,CPU_FREQUENCY_5,CPU_FREQUENCY_6,CPU_FREQUENCY_7,CPU_TEMP_0,CPU_TEMP_1,CPU_TEMP_2,CPU_TEMP_3,CPU_TEMP_4,CPU_TEMP_5,CPU_TEMP_6,CPU_TEMP_7,CPU_TEMP_8,CPU_TEMP_9,CPU_USAGE_0,CPU_USAGE_1,CPU_USAGE_2,CPU_USAGE_3,CPU_USAGE_4,CPU_USAGE_5,CPU_USAGE_6,CPU_USAGE_7,SYSTEM_POWER (Watts),TOTAL_MEMORY,TOTAL_SWAP,USED_MEMORY,USED_SWAP
0,1760655246014,3228,3228,3228,3228,3228,3228,3228,3228,55.90210723876953,55.598838806152344,54.52862548828125,55.968624114990234,55.192344665527344,54.448768615722656,55.7472038269043,52.89955139160156,54.05146026611328,53.497474670410156,100,100,100,50,100,100,50,50,3.555101156234741,17179869184,2147483648,7332708352,897122304
204,1760655246014,3228,3228,3228,3228,3228,3228,3228,3228,55.90210723876953,55.598838806152344,54.52862548828125,55.968624114990234,55.192344665527344,54.448768615722656,55.7472038269043,52.89955139160156,54.05146026611328,53.497474670410156,0,0,100,NaN,50,0,NaN,NaN,3.555101156234741,17179869184,2147483648,7336673280,897122304
206,1760655246219,3228,3228,3228,3228,3228,3228,3228,3228,57.0541877746582,56.15595626831055,54.884796142578125,57.20509338378906,56.89723205566406,55.71781539916992,56.70749282836914,54.01388931274414,54.64181900024414,54.24633026123047,61.904762268066406,65,15.000000953674316,66.66667175292969,14.285715103149414,9.523809432983398,0,0,3.555101156234741,17179869184,2147483648,7401750528,897122304
9,1760655246425,3228,3228,3228,3228,3228,3228,3228,3228,57.0541877746582,56.15595626831055,54.884796142578125,57.20509338378906,56.89723205566406,55.71781539916992,56.70749282836914,54.01388931274414,54.64181900024414,54.24633026123047,42.85714340209961,85.71428680419922,4.761904716491699,20,0,0,0,0,3.555101156234741,17179869184,2147483648,7331840000,897122304
