Delta,Time,CPU_FREQUENCY_0,CPU_FREQUENCY_1,CPU_FREQUENCY_2,CPU_FREQUENCY_3,CPU_FREQUENCY_4,CPU_FREQUENCY_5,CPU_FREQUENCY_6,CPU_FREQUENCY_7,CPU_TEMP_0,CPU_TEMP_1,CPU_TEMP_2,CPU_TEMP_3,CPU_TEMP_4,CPU_TEMP_5,CPU_TEMP_6,CPU_TEMP_7,CPU_TEMP_8,CPU_TEMP_9,CPU_USAGE_0,CPU_USAGE_1,CPU_USAGE_2,CPU_USAGE_3,CPU_USAGE_4,CPU_USAGE_5,CPU_USAGE_6,CPU_USAGE_7,SYSTEM_POWER (Watts),TOTAL_MEMORY,TOTAL_SWAP,USED_MEMORY,USED_SWAP
0,1760634880473,3228,3228,3228,3228,3228,3228,3228,3228,53.76823425292969,52.562095642089844,51.72626495361328,53.938106536865234,53.566917419433594,52.40459442138672,53.74175262451172,50.601280212402344,51.64656066894531,52.01561737060547,NaN,100,0,0,0,0,0,0,3.437178134918213,17179869184,2147483648,8980578304,922288128
205,1760634880473,3228,3228,3228,3228,3228,3228,3228,3228,53.76823425292969,52.562095642089844,51.72626495361328,53.938106536865234,53.566917419433594,52.40459442138672,53.74175262451172,50.601280212402344,51.64656066894531,52.01561737060547,66.66667175292969,100,NaN,100,0,0,0,0,3.437178134918213,17179869184,2147483648,8980578304,922288128
205,1760634880679,3228,3228,3228,3228,3228,3228,3228,3228,53.76823425292969,52.562095642089844,51.72626495361328,53.938106536865234,53.566917419433594,52.40459442138672,53.74175262451172,50.601280212402344,51.64656066894531,52.01561737060547,52.6315803527832,52.38095474243164,28.571430206298828,71.42857360839844,0,4.761904716491699,0,0,3.176304817199707,17179869184,2147483648,8980578304,922288128
8,1760634880884,3228,3228,3228,3228,3228,3228,3228,3228,53.76823425292969,52.562095642089844,51.72626495361328,53.938106536865234,53.566917419433594,52.40459442138672,53.74175262451172,50.601280212402344,51.64656066894531,52.01561737060547,66.66667175292969,75,15.000000953674316,0,0,5,0,0,3.176304817199707,17179869184,2147483648,8980578304,922288128
