Delta,Time,CPU_FREQUENCY_0,CPU_FREQUENCY_1,CPU_FREQUENCY_2,CPU_FREQUENCY_3,CPU_FREQUENCY_4,CPU_FREQUENCY_5,CPU_FREQUENCY_6,CPU_FREQUENCY_7,CPU_TEMP_0,CPU_TEMP_1,CPU_TEMP_2,CPU_TEMP_3,CPU_TEMP_4,CPU_TEMP_5,CPU_TEMP_6,CPU_TEMP_7,CPU_TEMP_8,CPU_TEMP_9,CPU_USAGE_0,CPU_USAGE_1,CPU_USAGE_2,CPU_USAGE_3,CPU_USAGE_4,CPU_USAGE_5,CPU_USAGE_6,CPU_USAGE_7,SYSTEM_POWER (Watts),TOTAL_MEMORY,TOTAL_SWAP,USED_MEMORY,USED_SWAP
0,1760642181862,3228,3228,3228,3228,3228,3228,3228,3228,53.574710845947266,53.18539810180664,52.403465270996094,52.817203521728516,52.973106384277344,51.86687469482422,54.06369400024414,50.94442367553711,51.10670852661133,51.66082763671875,100,0,0,0,0,0,0,0,3.1903321743011475,17179869184,2147483648,7042400256,905510912
209,1760642181863,3228,3228,3228,3228,3228,3228,3228,3228,53.574710845947266,53.18539810180664,52.403465270996094,52.817203521728516,52.973106384277344,51.86687469482422,54.06369400024414,50.94442367553711,51.10670852661133,51.66082763671875,NaN,100,NaN,NaN,0,0,0,0,3.1903321743011475,17179869184,2147483648,7042400256,905510912
209,1760642182073,3228,3228,3228,3228,3228,3228,3228,3228,53.574710845947266,53.18539810180664,52.403465270996094,52.817203521728516,52.973106384277344,51.86687469482422,54.06369400024414,50.94442367553711,51.10670852661133,51.66082763671875,63.6363639831543,76.19047546386719,61.904762268066406,4.761904716491699,33.333335876464844,0,0,0,3.1903321743011475,17179869184,2147483648,7042400256,905510912
10,1760642182283,3228,3228,3228,3228,3228,3228,3228,3228,54.8314094543457,53.99290466308594,53.31634521484375,55.1563835144043,53.86109161376953,53.66481399536133,54.834285736083984,52.08220291137695,51.48023223876953,52.5472412109375,55,38.095237731933594,36.3636360168457,4.761904716491699,27.272727966308594,0,0,0,3.1903321743011475,17179869184,2147483648,7042400256,905510912
