Delta,Time,CPU_FREQUENCY_0,CPU_FREQUENCY_1,CPU_FREQUENCY_2,CPU_FREQUENCY_3,CPU_FREQUENCY_4,CPU_FREQUENCY_5,CPU_FREQUENCY_6,CPU_FREQUENCY_7,CPU_TEMP_0,CPU_TEMP_1,CPU_TEMP_2,CPU_TEMP_3,CPU_TEMP_4,CPU_TEMP_5,CPU_TEMP_6,CPU_TEMP_7,CPU_TEMP_8,CPU_TEMP_9,CPU_USAGE_0,CPU_USAGE_1,CPU_USAGE_2,CPU_USAGE_3,CPU_USAGE_4,CPU_USAGE_5,CPU_USAGE_6,CPU_USAGE_7,SYSTEM_POWER (Watts),TOTAL_MEMORY,TOTAL_SWAP,USED_MEMORY,USED_SWAP
0,1760638783750,3228,3228,3228,3228,3228,3228,3228,3228,54.50966262817383,53.8112678527832,53.0443115234375,54.39340591430664,53.953041076660156,53.06507873535156,55.26521682739258,51.501365661621094,52.66046905517578,52.955108642578125,100,100,0,0,0,0,0,0,3.9120800495147705,17179869184,2147483648,7879852032,913899520
205,1760638783750,3228,3228,3228,3228,3228,3228,3228,3228,54.50966262817383,53.8112678527832,53.0443115234375,54.39340591430664,53.953041076660156,53.06507873535156,55.26521682739258,51.501365661621094,52.66046905517578,52.955108642578125,100,NaN,100,50,0,0,0,0,3.9120800495147705,17179869184,2147483648,7879852032,913899520
9,1760638783955,3228,3228,3228,3228,3228,3228,3228,3228,54.50966262817383,53.8112678527832,53.0443115234375,54.39340591430664,53.953041076660156,53.06507873535156,55.26521682739258,51.501365661621094,52.66046905517578,52.955108642578125,60.000003814697266,57.142860412597656,38.095237731933594,25,30.000001907348633,23.809524536132813,10,0,3.9120800495147705,17179869184,2147483648,7879852032,913899520
