Delta,Time,CPU_FREQUENCY_0,CPU_FREQUENCY_1,CPU_FREQUENCY_2,CPU_FREQUENCY_3,CPU_FREQUENCY_4,CPU_FREQUENCY_5,CPU_FREQUENCY_6,CPU_FREQUENCY_7,CPU_TEMP_0,CPU_TEMP_1,CPU_TEMP_2,CPU_TEMP_3,CPU_TEMP_4,CPU_TEMP_5,CPU_TEMP_6,CPU_TEMP_7,CPU_TEMP_8,CPU_TEMP_9,CPU_USAGE_0,CPU_USAGE_1,CPU_USAGE_2,CPU_USAGE_3,CPU_USAGE_4,CPU_USAGE_5,CPU_USAGE_6,CPU_USAGE_7,SYSTEM_POWER (Watts),TOTAL_MEMORY,TOTAL_SWAP,USED_MEMORY,USED_SWAP
0,1760655010496,3228,3228,3228,3228,3228,3228,3228,3228,55.73704528808594,55.258323669433594,54.84557342529297,56.16439437866211,54.974151611328125,54.788516998291016,56.156982421875,53.56423568725586,54.18758773803711,53.667930603027344,100,50,50,100,66.66667175292969,100,NaN,100,3.478062629699707,17179869184,2147483648,7742865408,897122304
209,1760655010496,3228,3228,3228,3228,3228,3228,3228,3228,55.73704528808594,55.258323669433594,54.84557342529297,56.16439437866211,54.974151611328125,54.788516998291016,56.156982421875,53.56423568725586,54.18758773803711,53.667930603027344,50,NaN,NaN,NaN,0,0,50,0,3.478062629699707,17179869184,2147483648,7742865408,897122304
200,1760655010706,3228,3228,3228,3228,3228,3228,3228,3228,55.73704528808594,55.258323669433594,54.84557342529297,56.16439437866211,54.974151611328125,54.788516998291016,56.156982421875,53.56423568725586,54.18758773803711,53.667930603027344,65,61.904762268066406,50,50,0,13.043478012084961,0,0,3.5232293605804443,17179869184,2147483648,7742865408,897122304
10,1760655010906,3228,3228,3228,3228,3228,3228,3228,3228,55.73704528808594,55.258323669433594,54.84557342529297,56.16439437866211,54.974151611328125,54.788516998291016,56.156982421875,53.56423568725586,54.18758773803711,53.667930603027344,65,65,5,28.571430206298828,5.263157844543457,0,0,0,3.5232293605804443,17179869184,2147483648,7742865408,897122304
