Delta,Time,CPU_FREQUENCY_0,CPU_FREQUENCY_1,CPU_FREQUENCY_2,CPU_FREQUENCY_3,CPU_FREQUENCY_4,CPU_FREQUENCY_5,CPU_FREQUENCY_6,CPU_FREQUENCY_7,CPU_TEMP_0,CPU_TEMP_1,CPU_TEMP_2,CPU_TEMP_3,CPU_TEMP_4,CPU_TEMP_5,CPU_TEMP_6,CPU_TEMP_7,CPU_TEMP_8,CPU_TEMP_9,CPU_USAGE_0,CPU_USAGE_1,CPU_USAGE_2,CPU_USAGE_3,CPU_USAGE_4,CPU_USAGE_5,CPU_USAGE_6,CPU_USAGE_7,SYSTEM_POWER (Watts),TOTAL_MEMORY,TOTAL_SWAP,USED_MEMORY,USED_SWAP
0,1760634247137,3228,3228,3228,3228,3228,3228,3228,3228,53.80472183227539,53.0667839050293,51.55560302734375,53.36174011230469,53.43787384033203,52.60466766357422,53.48226547241211,50.82301330566406,51.18416976928711,52.02095031738281,NaN,NaN,0,NaN,0,0,NaN,0,3.390254497528076,17179869184,2147483648,8671232000,922288128
209,1760634247138,3228,3228,3228,3228,3228,3228,3228,3228,53.80472183227539,53.0667839050293,51.55560302734375,53.36174011230469,53.43787384033203,52.60466766357422,53.48226547241211,50.82301330566406,51.18416976928711,52.02095031738281,50,NaN,NaN,0,NaN,NaN,0,NaN,3.390254497528076,17179869184,2147483648,8671494144,922288128
203,1760634247348,3228,3228,3228,3228,3228,3228,3228,3228,53.80472183227539,53.0667839050293,51.55560302734375,53.36174011230469,53.43787384033203,52.60466766357422,53.48226547241211,50.82301330566406,51.18416976928711,52.02095031738281,47.619049072265625,54.54545593261719,66.66667175292969,28.571430206298828,0,5,0,0,3.390254497528076,17179869184,2147483648,8736866304,922288128
8,1760634247551,3228,3228,3228,3228,3228,3228,3228,3228,53.80472183227539,53.0667839050293,51.55560302734375,53.36174011230469,53.43787384033203,52.60466766357422,53.48226547241211,50.82301330566406,51.18416976928711,52.02095031738281,68.42105102539063,85,63.6363639831543,0,0,0,0,0,3.390254497528076,17179869184,2147483648,8668479488,922288128
