Delta,Time,CPU_FREQUENCY_0,CPU_FREQUENCY_1,CPU_FREQUENCY_2,CPU_FREQUENCY_3,CPU_FREQUENCY_4,CPU_FREQUENCY_5,CPU_FREQUENCY_6,CPU_FREQUENCY_7,CPU_TEMP_0,CPU_TEMP_1,CPU_TEMP_2,CPU_TEMP_3,CPU_TEMP_4,CPU_TEMP_5,CPU_TEMP_6,CPU_TEMP_7,CPU_TEMP_8,CPU_TEMP_9,CPU_USAGE_0,CPU_USAGE_1,CPU_USAGE_2,CPU_USAGE_3,CPU_USAGE_4,CPU_USAGE_5,CPU_USAGE_6,CPU_USAGE_7,SYSTEM_POWER (Watts),TOTAL_MEMORY,TOTAL_SWAP,USED_MEMORY,USED_SWAP
0,1760630302298,3228,3228,3228,3228,3228,3228,3228,3228,54.98081588745117,54.5413932800293,53.51148223876953,54.9370002746582,54.44994354248047,53.016056060791016,54.85072708129883,52.19046401977539,52.73542404174805,53.783531188964844,100,100,0,0,0,0,0,0,3.3509786128997803,17179869184,2147483648,7112212480,939065344
200,1760630302298,3228,3228,3228,3228,3228,3228,3228,3228,54.98081588745117,54.5413932800293,53.51148223876953,54.9370002746582,54.44994354248047,53.016056060791016,54.85072708129883,52.19046401977539,52.73542404174805,53.783531188964844,100,0,0,100,0,0,NaN,0,3.3509786128997803,17179869184,2147483648,7112179712,939065344
209,1760630302499,3228,3228,3228,3228,3228,3228,3228,3228,54.98081588745117,54.5413932800293,53.51148223876953,54.9370002746582,54.44994354248047,53.016056060791016,54.85072708129883,52.19046401977539,52.73542404174805,53.783531188964844,55,42.105262756347656,40,95,5,10,4.761904716491699,0,3.355492115020752,17179869184,2147483648,7171375104,939065344
207,1760630302709,3228,3228,3228,3228,3228,3228,3228,3228,54.98081588745117,54.5413932800293,53.51148223876953,54.9370002746582,54.44994354248047,53.016056060791016,54.85072708129883,52.19046401977539,52.73542404174805,53.783531188964844,65,42.85714340209961,52.38095474243164,42.85714340209961,14.285715103149414,4.761904716491699,0,0,3.355492115020752,17179869184,2147483648,7171915776,939065344
8,1760630302916,3228,3228,3228,3228,3228,3228,3228,3228,54.98081588745117,54.5413932800293,53.51148223876953,54.9370002746582,54.44994354248047,53.016056060791016,54.85072708129883,52.19046401977539,52.73542404174805,53.783531188964844,57.142860412597656,76.19047546386719,14.285715103149414,65,4.761904716491699,0,0,0,3.355492115020752,17179869184,2147483648,7108427776,939065344
