Delta,Time,CPU_FREQUENCY_0,CPU_FREQUENCY_1,CPU_FREQUENCY_2,CPU_FREQUENCY_3,CPU_FREQUENCY_4,CPU_FREQUENCY_5,CPU_FREQUENCY_6,CPU_FREQUENCY_7,CPU_TEMP_0,CPU_TEMP_1,CPU_TEMP_2,CPU_TEMP_3,CPU_TEMP_4,CPU_TEMP_5,CPU_TEMP_6,CPU_TEMP_7,CPU_TEMP_8,CPU_TEMP_9,CPU_USAGE_0,CPU_USAGE_1,CPU_USAGE_2,CPU_USAGE_3,CPU_USAGE_4,CPU_USAGE_5,CPU_USAGE_6,CPU_USAGE_7,SYSTEM_POWER (Watts),TOTAL_MEMORY,TOTAL_SWAP,USED_MEMORY,USED_SWAP
0,1760629812779,3228,3228,3228,3228,3228,3228,3228,3228,52.59035873413086,51.77476501464844,51.24028778076172,52.682125091552734,51.338592529296875,51.36789321899414,52.854000091552734,50.03200149536133,50.382015228271484,50.78484344482422,NaN,NaN,0,0,0,0,0,0,3.1637232303619385,17179869184,2147483648,7225868288,939065344
207,1760629812780,3228,3228,3228,3228,3228,3228,3228,3228,52.59035873413086,51.77476501464844,51.24028778076172,52.682125091552734,51.338592529296875,51.36789321899414,52.854000091552734,50.03200149536133,50.382015228271484,50.78484344482422,100,100,0,NaN,0,0,0,0,3.1637232303619385,17179869184,2147483648,7225868288,939065344
209,1760629812987,3228,3228,3228,3228,3228,3228,3228,3228,52.59035873413086,51.77476501464844,51.681541442871094,53.418094635009766,51.338592529296875,51.36789321899414,52.854000091552734,50.03200149536133,50.382015228271484,50.78484344482422,71.42857360839844,70,4.761904716491699,66.66667175292969,38.095237731933594,0,0,0,3.1637232303619385,17179869184,2147483648,7225868288,939065344
204,1760629813197,3228,3228,3228,3228,3228,3228,3228,3228,53.60334396362305,51.88190460205078,51.681541442871094,53.418094635009766,53.510108947753906,53.1485481262207,53.18207931518555,50.250999450683594,50.59479904174805,50.902870178222656,60.000003814697266,55,38.095237731933594,33.333335876464844,47.619049072265625,13.636363983154297,0,0,3.1637232303619385,17179869184,2147483648,7225868288,939065344
8,1760629813402,3228,3228,3228,3228,3228,3228,3228,3228,53.60334396362305,51.88190460205078,51.681541442871094,53.418094635009766,53.510108947753906,53.1485481262207,53.18207931518555,50.250999450683594,50.59479904174805,50.902870178222656,52.38095474243164,54.54545593261719,33.333335876464844,33.333335876464844,0,0,0,0,3.1637232303619385,17179869184,2147483648,7227817984,939065344
