Delta,Time,CPU_FREQUENCY_0,CPU_FREQUENCY_1,CPU_FREQUENCY_2,CPU_FREQUENCY_3,CPU_FREQUENCY_4,CPU_FREQUENCY_5,CPU_FREQUENCY_6,CPU_FREQUENCY_7,CPU_TEMP_0,CPU_TEMP_1,CPU_TEMP_2,CPU_TEMP_3,CPU_TEMP_4,CPU_TEMP_5,CPU_TEMP_6,CPU_TEMP_7,CPU_TEMP_8,CPU_TEMP_9,CPU_USAGE_0,CPU_USAGE_1,CPU_USAGE_2,CPU_USAGE_3,CPU_USAGE_4,CPU_USAGE_5,CPU_USAGE_6,CPU_USAGE_7,SYSTEM_POWER (Watts),TOTAL_MEMORY,TOTAL_SWAP,USED_MEMORY,USED_SWAP
0,1760639835586,3228,3228,3228,3228,3228,3228,3228,3228,60.703548431396484,60.83837890625,58.77562713623047,60.574501037597656,60.703330993652344,60.00975036621094,61.625667572021484,58.70547103881836,59.29804611206055,59.506797790527344,100,100,100,100,100,100,100,100,8.894301414489746,17179869184,2147483648,7536050176,905510912
209,1760639835587,3228,3228,3228,3228,3228,3228,3228,3228,60.703548431396484,60.83837890625,58.77562713623047,60.574501037597656,60.703330993652344,60.00975036621094,61.625667572021484,58.70547103881836,59.29804611206055,59.506797790527344,100,100,100,100,100,100,100,100,8.894301414489746,17179869184,2147483648,7536066560,905510912
207,1760639835796,3228,3228,3228,3228,3228,3228,3228,3228,60.703548431396484,60.83837890625,58.77562713623047,60.574501037597656,60.703330993652344,60.00975036621094,61.625667572021484,58.70547103881836,59.29804611206055,59.506797790527344,90.47618865966797,90.47618865966797,100,100,100,100,100,100,8.894301414489746,17179869184,2147483648,7597703168,905510912
9,1760639836004,3228,3228,3228,3228,3228,3228,3228,3228,60.703548431396484,60.83837890625,58.77562713623047,60.574501037597656,60.703330993652344,60.00975036621094,61.625667572021484,58.70547103881836,59.29804611206055,59.506797790527344,95.23809814453125,95.23809814453125,76.19047546386719,72.7272720336914,71.42857360839844,80.95238494873047,75,57.142860412597656,8.894301414489746,17179869184,2147483648,7532937216,905510912
