Delta,Time,CPU_FREQUENCY_0,CPU_FREQUENCY_1,CPU_FREQUENCY_2,CPU_FREQUENCY_3,CPU_FREQUENCY_4,CPU_FREQUENCY_5,CPU_FREQUENCY_6,CPU_FREQUENCY_7,CPU_TEMP_0,CPU_TEMP_1,CPU_TEMP_2,CPU_TEMP_3,CPU_TEMP_4,CPU_TEMP_5,CPU_TEMP_6,CPU_TEMP_7,CPU_TEMP_8,CPU_TEMP_9,CPU_USAGE_0,CPU_USAGE_1,CPU_USAGE_2,CPU_USAGE_3,CPU_USAGE_4,CPU_USAGE_5,CPU_USAGE_6,CPU_USAGE_7,SYSTEM_POWER (Watts),TOTAL_MEMORY,TOTAL_SWAP,USED_MEMORY,USED_SWAP
0,1760643251031,3228,3228,3228,3228,3228,3228,3228,3228,50.780494689941406,50.02796173095703,49.51978302001953,50.1304817199707,49.47123718261719,48.97413635253906,51.39377975463867,47.53561019897461,48.15838623046875,48.56968688964844,NaN,NaN,50,NaN,NaN,0,0,NaN,3.079437017440796,17179869184,2147483648,7086047232,905510912
205,1760643251031,3228,3228,3228,3228,3228,3228,3228,3228,50.780494689941406,50.02796173095703,49.51978302001953,50.1304817199707,49.47123718261719,48.97413635253906,51.39377975463867,47.53561019897461,48.15838623046875,48.56968688964844,100,NaN,NaN,NaN,0,0,0,0,3.079437017440796,17179869184,2147483648,7087570944,905510912
209,1760643251237,3228,3228,3228,3228,3228,3228,3228,3228,51.34596252441406,50.77661895751953,50.049835205078125,51.452728271484375,50.72517395019531,50.46385955810547,52.35428237915039,48.53047561645508,48.74188995361328,49.145591735839844,42.105262756347656,57.142860412597656,54.54545593261719,40.90909194946289,5,0,0,0,3.079437017440796,17179869184,2147483648,7150813184,905510912
207,1760643251447,3228,3228,3228,3228,3228,3228,3228,3228,51.34596252441406,50.77661895751953,50.049835205078125,51.452728271484375,50.72517395019531,50.46385955810547,52.35428237915039,48.53047561645508,48.74188995361328,49.145591735839844,50,60.000003814697266,70,33.333335876464844,0,0,0,0,3.079437017440796,17179869184,2147483648,7141376000,905510912
9,1760643251655,3228,3228,3228,3228,3228,3228,3228,3228,51.34596252441406,50.77661895751953,50.049835205078125,51.452728271484375,50.72517395019531,50.46385955810547,52.35428237915039,48.53047561645508,48.74188995361328,49.145591735839844,71.42857360839844,63.6363639831543,4.761904716491699,40,0,4.761904716491699,0,0,3.660444498062134,17179869184,2147483648,7109181440,905510912
