Delta,Time,CPU_FREQUENCY_0,CPU_FREQUENCY_1,CPU_FREQUENCY_2,CPU_FREQUENCY_3,CPU_FREQUENCY_4,CPU_FREQUENCY_5,CPU_FREQUENCY_6,CPU_FREQUENCY_7,CPU_TEMP_0,CPU_TEMP_1,CPU_TEMP_2,CPU_TEMP_3,CPU_TEMP_4,CPU_TEMP_5,CPU_TEMP_6,CPU_TEMP_7,CPU_TEMP_8,CPU_TEMP_9,CPU_USAGE_0,CPU_USAGE_1,CPU_USAGE_2,CPU_USAGE_3,CPU_USAGE_4,CPU_USAGE_5,CPU_USAGE_6,CPU_USAGE_7,SYSTEM_POWER (Watts),TOTAL_MEMORY,TOTAL_SWAP,USED_MEMORY,USED_SWAP
0,1760627175755,3228,3228,3228,3228,3228,3228,3228,3228,53.75437927246094,54.146461486816406,52.939361572265625,54.13229751586914,53.386512756347656,52.68687438964844,54.15059280395508,50.99717330932617,51.549232482910156,52.55415344238281,50,0,0,0,0,0,0,0,2.0709307193756104,17179869184,2147483648,7161921536,939065344
204,1760627175756,3228,3228,3228,3228,3228,3228,3228,3228,53.75437927246094,54.146461486816406,52.939361572265625,54.13229751586914,53.386512756347656,52.68687438964844,54.15059280395508,50.99717330932617,51.549232482910156,52.55415344238281,NaN,0,NaN,0,0,0,0,0,2.0709307193756104,17179869184,2147483648,7162200064,939065344
204,1760627175961,3228,3228,3228,3228,3228,3228,3228,3228,53.75437927246094,54.146461486816406,52.939361572265625,54.13229751586914,53.386512756347656,52.68687438964844,54.15059280395508,50.99717330932617,51.549232482910156,52.55415344238281,4.761904716491699,9.090909004211426,85,14.285715103149414,0,5,0,0,2.0709307193756104,17179869184,2147483648,7229472768,939065344
12,1760627176166,3228,3228,3228,3228,3228,3228,3228,3228,54.693538665771484,54.178470611572266,54.07972717285156,56.608734130859375,53.731956481933594,53.2732048034668,54.78128433227539,51.95659255981445,51.84833908081055,52.476600646972656,5,0,20,0,0,0,0,0,2.0709307193756104,17179869184,2147483648,7155089408,939065344
