Delta,Time,CPU_FREQUENCY_0,CPU_FREQUENCY_1,CPU_FREQUENCY_2,CPU_FREQUENCY_3,CPU_FREQUENCY_4,CPU_FREQUENCY_5,CPU_FREQUENCY_6,CPU_FREQUENCY_7,CPU_TEMP_0,CPU_TEMP_1,CPU_TEMP_2,CPU_TEMP_3,CPU_TEMP_4,CPU_TEMP_5,CPU_TEMP_6,CPU_TEMP_7,CPU_TEMP_8,CPU_TEMP_9,CPU_USAGE_0,CPU_USAGE_1,CPU_USAGE_2,CPU_USAGE_3,CPU_USAGE_4,CPU_USAGE_5,CPU_USAGE_6,CPU_USAGE_7,SYSTEM_POWER (Watts),TOTAL_MEMORY,TOTAL_SWAP,USED_MEMORY,USED_SWAP
0,1760644384008,3228,3228,3228,3228,3228,3228,3228,3228,52.604347229003906,51.716548919677734,51.325439453125,51.993927001953125,52.183319091796875,50.70420455932617,53.18007278442383,49.71287536621094,50.009403228759766,51.333457946777344,NaN,50,50,0,0,0,0,0,2.938575506210327,17179869184,2147483648,7187726336,905510912
209,1760644384008,3228,3228,3228,3228,3228,3228,3228,3228,52.604347229003906,51.716548919677734,51.325439453125,51.993927001953125,52.183319091796875,50.70420455932617,53.18007278442383,49.71287536621094,50.009403228759766,51.333457946777344,50,50,NaN,0,100,0,0,0,2.938575506210327,17179869184,2147483648,7188791296,905510912
209,1760644384218,3228,3228,3228,3228,3228,3228,3228,3228,53.3243522644043,52.31620788574219,51.60393524169922,53.1217041015625,53.13250732421875,52.17274856567383,54.07901382446289,50.302486419677734,50.58082580566406,51.71678924560547,33.333335876464844,52.6315803527832,38.095237731933594,40.90909194946289,61.904762268066406,19.047618865966797,5,0,2.938575506210327,17179869184,2147483648,7188791296,905510912
209,1760644384428,3228,3228,3228,3228,3228,3228,3228,3228,53.3243522644043,52.31620788574219,51.60393524169922,53.1217041015625,53.13250732421875,52.17274856567383,54.07901382446289,50.302486419677734,50.58082580566406,51.71678924560547,38.095237731933594,68.18181610107422,80.95238494873047,15.000000953674316,0,0,0,0,2.938575506210327,17179869184,2147483648,7188791296,905510912
9,1760644384638,3228,3228,3228,3228,3228,3228,3228,3228,53.3243522644043,52.31620788574219,51.60393524169922,53.1217041015625,53.13250732421875,52.17274856567383,54.07901382446289,50.302486419677734,50.58082580566406,51.71678924560547,70,65,42.85714340209961,0,0,0,0,0,3.9617369174957275,17179869184,2147483648,7203291136,905510912
