Delta,Time,CPU_FREQUENCY_0,CPU_FREQUENCY_1,CPU_FREQUENCY_2,CPU_FREQUENCY_3,CPU_FREQUENCY_4,CPU_FREQUENCY_5,CPU_FREQUENCY_6,CPU_FREQUENCY_7,CPU_TEMP_0,CPU_TEMP_1,CPU_TEMP_2,CPU_TEMP_3,CPU_TEMP_4,CPU_TEMP_5,CPU_TEMP_6,CPU_TEMP_7,CPU_TEMP_8,CPU_TEMP_9,CPU_USAGE_0,CPU_USAGE_1,CPU_USAGE_2,CPU_USAGE_3,CPU_USAGE_4,CPU_USAGE_5,CPU_USAGE_6,CPU_USAGE_7,SYSTEM_POWER (Watts),TOTAL_MEMORY,TOTAL_SWAP,USED_MEMORY,USED_SWAP
0,1760627018935,3228,3228,3228,3228,3228,3228,3228,3228,54.44710922241211,54.15824890136719,53.529029846191406,54.752750396728516,54.38152313232422,53.035614013671875,55.1380615234375,51.79777908325195,52.78656005859375,52.427955627441406,NaN,100,0,0,0,0,0,0,2.9667513370513916,17179869184,2147483648,7138344960,939065344
208,1760627018935,3228,3228,3228,3228,3228,3228,3228,3228,54.44710922241211,54.15824890136719,53.529029846191406,54.752750396728516,54.38152313232422,53.035614013671875,55.1380615234375,51.79777908325195,52.78656005859375,52.427955627441406,0,NaN,100,0,0,0,0,0,2.9667513370513916,17179869184,2147483648,7138344960,939065344
204,1760627019144,3228,3228,3228,3228,3228,3228,3228,3228,54.72995376586914,54.1197509765625,53.775970458984375,55.21894836425781,54.468162536621094,53.43302917480469,55.22578048706055,51.79117202758789,52.969234466552734,52.77345275878906,45,54.54545593261719,80,59.09090805053711,10,9.523809432983398,4.761904716491699,0,2.9667513370513916,17179869184,2147483648,7138344960,939065344
209,1760627019349,3228,3228,3228,3228,3228,3228,3228,3228,54.72995376586914,54.1197509765625,53.775970458984375,55.21894836425781,54.468162536621094,53.43302917480469,55.22578048706055,51.79117202758789,52.969234466552734,52.77345275878906,50,70,80.95238494873047,10.526315689086914,5,0,0,0,2.9667513370513916,17179869184,2147483648,7138344960,939065344
9,1760627019559,3228,3228,3228,3228,3228,3228,3228,3228,54.72995376586914,54.1197509765625,53.775970458984375,55.21894836425781,54.468162536621094,53.43302917480469,55.22578048706055,51.79117202758789,52.969234466552734,52.77345275878906,80,57.142860412597656,14.285715103149414,4.545454502105713,43.4782600402832,0,0,0,3.2543625831604004,17179869184,2147483648,7126384640,939065344
