Delta,Time,CPU_FREQUENCY_0,CPU_FREQUENCY_1,CPU_FREQUENCY_2,CPU_FREQUENCY_3,CPU_FREQUENCY_4,CPU_FREQUENCY_5,CPU_FREQUENCY_6,CPU_FREQUENCY_7,CPU_TEMP_0,CPU_TEMP_1,CPU_TEMP_2,CPU_TEMP_3,CPU_TEMP_4,CPU_TEMP_5,CPU_TEMP_6,CPU_TEMP_7,CPU_TEMP_8,CPU_TEMP_9,CPU_USAGE_0,CPU_USAGE_1,CPU_USAGE_2,CPU_USAGE_3,CPU_USAGE_4,CPU_USAGE_5,CPU_USAGE_6,CPU_USAGE_7,SYSTEM_POWER (Watts),TOTAL_MEMORY,TOTAL_SWAP,USED_MEMORY,USED_SWAP
0,1760622310812,3228,3228,3228,3228,3228,3228,3228,3228,58.120365142822266,57.35475540161133,56.508506774902344,58.2822151184082,57.71421813964844,56.74580764770508,57.92300796508789,54.81883239746094,55.62342834472656,56.09968566894531,0,50,50,0,0,0,0,0,4.006668567657471,17179869184,2147483648,8679161856,955842560
209,1760622310812,3228,3228,3228,3228,3228,3228,3228,3228,58.120365142822266,57.35475540161133,56.508506774902344,58.2822151184082,57.71421813964844,56.74580764770508,57.92300796508789,54.81883239746094,55.62342834472656,56.09968566894531,50,NaN,NaN,50,50,50,0,0,4.006668567657471,17179869184,2147483648,8680685568,955842560
209,1760622311022,3228,3228,3228,3228,3228,3228,3228,3228,58.120365142822266,57.35475540161133,56.508506774902344,58.2822151184082,57.71421813964844,56.74580764770508,57.92300796508789,54.81883239746094,55.62342834472656,56.09968566894531,57.142860412597656,50,68.18181610107422,76.19047546386719,26.3157901763916,14.285715103149414,0,0,4.006668567657471,17179869184,2147483648,8745385984,955842560
200,1760622311232,3228,3228,3228,3228,3228,3228,3228,3228,60.239105224609375,58.02314758300781,58.06421661376953,61.333587646484375,61.51850891113281,60.45461654663086,58.95572280883789,56.033084869384766,56.564659118652344,57.334320068359375,80.95238494873047,73.68421173095703,75,40,63.6363639831543,10,13.043478012084961,4.761904716491699,4.006668567657471,17179869184,2147483648,8712044544,955842560
8,1760622311432,3228,3228,3228,3228,3228,3228,3228,3228,60.239105224609375,58.02314758300781,58.06421661376953,61.333587646484375,61.51850891113281,60.45461654663086,58.95572280883789,56.033084869384766,56.564659118652344,57.334320068359375,68.42105102539063,66.66667175292969,70,70,35,42.85714340209961,5.263157844543457,0,4.006668567657471,17179869184,2147483648,8653602816,955842560
