Delta,Time,CPU_FREQUENCY_0,CPU_FREQUENCY_1,CPU_FREQUENCY_2,CPU_FREQUENCY_3,CPU_FREQUENCY_4,CPU_FREQUENCY_5,CPU_FREQUENCY_6,CPU_FREQUENCY_7,CPU_TEMP_0,CPU_TEMP_1,CPU_TEMP_2,CPU_TEMP_3,CPU_TEMP_4,CPU_TEMP_5,CPU_TEMP_6,CPU_TEMP_7,CPU_TEMP_8,CPU_TEMP_9,CPU_USAGE_0,CPU_USAGE_1,CPU_USAGE_2,CPU_USAGE_3,CPU_USAGE_4,CPU_USAGE_5,CPU_USAGE_6,CPU_USAGE_7,SYSTEM_POWER (Watts),TOTAL_MEMORY,TOTAL_SWAP,USED_MEMORY,USED_SWAP
0,1760623980384,3228,3228,3228,3228,3228,3228,3228,3228,53.69303512573242,53.14730453491211,52.15947723388672,53.729915618896484,53.23594665527344,52.44259262084961,53.599769592285156,50.186279296875,50.9947395324707,51.40032196044922,50,100,0,0,0,0,0,0,2.993687629699707,17179869184,2147483648,7741030400,947453952
209,1760623980384,3228,3228,3228,3228,3228,3228,3228,3228,53.69303512573242,53.14730453491211,52.15947723388672,53.729915618896484,53.23594665527344,52.44259262084961,53.599769592285156,50.186279296875,50.9947395324707,51.40032196044922,100,50,100,NaN,0,0,0,0,2.993687629699707,17179869184,2147483648,7727038464,947453952
201,1760623980594,3228,3228,3228,3228,3228,3228,3228,3228,53.69303512573242,53.14730453491211,52.15947723388672,53.729915618896484,53.23594665527344,52.44259262084961,53.599769592285156,50.186279296875,50.9947395324707,51.40032196044922,50,76.19047546386719,45.45454788208008,4.761904716491699,52.38095474243164,0,0,0,3.0917246341705322,17179869184,2147483648,7791476736,947453952
10,1760623980796,3228,3228,3228,3228,3228,3228,3228,3228,53.69303512573242,53.14730453491211,52.15947723388672,53.729915618896484,53.23594665527344,52.44259262084961,53.599769592285156,50.186279296875,50.9947395324707,51.40032196044922,55,50,0,0,25,0,0,0,3.0917246341705322,17179869184,2147483648,7718109184,947453952
