Delta,Time,CPU_FREQUENCY_0,CPU_FREQUENCY_1,CPU_FREQUENCY_2,CPU_FREQUENCY_3,CPU_FREQUENCY_4,CPU_FREQUENCY_5,CPU_FREQUENCY_6,CPU_FREQUENCY_7,CPU_TEMP_0,CPU_TEMP_1,CPU_TEMP_2,CPU_TEMP_3,CPU_TEMP_4,CPU_TEMP_5,CPU_TEMP_6,CPU_TEMP_7,CPU_TEMP_8,CPU_TEMP_9,CPU_USAGE_0,CPU_USAGE_1,CPU_USAGE_2,CPU_USAGE_3,CPU_USAGE_4,CPU_USAGE_5,CPU_USAGE_6,CPU_USAGE_7,SYSTEM_POWER (Watts),TOTAL_MEMORY,TOTAL_SWAP,USED_MEMORY,USED_SWAP
0,1760639450680,3228,3228,3228,3228,3228,3228,3228,3228,56.56360626220703,55.4301643371582,55.030006408691406,55.71615219116211,55.796424865722656,55.24015808105469,57.00664138793945,53.852840423583984,54.09492111206055,55.141197204589844,0,0,0,0,0,0,0,0,2.572138547897339,17179869184,2147483648,6805438464,905510912
209,1760639450680,3228,3228,3228,3228,3228,3228,3228,3228,56.56360626220703,55.4301643371582,55.030006408691406,55.71615219116211,55.796424865722656,55.24015808105469,57.00664138793945,53.852840423583984,54.09492111206055,55.141197204589844,0,0,NaN,NaN,0,0,0,0,2.572138547897339,17179869184,2147483648,6802735104,905510912
209,1760639450890,3228,3228,3228,3228,3228,3228,3228,3228,56.56360626220703,55.4301643371582,55.030006408691406,55.71615219116211,55.796424865722656,55.24015808105469,57.00664138793945,53.852840423583984,54.09492111206055,55.141197204589844,4.761904716491699,0,45.45454788208008,40.90909194946289,19.047618865966797,0,0,0,2.572138547897339,17179869184,2147483648,6870188032,905510912
8,1760639451100,3228,3228,3228,3228,3228,3228,3228,3228,58.18846893310547,56.142364501953125,56.18104553222656,58.264984130859375,57.686737060546875,56.838600158691406,57.71430587768555,54.999298095703125,54.63121795654297,55.654449462890625,40.90909194946289,40.90909194946289,55,0,0,0,0,0,2.572138547897339,17179869184,2147483648,6797328384,905510912
