Delta,Time,CPU_FREQUENCY_0,CPU_FREQUENCY_1,CPU_FREQUENCY_2,CPU_FREQUENCY_3,CPU_FREQUENCY_4,CPU_FREQUENCY_5,CPU_FREQUENCY_6,CPU_FREQUENCY_7,CPU_TEMP_0,CPU_TEMP_1,CPU_TEMP_2,CPU_TEMP_3,CPU_TEMP_4,CPU_TEMP_5,CPU_TEMP_6,CPU_TEMP_7,CPU_TEMP_8,CPU_TEMP_9,CPU_USAGE_0,CPU_USAGE_1,CPU_USAGE_2,CPU_USAGE_3,CPU_USAGE_4,CPU_USAGE_5,CPU_USAGE_6,CPU_USAGE_7,SYSTEM_POWER (Watts),TOTAL_MEMORY,TOTAL_SWAP,USED_MEMORY,USED_SWAP
0,1760635974368,3228,3228,3228,3228,3228,3228,3228,3228,56.211769104003906,54.20613098144531,54.10424041748047,55.897865295410156,56.217185974121094,54.381492614746094,56.04933166503906,52.936405181884766,54.20976638793945,54.134803771972656,0,NaN,0,0,0,0,0,0,3.2024881839752197,17179869184,2147483648,8098054144,913899520
209,1760635974368,3228,3228,3228,3228,3228,3228,3228,3228,56.211769104003906,54.20613098144531,54.10424041748047,55.897865295410156,56.217185974121094,54.381492614746094,56.04933166503906,52.936405181884766,54.20976638793945,54.134803771972656,NaN,0,0,100,0,0,0,NaN,3.2024881839752197,17179869184,2147483648,8098054144,913899520
10,1760635974579,3228,3228,3228,3228,3228,3228,3228,3228,56.211769104003906,54.20613098144531,54.10424041748047,55.897865295410156,56.217185974121094,54.381492614746094,56.04933166503906,52.936405181884766,54.20976638793945,54.134803771972656,45.45454788208008,28.571430206298828,66.66667175292969,28.571430206298828,13.636363983154297,13.636363983154297,4.761904716491699,4.545454502105713,3.7656023502349854,17179869184,2147483648,8098054144,913899520
