Delta,Time,CPU_FREQUENCY_0,CPU_FREQUENCY_1,CPU_FREQUENCY_2,CPU_FREQUENCY_3,CPU_FREQUENCY_4,CPU_FREQUENCY_5,CPU_FREQUENCY_6,CPU_FREQUENCY_7,CPU_TEMP_0,CPU_TEMP_1,CPU_TEMP_2,CPU_TEMP_3,CPU_TEMP_4,CPU_TEMP_5,CPU_TEMP_6,CPU_TEMP_7,CPU_TEMP_8,CPU_TEMP_9,CPU_USAGE_0,CPU_USAGE_1,CPU_USAGE_2,CPU_USAGE_3,CPU_USAGE_4,CPU_USAGE_5,CPU_USAGE_6,CPU_USAGE_7,SYSTEM_POWER (Watts),TOTAL_MEMORY,TOTAL_SWAP,USED_MEMORY,USED_SWAP
0,1760642566801,3228,3228,3228,3228,3228,3228,3228,3228,52.7385139465332,51.83531951904297,51.311134338378906,53.086673736572266,52.096214294433594,50.85452651977539,52.99379348754883,50.02328109741211,50.336952209472656,50.836326599121094,0,100,NaN,0,0,0,0,0,3.7999660968780518,17179869184,2147483648,7273988096,905510912
209,1760642566801,3228,3228,3228,3228,3228,3228,3228,3228,52.7385139465332,51.83531951904297,51.311134338378906,53.086673736572266,52.096214294433594,50.85452651977539,52.99379348754883,50.02328109741211,50.336952209472656,50.836326599121094,100,0,100,100,0,0,0,0,3.7999660968780518,17179869184,2147483648,7274414080,905510912
199,1760642567011,3228,3228,3228,3228,3228,3228,3228,3228,52.7385139465332,51.83531951904297,51.311134338378906,53.086673736572266,52.096214294433594,50.85452651977539,52.99379348754883,50.02328109741211,50.336952209472656,50.836326599121094,33.333335876464844,30.000001907348633,90.47618865966797,65,9.523809432983398,4.761904716491699,13.636363983154297,4.545454502105713,3.7999660968780518,17179869184,2147483648,7274414080,905510912
11,1760642567211,3228,3228,3228,3228,3228,3228,3228,3228,54.09088897705078,52.228702545166016,52.937469482421875,56.19109344482422,54.81206512451172,52.69527053833008,53.99611282348633,51.03131103515625,50.41292953491211,51.440773010253906,21.052631378173828,23.809524536132813,76.19047546386719,50,10,5.263157844543457,5,9.523809432983398,3.7999660968780518,17179869184,2147483648,7274414080,905510912
