Delta,Time,CPU_FREQUENCY_0,CPU_FREQUENCY_1,CPU_FREQUENCY_2,CPU_FREQUENCY_3,CPU_FREQUENCY_4,CPU_FREQUENCY_5,CPU_FREQUENCY_6,CPU_FREQUENCY_7,CPU_TEMP_0,CPU_TEMP_1,CPU_TEMP_2,CPU_TEMP_3,CPU_TEMP_4,CPU_TEMP_5,CPU_TEMP_6,CPU_TEMP_7,CPU_TEMP_8,CPU_TEMP_9,CPU_USAGE_0,CPU_USAGE_1,CPU_USAGE_2,CPU_USAGE_3,CPU_USAGE_4,CPU_USAGE_5,CPU_USAGE_6,CPU_USAGE_7,SYSTEM_POWER (Watts),TOTAL_MEMORY,TOTAL_SWAP,USED_MEMORY,USED_SWAP
0,1760631152121,3228,3228,3228,3228,3228,3228,3228,3228,53.12514877319336,51.719478607177734,51.72454071044922,53.751033782958984,52.71550750732422,51.44639205932617,52.72063064575195,50.352848052978516,51.14664077758789,51.173248291015625,0,0,0,0,0,0,0,0,2.1091930866241455,17179869184,2147483648,7417643008,939065344
209,1760631152121,3228,3228,3228,3228,3228,3228,3228,3228,53.12514877319336,51.719478607177734,51.72454071044922,53.751033782958984,52.71550750732422,51.44639205932617,52.72063064575195,50.352848052978516,51.14664077758789,51.173248291015625,0,0,50,100,0,0,0,0,2.1091930866241455,17179869184,2147483648,7415250944,939065344
203,1760631152332,3228,3228,3228,3228,3228,3228,3228,3228,53.12514877319336,51.719478607177734,51.72454071044922,53.751033782958984,52.71550750732422,51.44639205932617,52.72063064575195,50.352848052978516,51.14664077758789,51.173248291015625,5,4.761904716491699,15.789472579956055,23.809524536132813,57.142860412597656,0,0,0,2.1091930866241455,17179869184,2147483648,7479967744,939065344
12,1760631152535,3228,3228,3228,3228,3228,3228,3228,3228,53.12514877319336,51.719478607177734,51.72454071044922,53.751033782958984,52.71550750732422,51.44639205932617,52.72063064575195,50.352848052978516,51.14664077758789,51.173248291015625,0,0,13.636363983154297,0,4.761904716491699,0,0,0,2.913417100906372,17179869184,2147483648,7413645312,939065344
