Delta,Time,CPU_FREQUENCY_0,CPU_FREQUENCY_1,CPU_FREQUENCY_2,CPU_FREQUENCY_3,CPU_FREQUENCY_4,CPU_FREQUENCY_5,CPU_FREQUENCY_6,CPU_FREQUENCY_7,CPU_TEMP_0,CPU_TEMP_1,CPU_TEMP_2,CPU_TEMP_3,CPU_TEMP_4,CPU_TEMP_5,CPU_TEMP_6,CPU_TEMP_7,CPU_TEMP_8,CPU_TEMP_9,CPU_USAGE_0,CPU_USAGE_1,CPU_USAGE_2,CPU_USAGE_3,CPU_USAGE_4,CPU_USAGE_5,CPU_USAGE_6,CPU_USAGE_7,SYSTEM_POWER (Watts),TOTAL_MEMORY,TOTAL_SWAP,USED_MEMORY,USED_SWAP
0,1760619896237,3228,3228,3228,3228,3228,3228,3228,3228,56.270042419433594,55.47674560546875,53.724578857421875,56.242000579833984,55.659393310546875,54.442169189453125,56.97929000854492,53.170440673828125,53.29873275756836,53.90241241455078,100,100,0,0,0,0,0,0,3.1993250846862793,17179869184,2147483648,7145783296,964231168
209,1760619896237,3228,3228,3228,3228,3228,3228,3228,3228,56.270042419433594,55.47674560546875,53.724578857421875,56.242000579833984,55.659393310546875,54.442169189453125,56.97929000854492,53.170440673828125,53.29873275756836,53.90241241455078,NaN,50,NaN,NaN,0,0,0,0,3.1993250846862793,17179869184,2147483648,7145783296,964231168
209,1760619896447,3228,3228,3228,3228,3228,3228,3228,3228,56.270042419433594,55.47674560546875,53.724578857421875,56.242000579833984,55.659393310546875,54.442169189453125,56.97929000854492,53.170440673828125,53.29873275756836,53.90241241455078,54.54545593261719,50,66.66667175292969,28.571430206298828,5,0,0,0,3.1993250846862793,17179869184,2147483648,7145783296,964231168
208,1760619896657,3228,3228,3228,3228,3228,3228,3228,3228,56.270042419433594,55.47674560546875,53.724578857421875,56.242000579833984,55.659393310546875,54.442169189453125,56.97929000854492,53.170440673828125,53.29873275756836,53.90241241455078,61.904762268066406,68.18181610107422,100,4.545454502105713,4.545454502105713,0,0,0,3.881688356399536,17179869184,2147483648,7145783296,964231168
10,1760619896866,3228,3228,3228,3228,3228,3228,3228,3228,56.270042419433594,55.47674560546875,53.724578857421875,56.242000579833984,55.659393310546875,54.442169189453125,56.97929000854492,53.170440673828125,53.29873275756836,53.90241241455078,47.619049072265625,61.904762268066406,45.45454788208008,10,0,0,0,0,3.881688356399536,17179869184,2147483648,7144357888,964231168
