Delta,Time,CPU_FREQUENCY_0,CPU_FREQUENCY_1,CPU_FREQUENCY_2,CPU_FREQUENCY_3,CPU_FREQUENCY_4,CPU_FREQUENCY_5,CPU_FREQUENCY_6,CPU_FREQUENCY_7,CPU_TEMP_0,CPU_TEMP_1,CPU_TEMP_2,CPU_TEMP_3,CPU_TEMP_4,CPU_TEMP_5,CPU_TEMP_6,CPU_TEMP_7,CPU_TEMP_8,CPU_TEMP_9,CPU_USAGE_0,CPU_USAGE_1,CPU_USAGE_2,CPU_USAGE_3,CPU_USAGE_4,CPU_USAGE_5,CPU_USAGE_6,CPU_USAGE_7,SYSTEM_POWER (Watts),TOTAL_MEMORY,TOTAL_SWAP,USED_MEMORY,USED_SWAP
0,1760644668759,3228,3228,3228,3228,3228,3228,3228,3228,56.77375793457031,56.0771484375,55.183876037597656,56.109493255615234,56.64655303955078,55.36520767211914,57.674129486083984,54.08248519897461,54.42893981933594,54.784217834472656,0,100,0,0,100,0,0,0,6.987729549407959,17179869184,2147483648,7719190528,905510912
204,1760644668760,3228,3228,3228,3228,3228,3228,3228,3228,56.77375793457031,56.0771484375,55.183876037597656,56.109493255615234,56.64655303955078,55.36520767211914,57.674129486083984,54.08248519897461,54.42893981933594,54.784217834472656,0,100,0,100,NaN,NaN,0,0,6.987729549407959,17179869184,2147483648,7719190528,905510912
11,1760644668965,3228,3228,3228,3228,3228,3228,3228,3228,56.77375793457031,56.0771484375,55.183876037597656,56.109493255615234,56.64655303955078,55.36520767211914,57.674129486083984,54.08248519897461,54.42893981933594,54.784217834472656,70,71.42857360839844,52.38095474243164,40,19.047618865966797,10,4.761904716491699,4.545454502105713,6.987729549407959,17179869184,2147483648,7719190528,905510912
