Delta,Time,CPU_FREQUENCY_0,CPU_FREQUENCY_1,CPU_FREQUENCY_2,CPU_FREQUENCY_3,CPU_FREQUENCY_4,CPU_FREQUENCY_5,CPU_FREQUENCY_6,CPU_FREQUENCY_7,CPU_TEMP_0,CPU_TEMP_1,CPU_TEMP_2,CPU_TEMP_3,CPU_TEMP_4,CPU_TEMP_5,CPU_TEMP_6,CPU_TEMP_7,CPU_TEMP_8,CPU_TEMP_9,CPU_USAGE_0,CPU_USAGE_1,CPU_USAGE_2,CPU_USAGE_3,CPU_USAGE_4,CPU_USAGE_5,CPU_USAGE_6,CPU_USAGE_7,SYSTEM_POWER (Watts),TOTAL_MEMORY,TOTAL_SWAP,USED_MEMORY,USED_SWAP
0,1760625127288,3228,3228,3228,3228,3228,3228,3228,3228,54.38004684448242,54.01353454589844,53.600433349609375,54.577850341796875,54.02455139160156,53.56827926635742,54.46453857421875,52.082889556884766,52.11033630371094,52.582611083984375,50,100,0,NaN,NaN,0,0,0,2.917847156524658,17179869184,2147483648,6752419840,947453952
209,1760625127289,3228,3228,3228,3228,3228,3228,3228,3228,54.38004684448242,54.01353454589844,53.600433349609375,54.577850341796875,54.02455139160156,53.56827926635742,54.46453857421875,52.082889556884766,52.11033630371094,52.582611083984375,NaN,0,50,100,0,0,0,0,2.917847156524658,17179869184,2147483648,6749798400,947453952
209,1760625127499,3228,3228,3228,3228,3228,3228,3228,3228,54.38004684448242,54.01353454589844,53.600433349609375,54.577850341796875,54.02455139160156,53.56827926635742,54.46453857421875,52.082889556884766,52.11033630371094,52.582611083984375,68.18181610107422,76.19047546386719,61.904762268066406,38.095237731933594,4.761904716491699,0,0,0,2.917847156524658,17179869184,2147483648,6803980288,947453952
10,1760625127709,3228,3228,3228,3228,3228,3228,3228,3228,54.38004684448242,54.01353454589844,53.600433349609375,54.577850341796875,54.02455139160156,53.56827926635742,54.46453857421875,52.082889556884766,52.11033630371094,52.582611083984375,65,42.85714340209961,0,14.285715103149414,0,0,0,0,3.0434587001800537,17179869184,2147483648,6731137024,947453952
