Delta,Time,CPU_FREQUENCY_0,CPU_FREQUENCY_1,CPU_FREQUENCY_2,CPU_FREQUENCY_3,CPU_FREQUENCY_4,CPU_FREQUENCY_5,CPU_FREQUENCY_6,CPU_FREQUENCY_7,CPU_TEMP_0,CPU_TEMP_1,CPU_TEMP_2,CPU_TEMP_3,CPU_TEMP_4,CPU_TEMP_5,CPU_TEMP_6,CPU_TEMP_7,CPU_TEMP_8,CPU_TEMP_9,CPU_USAGE_0,CPU_USAGE_1,CPU_USAGE_2,CPU_USAGE_3,CPU_USAGE_4,CPU_USAGE_5,CPU_USAGE_6,CPU_USAGE_7,SYSTEM_POWER (Watts),TOTAL_MEMORY,TOTAL_SWAP,USED_MEMORY,USED_SWAP
0,1760629142102,3228,3228,3228,3228,3228,3228,3228,3228,53.661746978759766,53.0218620300293,52.50663757324219,53.965396881103516,53.325927734375,52.313236236572266,53.950592041015625,50.879703521728516,51.74110794067383,51.77525329589844,100,50,0,0,0,0,0,0,3.3069334030151367,17179869184,2147483648,6723944448,939065344
209,1760629142102,3228,3228,3228,3228,3228,3228,3228,3228,53.661746978759766,53.0218620300293,52.50663757324219,53.965396881103516,53.325927734375,52.313236236572266,53.950592041015625,50.879703521728516,51.74110794067383,51.77525329589844,0,NaN,0,50,NaN,0,0,0,3.3069334030151367,17179869184,2147483648,6724190208,939065344
9,1760629142312,3228,3228,3228,3228,3228,3228,3228,3228,53.661746978759766,53.0218620300293,52.50663757324219,53.965396881103516,53.325927734375,52.313236236572266,53.950592041015625,50.879703521728516,51.74110794067383,51.77525329589844,57.142860412597656,59.09090805053711,14.285715103149414,5,0,0,0,0,3.3069334030151367,17179869184,2147483648,6729826304,939065344
