Delta,Time,CPU_FREQUENCY_0,CPU_FREQUENCY_1,CPU_FREQUENCY_2,CPU_FREQUENCY_3,CPU_FREQUENCY_4,CPU_FREQUENCY_5,CPU_FREQUENCY_6,CPU_FREQUENCY_7,CPU_TEMP_0,CPU_TEMP_1,CPU_TEMP_2,CPU_TEMP_3,CPU_TEMP_4,CPU_TEMP_5,CPU_TEMP_6,CPU_TEMP_7,CPU_TEMP_8,CPU_TEMP_9,CPU_USAGE_0,CPU_USAGE_1,CPU_USAGE_2,CPU_USAGE_3,CPU_USAGE_4,CPU_USAGE_5,CPU_USAGE_6,CPU_USAGE_7,SYSTEM_POWER (Watts),TOTAL_MEMORY,TOTAL_SWAP,USED_MEMORY,USED_SWAP
0,1760646978154,3228,3228,3228,3228,3228,3228,3228,3228,56.66273498535156,55.110477447509766,54.15309143066406,56.785499572753906,55.21014404296875,54.57874298095703,56.50479507446289,53.2321662902832,54.06831359863281,54.141815185546875,NaN,100,NaN,NaN,0,0,0,0,7.803830146789551,17179869184,2147483648,7239974912,905510912
209,1760646978154,3228,3228,3228,3228,3228,3228,3228,3228,56.66273498535156,55.110477447509766,54.15309143066406,56.785499572753906,55.21014404296875,54.57874298095703,56.50479507446289,53.2321662902832,54.06831359863281,54.141815185546875,100,100,100,50,50,100,0,NaN,7.803830146789551,17179869184,2147483648,7241531392,905510912
209,1760646978364,3228,3228,3228,3228,3228,3228,3228,3228,56.66273498535156,55.110477447509766,54.15309143066406,56.785499572753906,55.21014404296875,54.57874298095703,56.50479507446289,53.2321662902832,54.06831359863281,54.141815185546875,45,38.095237731933594,72.7272720336914,65,25,9.090909004211426,4.761904716491699,0,7.803830146789551,17179869184,2147483648,7303856128,905510912
209,1760646978574,3228,3228,3228,3228,3228,3228,3228,3228,56.66273498535156,55.110477447509766,54.15309143066406,56.785499572753906,55.21014404296875,54.57874298095703,56.50479507446289,53.2321662902832,54.06831359863281,54.141815185546875,31.81818199157715,28.571430206298828,100,57.142860412597656,28.571430206298828,19.047618865966797,0,0,3.950160026550293,17179869184,2147483648,7303856128,905510912
9,1760646978784,3228,3228,3228,3228,3228,3228,3228,3228,56.66273498535156,55.110477447509766,54.15309143066406,56.785499572753906,55.21014404296875,54.57874298095703,56.50479507446289,53.2321662902832,54.06831359863281,54.141815185546875,40,30.000001907348633,77.2727279663086,52.38095474243164,9.090909004211426,0,0,0,3.950160026550293,17179869184,2147483648,7239843840,905510912
