Delta,Time,CPU_FREQUENCY_0,CPU_FREQUENCY_1,CPU_FREQUENCY_2,CPU_FREQUENCY_3,CPU_FREQUENCY_4,CPU_FREQUENCY_5,CPU_FREQUENCY_6,CPU_FREQUENCY_7,CPU_TEMP_0,CPU_TEMP_1,CPU_TEMP_2,CPU_TEMP_3,CPU_TEMP_4,CPU_TEMP_5,CPU_TEMP_6,CPU_TEMP_7,CPU_TEMP_8,CPU_TEMP_9,CPU_USAGE_0,CPU_USAGE_1,CPU_USAGE_2,CPU_USAGE_3,CPU_USAGE_4,CPU_USAGE_5,CPU_USAGE_6,CPU_USAGE_7,SYSTEM_POWER (Watts),TOTAL_MEMORY,TOTAL_SWAP,USED_MEMORY,USED_SWAP
0,1760649981903,3228,3228,3228,3228,3228,3228,3228,3228,53.636783599853516,52.36620330810547,52.03363037109375,52.706886291503906,52.606224060058594,51.69093322753906,53.65351486206055,50.482173919677734,50.63036346435547,51.35444641113281,0,100,NaN,0,0,0,0,0,3.1652865409851074,17179869184,2147483648,7597146112,905510912
209,1760649981903,3228,3228,3228,3228,3228,3228,3228,3228,53.636783599853516,52.36620330810547,52.03363037109375,52.706886291503906,52.606224060058594,51.69093322753906,53.65351486206055,50.482173919677734,50.63036346435547,51.35444641113281,NaN,NaN,50,NaN,0,0,0,NaN,3.1652865409851074,17179869184,2147483648,7597309952,905510912
9,1760649982114,3228,3228,3228,3228,3228,3228,3228,3228,54.47712326049805,52.94377136230469,52.40489959716797,53.541744232177734,53.174407958984375,52.6943244934082,54.39373779296875,51.20914840698242,51.37165069580078,52.22014617919922,76.19047546386719,61.904762268066406,10,4.761904716491699,0,4.545454502105713,0,0,3.1652865409851074,17179869184,2147483648,7597342720,905510912
