Delta,Time,CPU_FREQUENCY_0,CPU_FREQUENCY_1,CPU_FREQUENCY_2,CPU_FREQUENCY_3,CPU_FREQUENCY_4,CPU_FREQUENCY_5,CPU_FREQUENCY_6,CPU_FREQUENCY_7,CPU_TEMP_0,CPU_TEMP_1,CPU_TEMP_2,CPU_TEMP_3,CPU_TEMP_4,CPU_TEMP_5,CPU_TEMP_6,CPU_TEMP_7,CPU_TEMP_8,CPU_TEMP_9,CPU_USAGE_0,CPU_USAGE_1,CPU_USAGE_2,CPU_USAGE_3,CPU_USAGE_4,CPU_USAGE_5,CPU_USAGE_6,CPU_USAGE_7,SYSTEM_POWER (Watts),TOTAL_MEMORY,TOTAL_SWAP,USED_MEMORY,USED_SWAP
0,1760653466503,3228,3228,3228,3228,3228,3228,3228,3228,54.440826416015625,54.008121490478516,52.391151428222656,54.6884651184082,53.785850524902344,53.24690246582031,54.86250305175781,51.52316665649414,51.727012634277344,51.98271942138672,100,100,100,100,100,100,100,100,3.774496078491211,17179869184,2147483648,7219068928,897122304
201,1760653466503,3228,3228,3228,3228,3228,3228,3228,3228,54.440826416015625,54.008121490478516,52.391151428222656,54.6884651184082,53.785850524902344,53.24690246582031,54.86250305175781,51.52316665649414,51.727012634277344,51.98271942138672,50,NaN,50,NaN,50,100,0,NaN,3.774496078491211,17179869184,2147483648,7219068928,897122304
205,1760653466705,3228,3228,3228,3228,3228,3228,3228,3228,54.440826416015625,54.008121490478516,52.391151428222656,54.6884651184082,53.785850524902344,53.24690246582031,54.86250305175781,51.52316665649414,51.727012634277344,51.98271942138672,42.105262756347656,33.333335876464844,68.42105102539063,80.95238494873047,14.285715103149414,9.523809432983398,5,9.523809432983398,3.8155858516693115,17179869184,2147483648,7219068928,897122304
9,1760653466911,3228,3228,3228,3228,3228,3228,3228,3228,54.440826416015625,54.008121490478516,52.391151428222656,54.6884651184082,53.785850524902344,53.24690246582031,54.86250305175781,51.52316665649414,51.727012634277344,51.98271942138672,42.85714340209961,42.105262756347656,71.42857360839844,35,30.000001907348633,14.285715103149414,13.636363983154297,5,3.8155858516693115,17179869184,2147483648,7219068928,897122304
