Delta,Time,CPU_FREQUENCY_0,CPU_FREQUENCY_1,CPU_FREQUENCY_2,CPU_FREQUENCY_3,CPU_FREQUENCY_4,CPU_FREQUENCY_5,CPU_FREQUENCY_6,CPU_FREQUENCY_7,CPU_TEMP_0,CPU_TEMP_1,CPU_TEMP_2,CPU_TEMP_3,CPU_TEMP_4,CPU_TEMP_5,CPU_TEMP_6,CPU_TEMP_7,CPU_TEMP_8,CPU_TEMP_9,CPU_USAGE_0,CPU_USAGE_1,CPU_USAGE_2,CPU_USAGE_3,CPU_USAGE_4,CPU_USAGE_5,CPU_USAGE_6,CPU_USAGE_7,SYSTEM_POWER (Watts),TOTAL_MEMORY,TOTAL_SWAP,USED_MEMORY,USED_SWAP
0,1760625814014,3228,3228,3228,3228,3228,3228,3228,3228,57.363155364990234,56.677284240722656,55.45056915283203,57.136112213134766,57.00968933105469,56.4933967590332,56.782291412353516,53.55775451660156,54.76929473876953,54.660675048828125,100,100,0,0,0,0,0,0,3.086148262023926,17179869184,2147483648,7046447104,947453952
201,1760625814014,3228,3228,3228,3228,3228,3228,3228,3228,57.363155364990234,56.677284240722656,55.45056915283203,57.136112213134766,57.00968933105469,56.4933967590332,56.782291412353516,53.55775451660156,54.76929473876953,54.660675048828125,0,100,100,0,0,0,0,NaN,3.086148262023926,17179869184,2147483648,7045332992,947453952
204,1760625814216,3228,3228,3228,3228,3228,3228,3228,3228,57.67028045654297,57.44255828857422,55.90470886230469,58.01789093017578,57.025291442871094,56.800540924072266,57.869388580322266,54.71651077270508,55.496578216552734,55.511322021484375,36.842105865478516,52.6315803527832,70,63.15789031982422,15.789472579956055,5.263157844543457,5,4.761904716491699,3.086148262023926,17179869184,2147483648,7094779904,947453952
209,1760625814421,3228,3228,3228,3228,3228,3228,3228,3228,57.67028045654297,57.44255828857422,55.90470886230469,58.01789093017578,57.025291442871094,56.800540924072266,57.869388580322266,54.71651077270508,55.496578216552734,55.511322021484375,50,52.38095474243164,33.333335876464844,66.66667175292969,0,0,0,0,3.086148262023926,17179869184,2147483648,7098679296,947453952
9,1760625814631,3228,3228,3228,3228,3228,3228,3228,3228,57.67028045654297,57.44255828857422,55.90470886230469,58.01789093017578,57.025291442871094,56.800540924072266,57.869388580322266,54.71651077270508,55.496578216552734,55.511322021484375,59.09090805053711,80.95238494873047,55,4.761904716491699,0,0,0,0,4.918975830078125,17179869184,2147483648,7041646592,947453952
