Delta,Time,CPU_FREQUENCY_0,CPU_FREQUENCY_1,CPU_FREQUENCY_2,CPU_FREQUENCY_3,CPU_FREQUENCY_4,CPU_FREQUENCY_5,CPU_FREQUENCY_6,CPU_FREQUENCY_7,CPU_TEMP_0,CPU_TEMP_1,CPU_TEMP_2,CPU_TEMP_3,CPU_TEMP_4,CPU_TEMP_5,CPU_TEMP_6,CPU_TEMP_7,CPU_TEMP_8,CPU_TEMP_9,CPU_USAGE_0,CPU_USAGE_1,CPU_USAGE_2,CPU_USAGE_3,CPU_USAGE_4,CPU_USAGE_5,CPU_USAGE_6,CPU_USAGE_7,SYSTEM_POWER (Watts),TOTAL_MEMORY,TOTAL_SWAP,USED_MEMORY,USED_SWAP
0,1760630126667,3228,3228,3228,3228,3228,3228,3228,3228,54.201725006103516,54.25363540649414,53.04969787597656,54.66756820678711,54.155982971191406,52.88802719116211,54.60900115966797,51.9743766784668,52.35055923461914,52.50506591796875,0,0,100,NaN,100,100,100,0,3.5325961112976074,17179869184,2147483648,6963871744,939065344
209,1760630126668,3228,3228,3228,3228,3228,3228,3228,3228,54.201725006103516,54.25363540649414,53.04969787597656,54.66756820678711,54.155982971191406,52.88802719116211,54.60900115966797,51.9743766784668,52.35055923461914,52.50506591796875,100,100,0,100,100,100,0,100,3.5325961112976074,17179869184,2147483648,6964199424,939065344
209,1760630126877,3228,3228,3228,3228,3228,3228,3228,3228,54.201725006103516,54.25363540649414,53.04969787597656,54.66756820678711,54.155982971191406,52.88802719116211,54.60900115966797,51.9743766784668,52.35055923461914,52.50506591796875,75,61.904762268066406,9.523809432983398,90,40,13.636363983154297,4.761904716491699,0,3.5325961112976074,17179869184,2147483648,7032537088,939065344
9,1760630127087,3228,3228,3228,3228,3228,3228,3228,3228,57.81843566894531,55.52245330810547,55.102935791015625,58.08950424194336,60.87287902832031,59.31999969482422,56.298274993896484,53.99610900878906,53.857975006103516,54.933753967285156,72.7272720336914,65,0,4.545454502105713,28.571430206298828,0,0,0,3.5325961112976074,17179869184,2147483648,6969393152,939065344
