Delta,Time,CPU_FREQUENCY_0,CPU_FREQUENCY_1,CPU_FREQUENCY_2,CPU_FREQUENCY_3,CPU_FREQUENCY_4,CPU_FREQUENCY_5,CPU_FREQUENCY_6,CPU_FREQUENCY_7,CPU_TEMP_0,CPU_TEMP_1,CPU_TEMP_2,CPU_TEMP_3,CPU_TEMP_4,CPU_TEMP_5,CPU_TEMP_6,CPU_TEMP_7,CPU_TEMP_8,CPU_TEMP_9,CPU_USAGE_0,CPU_USAGE_1,CPU_USAGE_2,CPU_USAGE_3,CPU_USAGE_4,CPU_USAGE_5,CPU_USAGE_6,CPU_USAGE_7,SYSTEM_POWER (Watts),TOTAL_MEMORY,TOTAL_SWAP,USED_MEMORY,USED_SWAP
0,1760629309421,3228,3228,3228,3228,3228,3228,3228,3228,54.409420013427734,54.36852264404297,53.69951629638672,55.00690460205078,54.45624542236328,53.4297981262207,54.83439636230469,52.0844612121582,52.85789108276367,53.249908447265625,66.66667175292969,100,0,0,0,0,0,0,3.4097888469696045,17179869184,2147483648,6931660800,939065344
201,1760629309421,3228,3228,3228,3228,3228,3228,3228,3228,54.409420013427734,54.36852264404297,53.69951629638672,55.00690460205078,54.45624542236328,53.4297981262207,54.83439636230469,52.0844612121582,52.85789108276367,53.249908447265625,NaN,50,100,NaN,0,0,0,0,3.4097888469696045,17179869184,2147483648,6931660800,939065344
207,1760629309623,3228,3228,3228,3228,3228,3228,3228,3228,54.409420013427734,54.36852264404297,53.69951629638672,55.00690460205078,54.45624542236328,53.4297981262207,54.83439636230469,52.0844612121582,52.85789108276367,53.249908447265625,60.000003814697266,80.95238494873047,80.95238494873047,28.571430206298828,20,5,5,0,3.178232431411743,17179869184,2147483648,6931660800,939065344
9,1760629309831,3228,3228,3228,3228,3228,3228,3228,3228,54.409420013427734,54.36852264404297,53.69951629638672,55.00690460205078,54.45624542236328,53.4297981262207,54.83439636230469,52.0844612121582,52.85789108276367,53.249908447265625,61.904762268066406,50,0,35,0,0,0,0,3.178232431411743,17179869184,2147483648,6931660800,939065344
