Delta,Time,CPU_FREQUENCY_0,CPU_FREQUENCY_1,CPU_FREQUENCY_2,CPU_FREQUENCY_3,CPU_FREQUENCY_4,CPU_FREQUENCY_5,CPU_FREQUENCY_6,CPU_FREQUENCY_7,CPU_TEMP_0,CPU_TEMP_1,CPU_TEMP_2,CPU_TEMP_3,CPU_TEMP_4,CPU_TEMP_5,CPU_TEMP_6,CPU_TEMP_7,CPU_TEMP_8,CPU_TEMP_9,CPU_USAGE_0,CPU_USAGE_1,CPU_USAGE_2,CPU_USAGE_3,CPU_USAGE_4,CPU_USAGE_5,CPU_USAGE_6,CPU_USAGE_7,SYSTEM_POWER (Watts),TOTAL_MEMORY,TOTAL_SWAP,USED_MEMORY,USED_SWAP
0,1760652836114,3228,3228,3228,3228,3228,3228,3228,3228,53.44892883300781,52.639617919921875,51.87474060058594,53.74466323852539,52.185813903808594,51.77013397216797,53.640567779541016,49.94215774536133,51.770233154296875,51.510704040527344,100,100,NaN,0,NaN,0,0,0,3.2562687397003174,17179869184,2147483648,8053112832,897122304
209,1760652836114,3228,3228,3228,3228,3228,3228,3228,3228,53.44892883300781,52.639617919921875,51.87474060058594,53.74466323852539,52.185813903808594,51.77013397216797,53.640567779541016,49.94215774536133,51.770233154296875,51.510704040527344,NaN,NaN,0,100,0,0,0,0,3.2562687397003174,17179869184,2147483648,8052817920,897122304
203,1760652836324,3228,3228,3228,3228,3228,3228,3228,3228,53.44892883300781,52.639617919921875,51.87474060058594,53.74466323852539,52.185813903808594,51.77013397216797,53.640567779541016,49.94215774536133,51.770233154296875,51.510704040527344,47.619049072265625,54.54545593261719,65,28.571430206298828,9.523809432983398,4.761904716491699,0,0,3.2562687397003174,17179869184,2147483648,8115372032,897122304
10,1760652836528,3228,3228,3228,3228,3228,3228,3228,3228,53.44892883300781,52.639617919921875,51.87474060058594,53.74466323852539,52.185813903808594,51.77013397216797,53.640567779541016,49.94215774536133,51.770233154296875,51.510704040527344,57.142860412597656,55,14.285715103149414,19.047618865966797,0,0,0,0,3.2562687397003174,17179869184,2147483648,8022048768,897122304
