Delta,Time,CPU_FREQUENCY_0,CPU_FREQUENCY_1,CPU_FREQUENCY_2,CPU_FREQUENCY_3,CPU_FREQUENCY_4,CPU_FREQUENCY_5,CPU_FREQUENCY_6,CPU_FREQUENCY_7,CPU_TEMP_0,CPU_TEMP_1,CPU_TEMP_2,CPU_TEMP_3,CPU_TEMP_4,CPU_TEMP_5,CPU_TEMP_6,CPU_TEMP_7,CPU_TEMP_8,CPU_TEMP_9,CPU_USAGE_0,CPU_USAGE_1,CPU_USAGE_2,CPU_USAGE_3,CPU_USAGE_4,CPU_USAGE_5,CPU_USAGE_6,CPU_USAGE_7,SYSTEM_POWER (Watts),TOTAL_MEMORY,TOTAL_SWAP,USED_MEMORY,USED_SWAP
0,1760621599159,3228,3228,3228,3228,3228,3228,3228,3228,56.0404052734375,55.06587219238281,54.285972595214844,56.05598449707031,55.26702117919922,54.380741119384766,55.82673263549805,52.95489501953125,53.513587951660156,53.79145050048828,50,0,100,0,NaN,0,0,0,4.021528720855713,17179869184,2147483648,7329759232,955842560
209,1760621599160,3228,3228,3228,3228,3228,3228,3228,3228,56.0404052734375,55.06587219238281,54.285972595214844,56.05598449707031,55.26702117919922,54.380741119384766,55.82673263549805,52.95489501953125,53.513587951660156,53.79145050048828,0,0,NaN,100,50,0,NaN,0,4.021528720855713,17179869184,2147483648,7329759232,955842560
209,1760621599370,3228,3228,3228,3228,3228,3228,3228,3228,56.606361389160156,55.23820114135742,54.54853820800781,56.79769515991211,55.596519470214844,54.96556091308594,56.167232513427734,53.18925476074219,53.6659049987793,54.04920196533203,36.3636360168457,33.333335876464844,57.142860412597656,80.95238494873047,40,27.272727966308594,9.523809432983398,0,4.021528720855713,17179869184,2147483648,7329759232,955842560
10,1760621599580,3228,3228,3228,3228,3228,3228,3228,3228,56.606361389160156,55.23820114135742,54.54853820800781,56.79769515991211,55.596519470214844,54.96556091308594,56.167232513427734,53.18925476074219,53.6659049987793,54.04920196533203,20,14.285715103149414,61.904762268066406,33.333335876464844,9.090909004211426,0,0,0,4.021528720855713,17179869184,2147483648,7329759232,955842560
