Delta,Time,CPU_FREQUENCY_0,CPU_FREQUENCY_1,CPU_FREQUENCY_2,CPU_FREQUENCY_3,CPU_FREQUENCY_4,CPU_FREQUENCY_5,CPU_FREQUENCY_6,CPU_FREQUENCY_7,CPU_TEMP_0,CPU_TEMP_1,CPU_TEMP_2,CPU_TEMP_3,CPU_TEMP_4,CPU_TEMP_5,CPU_TEMP_6,CPU_TEMP_7,CPU_TEMP_8,CPU_TEMP_9,CPU_USAGE_0,CPU_USAGE_1,CPU_USAGE_2,CPU_USAGE_3,CPU_USAGE_4,CPU_USAGE_5,CPU_USAGE_6,CPU_USAGE_7,SYSTEM_POWER (Watts),TOTAL_MEMORY,TOTAL_SWAP,USED_MEMORY,USED_SWAP
0,1760646889412,3228,3228,3228,3228,3228,3228,3228,3228,57.59115982055664,56.11491394042969,55.566925048828125,58.679603576660156,56.886131286621094,57.04097366333008,58.00587463378906,55.10408401489258,55.248329162597656,55.018653869628906,100,100,0,0,0,0,0,0,4.171772480010986,17179869184,2147483648,7113244672,905510912
209,1760646889412,3228,3228,3228,3228,3228,3228,3228,3228,57.59115982055664,56.11491394042969,55.566925048828125,58.679603576660156,56.886131286621094,57.04097366333008,58.00587463378906,55.10408401489258,55.248329162597656,55.018653869628906,100,100,0,NaN,0,0,0,0,4.171772480010986,17179869184,2147483648,7116685312,905510912
209,1760646889622,3228,3228,3228,3228,3228,3228,3228,3228,57.59115982055664,56.11491394042969,55.566925048828125,58.679603576660156,56.886131286621094,57.04097366333008,58.00587463378906,55.10408401489258,55.248329162597656,55.018653869628906,100,100,80.95238494873047,14.285715103149414,14.285715103149414,28.571430206298828,10,9.090909004211426,4.842896461486816,17179869184,2147483648,7165214720,905510912
9,1760646889832,3228,3228,3228,3228,3228,3228,3228,3228,57.59115982055664,56.11491394042969,55.566925048828125,58.679603576660156,56.886131286621094,57.04097366333008,58.00587463378906,55.10408401489258,55.248329162597656,55.018653869628906,95.23809814453125,86.36363983154297,71.42857360839844,36.3636360168457,9.523809432983398,9.523809432983398,4.761904716491699,4.761904716491699,4.842896461486816,17179869184,2147483648,7115358208,905510912
