Delta,Time,CPU_FREQUENCY_0,CPU_FREQUENCY_1,CPU_FREQUENCY_2,CPU_FREQUENCY_3,CPU_FREQUENCY_4,CPU_FREQUENCY_5,CPU_FREQUENCY_6,CPU_FREQUENCY_7,CPU_TEMP_0,CPU_TEMP_1,CPU_TEMP_2,CPU_TEMP_3,CPU_TEMP_4,CPU_TEMP_5,CPU_TEMP_6,CPU_TEMP_7,CPU_TEMP_8,CPU_TEMP_9,CPU_USAGE_0,CPU_USAGE_1,CPU_USAGE_2,CPU_USAGE_3,CPU_USAGE_4,CPU_USAGE_5,CPU_USAGE_6,CPU_USAGE_7,SYSTEM_POWER (Watts),TOTAL_MEMORY,TOTAL_SWAP,USED_MEMORY,USED_SWAP
0,1760629801830,3228,3228,3228,3228,3228,3228,3228,3228,53.340110778808594,52.24007797241211,52.078216552734375,53.3138542175293,52.70448303222656,51.834686279296875,53.52680969238281,50.39889144897461,50.822139739990234,51.405494689941406,0,0,0,100,0,0,0,0,3.3597304821014404,17179869184,2147483648,7209697280,939065344
209,1760629801830,3228,3228,3228,3228,3228,3228,3228,3228,53.340110778808594,52.24007797241211,52.078216552734375,53.3138542175293,52.70448303222656,51.834686279296875,53.52680969238281,50.39889144897461,50.822139739990234,51.405494689941406,0,0,0,50,100,0,0,0,3.3597304821014404,17179869184,2147483648,7207698432,939065344
209,1760629802040,3228,3228,3228,3228,3228,3228,3228,3228,53.758148193359375,52.26721954345703,52.37249755859375,54.45492172241211,53.249908447265625,53.13023376464844,53.674888610839844,50.90589904785156,51.013816833496094,51.60669708251953,52.38095474243164,40.90909194946289,66.66667175292969,15.000000953674316,38.095237731933594,4.761904716491699,0,0,3.3597304821014404,17179869184,2147483648,7232897024,939065344
9,1760629802250,3228,3228,3228,3228,3228,3228,3228,3228,53.758148193359375,52.26721954345703,52.37249755859375,54.45492172241211,53.249908447265625,53.13023376464844,53.674888610839844,50.90589904785156,51.013816833496094,51.60669708251953,85.71428680419922,47.619049072265625,4.761904716491699,4.545454502105713,0,0,0,0,3.3597304821014404,17179869184,2147483648,7212187648,939065344
