Delta,Time,CPU_FREQUENCY_0,CPU_FREQUENCY_1,CPU_FREQUENCY_2,CPU_FREQUENCY_3,CPU_FREQUENCY_4,CPU_FREQUENCY_5,CPU_FREQUENCY_6,CPU_FREQUENCY_7,CPU_TEMP_0,CPU_TEMP_1,CPU_TEMP_2,CPU_TEMP_3,CPU_TEMP_4,CPU_TEMP_5,CPU_TEMP_6,CPU_TEMP_7,CPU_TEMP_8,CPU_TEMP_9,CPU_USAGE_0,CPU_USAGE_1,CPU_USAGE_2,CPU_USAGE_3,CPU_USAGE_4,CPU_USAGE_5,CPU_USAGE_6,CPU_USAGE_7,SYSTEM_POWER (Watts),TOTAL_MEMORY,TOTAL_SWAP,USED_MEMORY,USED_SWAP
0,1760626496400,3228,3228,3228,3228,3228,3228,3228,3228,58.33930587768555,57.316280364990234,56.94664764404297,59.0095329284668,58.843658447265625,59.00249099731445,57.80849838256836,54.9254150390625,55.722537994384766,56.224769592285156,NaN,NaN,100,NaN,NaN,0,0,0,7.290860176086426,17179869184,2147483648,7731200000,947453952
209,1760626496400,3228,3228,3228,3228,3228,3228,3228,3228,58.33930587768555,57.316280364990234,56.94664764404297,59.0095329284668,58.843658447265625,59.00249099731445,57.80849838256836,54.9254150390625,55.722537994384766,56.224769592285156,100,100,100,50,0,100,100,0,7.290860176086426,17179869184,2147483648,7731888128,947453952
209,1760626496610,3228,3228,3228,3228,3228,3228,3228,3228,58.33930587768555,57.316280364990234,56.94664764404297,59.0095329284668,58.843658447265625,59.00249099731445,57.80849838256836,54.9254150390625,55.722537994384766,56.224769592285156,100,100,78.26087188720703,65,42.85714340209961,23.809524536132813,19.047618865966797,9.523809432983398,6.33964204788208,17179869184,2147483648,7788658688,947453952
9,1760626496820,3228,3228,3228,3228,3228,3228,3228,3228,58.33930587768555,57.316280364990234,56.94664764404297,59.0095329284668,58.843658447265625,59.00249099731445,57.80849838256836,54.9254150390625,55.722537994384766,56.224769592285156,100,100,15.789472579956055,57.142860412597656,14.285715103149414,4.545454502105713,4.761904716491699,0,6.33964204788208,17179869184,2147483648,7732903936,947453952
