Delta,Time,CPU_FREQUENCY_0,CPU_FREQUENCY_1,CPU_FREQUENCY_2,CPU_FREQUENCY_3,CPU_FREQUENCY_4,CPU_FREQUENCY_5,CPU_FREQUENCY_6,CPU_FREQUENCY_7,CPU_TEMP_0,CPU_TEMP_1,CPU_TEMP_2,CPU_TEMP_3,CPU_TEMP_4,CPU_TEMP_5,CPU_TEMP_6,CPU_TEMP_7,CPU_TEMP_8,CPU_TEMP_9,CPU_USAGE_0,CPU_USAGE_1,CPU_USAGE_2,CPU_USAGE_3,CPU_USAGE_4,CPU_USAGE_5,CPU_USAGE_6,CPU_USAGE_7,SYSTEM_POWER (Watts),TOTAL_MEMORY,TOTAL_SWAP,USED_MEMORY,USED_SWAP
0,1760614891717,3228,3228,3228,3228,3228,3228,3228,3228,52.35087585449219,51.772682189941406,51.09809112548828,52.2468147277832,51.6212158203125,51.002159118652344,52.64445114135742,49.33009338378906,50.367435455322266,50.515419006347656,100,100,0,0,0,0,0,0,3.101224184036255,17179869184,2147483648,6792216576,989396992
205,1760614891718,3228,3228,3228,3228,3228,3228,3228,3228,52.35087585449219,51.772682189941406,51.09809112548828,52.2468147277832,51.6212158203125,51.002159118652344,52.64445114135742,49.33009338378906,50.367435455322266,50.515419006347656,100,100,50,100,0,0,0,0,3.101224184036255,17179869184,2147483648,6792216576,989396992
209,1760614891923,3228,3228,3228,3228,3228,3228,3228,3228,52.35087585449219,51.772682189941406,51.09809112548828,52.2468147277832,51.6212158203125,51.002159118652344,52.64445114135742,49.33009338378906,50.367435455322266,50.515419006347656,81.81818389892578,42.85714340209961,60.000003814697266,40,0,0,0,0,3.101224184036255,17179869184,2147483648,6792216576,989396992
7,1760614892133,3228,3228,3228,3228,3228,3228,3228,3228,53.25054931640625,51.97373962402344,51.970314025878906,54.25502014160156,53.583404541015625,52.013607025146484,53.10860824584961,50.08464050292969,50.70342254638672,50.98762512207031,20,40,80.95238494873047,28.571430206298828,5,4.761904716491699,4.761904716491699,4.761904716491699,3.101224184036255,17179869184,2147483648,6792216576,989396992
