Delta,Time,CPU_FREQUENCY_0,CPU_FREQUENCY_1,CPU_FREQUENCY_2,CPU_FREQUENCY_3,CPU_FREQUENCY_4,CPU_FREQUENCY_5,CPU_FREQUENCY_6,CPU_FREQUENCY_7,CPU_TEMP_0,CPU_TEMP_1,CPU_TEMP_2,CPU_TEMP_3,CPU_TEMP_4,CPU_TEMP_5,CPU_TEMP_6,CPU_TEMP_7,CPU_TEMP_8,CPU_TEMP_9,CPU_USAGE_0,CPU_USAGE_1,CPU_USAGE_2,CPU_USAGE_3,CPU_USAGE_4,CPU_USAGE_5,CPU_USAGE_6,CPU_USAGE_7,SYSTEM_POWER (Watts),TOTAL_MEMORY,TOTAL_SWAP,USED_MEMORY,USED_SWAP
0,1760623105882,3228,3228,3228,3228,3228,3228,3228,3228,55.26100158691406,54.69301223754883,52.96478271484375,55.00971984863281,54.78034210205078,53.87160873413086,54.918418884277344,52.21705627441406,53.115047454833984,53.11084747314453,NaN,0,0,0,0,0,0,0,2.860222339630127,17179869184,2147483648,7820836864,955842560
209,1760623105883,3228,3228,3228,3228,3228,3228,3228,3228,55.26100158691406,54.69301223754883,52.96478271484375,55.00971984863281,54.78034210205078,53.87160873413086,54.918418884277344,52.21705627441406,53.115047454833984,53.11084747314453,100,NaN,0,NaN,0,0,0,0,2.860222339630127,17179869184,2147483648,7817904128,955842560
205,1760623106093,3228,3228,3228,3228,3228,3228,3228,3228,55.26100158691406,54.69301223754883,52.96478271484375,55.00971984863281,54.78034210205078,53.87160873413086,54.918418884277344,52.21705627441406,53.115047454833984,53.11084747314453,100,40.90909194946289,95.23809814453125,4.545454502105713,0,4.761904716491699,0,0,2.860222339630127,17179869184,2147483648,7885586432,955842560
9,1760623106299,3228,3228,3228,3228,3228,3228,3228,3228,55.71126174926758,54.96646499633789,53.97252655029297,57.47575378417969,54.411590576171875,54.16136932373047,55.21189880371094,52.92342758178711,52.75151443481445,53.39325714111328,38.095237731933594,42.105262756347656,85,30.000001907348633,9.523809432983398,5,0,0,2.860222339630127,17179869184,2147483648,7780548608,955842560
