Delta,Time,CPU_FREQUENCY_0,CPU_FREQUENCY_1,CPU_FREQUENCY_2,CPU_FREQUENCY_3,CPU_FREQUENCY_4,CPU_FREQUENCY_5,CPU_FREQUENCY_6,CPU_FREQUENCY_7,CPU_TEMP_0,CPU_TEMP_1,CPU_TEMP_2,CPU_TEMP_3,CPU_TEMP_4,CPU_TEMP_5,CPU_TEMP_6,CPU_TEMP_7,CPU_TEMP_8,CPU_TEMP_9,CPU_USAGE_0,CPU_USAGE_1,CPU_USAGE_2,CPU_USAGE_3,CPU_USAGE_4,CPU_USAGE_5,CPU_USAGE_6,CPU_USAGE_7,SYSTEM_POWER (Watts),TOTAL_MEMORY,TOTAL_SWAP,USED_MEMORY,USED_SWAP
0,1760629450972,3228,3228,3228,3228,3228,3228,3228,3228,55.266666412353516,54.48709487915039,53.897552490234375,55.422088623046875,55.029205322265625,53.900360107421875,55.362876892089844,52.29097366333008,53.06779861450195,53.45105743408203,50,100,NaN,0,0,0,0,0,3.953019618988037,17179869184,2147483648,7076134912,939065344
205,1760629450973,3228,3228,3228,3228,3228,3228,3228,3228,55.266666412353516,54.48709487915039,53.897552490234375,55.422088623046875,55.029205322265625,53.900360107421875,55.362876892089844,52.29097366333008,53.06779861450195,53.45105743408203,NaN,0,0,100,50,0,0,0,3.953019618988037,17179869184,2147483648,7075676160,939065344
200,1760629451178,3228,3228,3228,3228,3228,3228,3228,3228,55.92353439331055,54.7526969909668,54.484832763671875,56.18408203125,55.77040100097656,54.464073181152344,55.70717239379883,52.7529411315918,53.17374801635742,53.938446044921875,45,45,65,80,20,14.285715103149414,9.523809432983398,0,3.953019618988037,17179869184,2147483648,7131545600,939065344
8,1760629451379,3228,3228,3228,3228,3228,3228,3228,3228,55.92353439331055,54.7526969909668,54.484832763671875,56.18408203125,55.77040100097656,54.464073181152344,55.70717239379883,52.7529411315918,53.17374801635742,53.938446044921875,40,35,66.66667175292969,71.42857360839844,21.052631378173828,10.526315689086914,0,9.523809432983398,3.953019618988037,17179869184,2147483648,7030145024,939065344
