Delta,Time,CPU_FREQUENCY_0,CPU_FREQUENCY_1,CPU_FREQUENCY_2,CPU_FREQUENCY_3,CPU_FREQUENCY_4,CPU_FREQUENCY_5,CPU_FREQUENCY_6,CPU_FREQUENCY_7,CPU_TEMP_0,CPU_TEMP_1,CPU_TEMP_2,CPU_TEMP_3,CPU_TEMP_4,CPU_TEMP_5,CPU_TEMP_6,CPU_TEMP_7,CPU_TEMP_8,CPU_TEMP_9,CPU_USAGE_0,CPU_USAGE_1,CPU_USAGE_2,CPU_USAGE_3,CPU_USAGE_4,CPU_USAGE_5,CPU_USAGE_6,CPU_USAGE_7,SYSTEM_POWER (Watts),TOTAL_MEMORY,TOTAL_SWAP,USED_MEMORY,USED_SWAP
0,1760614029884,3228,3228,3228,3228,3228,3228,3228,3228,54.21772384643555,53.610137939453125,52.56067657470703,54.5646858215332,55.007057189941406,52.87455368041992,54.51123046875,51.73486328125,51.89338302612305,52.157135009765625,0,100,100,50,0,0,0,0,3.742499589920044,17179869184,2147483648,6349864960,989396992
208,1760614029885,3228,3228,3228,3228,3228,3228,3228,3228,54.21772384643555,53.610137939453125,52.56067657470703,54.5646858215332,55.007057189941406,52.87455368041992,54.51123046875,51.73486328125,51.89338302612305,52.157135009765625,100,0,0,NaN,100,0,0,0,3.742499589920044,17179869184,2147483648,6349864960,989396992
201,1760614030093,3228,3228,3228,3228,3228,3228,3228,3228,54.21772384643555,53.610137939453125,52.56067657470703,54.5646858215332,55.007057189941406,52.87455368041992,54.51123046875,51.73486328125,51.89338302612305,52.157135009765625,35,75,25,61.904762268066406,0,9.523809432983398,0,0,3.742499589920044,17179869184,2147483648,6349864960,989396992
7,1760614030295,3228,3228,3228,3228,3228,3228,3228,3228,55.03759765625,53.71564483642578,53.11919403076172,55.297157287597656,56.35755920410156,53.61882400512695,54.87752914428711,51.88035583496094,51.91465759277344,52.550506591796875,70,70,40,5,0,10,0,0,3.742499589920044,17179869184,2147483648,6349864960,989396992
