Delta,Time,CPU_FREQUENCY_0,CPU_FREQUENCY_1,CPU_FREQUENCY_2,CPU_FREQUENCY_3,CPU_FREQUENCY_4,CPU_FREQUENCY_5,CPU_FREQUENCY_6,CPU_FREQUENCY_7,CPU_TEMP_0,CPU_TEMP_1,CPU_TEMP_2,CPU_TEMP_3,CPU_TEMP_4,CPU_TEMP_5,CPU_TEMP_6,CPU_TEMP_7,CPU_TEMP_8,CPU_TEMP_9,CPU_USAGE_0,CPU_USAGE_1,CPU_USAGE_2,CPU_USAGE_3,CPU_USAGE_4,CPU_USAGE_5,CPU_USAGE_6,CPU_USAGE_7,SYSTEM_POWER (Watts),TOTAL_MEMORY,TOTAL_SWAP,USED_MEMORY,USED_SWAP
0,1760640725992,3228,3228,3228,3228,3228,3228,3228,3228,60.34238052368164,59.48447799682617,58.57581329345703,60.488033294677734,60.15382385253906,58.51001739501953,60.521507263183594,57.26973342895508,57.86601638793945,58.7286376953125,0,0,0,0,100,0,0,0,3.427170991897583,17179869184,2147483648,8462942208,905510912
203,1760640725992,3228,3228,3228,3228,3228,3228,3228,3228,60.34238052368164,59.48447799682617,58.57581329345703,60.488033294677734,60.15382385253906,58.51001739501953,60.521507263183594,57.26973342895508,57.86601638793945,58.7286376953125,0,0,100,100,100,0,0,0,3.427170991897583,17179869184,2147483648,8464531456,905510912
209,1760640726196,3228,3228,3228,3228,3228,3228,3228,3228,60.93204879760742,59.59933853149414,59.07081604003906,61.890377044677734,60.75891876220703,59.746280670166016,61.246734619140625,58.059844970703125,58.290157318115234,59.072486877441406,61.904762268066406,55,75,20,10,0,0,0,3.427170991897583,17179869184,2147483648,8545370112,905510912
9,1760640726406,3228,3228,3228,3228,3228,3228,3228,3228,60.93204879760742,59.59933853149414,59.07081604003906,61.890377044677734,60.75891876220703,59.746280670166016,61.246734619140625,58.059844970703125,58.290157318115234,59.072486877441406,71.42857360839844,61.904762268066406,4.545454502105713,52.38095474243164,4.545454502105713,0,0,0,3.427170991897583,17179869184,2147483648,8469069824,905510912
