Delta,Time,CPU_FREQUENCY_0,CPU_FREQUENCY_1,CPU_FREQUENCY_2,CPU_FREQUENCY_3,CPU_FREQUENCY_4,CPU_FREQUENCY_5,CPU_FREQUENCY_6,CPU_FREQUENCY_7,CPU_TEMP_0,CPU_TEMP_1,CPU_TEMP_2,CPU_TEMP_3,CPU_TEMP_4,CPU_TEMP_5,CPU_TEMP_6,CPU_TEMP_7,CPU_TEMP_8,CPU_TEMP_9,CPU_USAGE_0,CPU_USAGE_1,CPU_USAGE_2,CPU_USAGE_3,CPU_USAGE_4,CPU_USAGE_5,CPU_USAGE_6,CPU_USAGE_7,SYSTEM_POWER (Watts),TOTAL_MEMORY,TOTAL_SWAP,USED_MEMORY,USED_SWAP
0,1760615749666,3228,3228,3228,3228,3228,3228,3228,3228,52.903438568115234,52.773563385009766,51.946624755859375,52.74715042114258,52.84123992919922,52.10650634765625,53.44569778442383,50.22514343261719,51.136329650878906,51.655914306640625,100,100,0,0,0,0,0,0,3.15883207321167,17179869184,2147483648,7043186688,989396992
209,1760615749666,3228,3228,3228,3228,3228,3228,3228,3228,52.903438568115234,52.773563385009766,51.946624755859375,52.74715042114258,52.84123992919922,52.10650634765625,53.44569778442383,50.22514343261719,51.136329650878906,51.655914306640625,100,100,NaN,50,0,0,0,0,3.15883207321167,17179869184,2147483648,7042842624,989396992
209,1760615749876,3228,3228,3228,3228,3228,3228,3228,3228,52.903438568115234,52.773563385009766,51.946624755859375,52.74715042114258,52.84123992919922,52.10650634765625,53.44569778442383,50.22514343261719,51.136329650878906,51.655914306640625,76.19047546386719,75,47.826087951660156,40,9.090909004211426,4.761904716491699,0,0,3.15883207321167,17179869184,2147483648,7138344960,989396992
7,1760615750086,3228,3228,3228,3228,3228,3228,3228,3228,52.903438568115234,52.773563385009766,51.946624755859375,52.74715042114258,52.84123992919922,52.10650634765625,53.44569778442383,50.22514343261719,51.136329650878906,51.655914306640625,52.38095474243164,52.38095474243164,0,28.571430206298828,0,0,0,0,3.15883207321167,17179869184,2147483648,7138344960,989396992
