Delta,Time,CPU_FREQUENCY_0,CPU_FREQUENCY_1,CPU_FREQUENCY_2,CPU_FREQUENCY_3,CPU_FREQUENCY_4,CPU_FREQUENCY_5,CPU_FREQUENCY_6,CPU_FREQUENCY_7,CPU_TEMP_0,CPU_TEMP_1,CPU_TEMP_2,CPU_TEMP_3,CPU_TEMP_4,CPU_TEMP_5,CPU_TEMP_6,CPU_TEMP_7,CPU_TEMP_8,CPU_TEMP_9,CPU_USAGE_0,CPU_USAGE_1,CPU_USAGE_2,CPU_USAGE_3,CPU_USAGE_4,CPU_USAGE_5,CPU_USAGE_6,CPU_USAGE_7,SYSTEM_POWER (Watts),TOTAL_MEMORY,TOTAL_SWAP,USED_MEMORY,USED_SWAP
0,1760615845990,3228,3228,3228,3228,3228,3228,3228,3228,53.500728607177734,52.73460388183594,52.4755859375,52.999874114990234,52.790138244628906,52.23896026611328,53.4246826171875,50.261226654052734,51.25327682495117,51.43067932128906,100,50,50,0,0,0,0,0,3.1684818267822266,17179869184,2147483648,7095451648,989396992
207,1760615845991,3228,3228,3228,3228,3228,3228,3228,3228,53.500728607177734,52.73460388183594,52.4755859375,52.999874114990234,52.790138244628906,52.23896026611328,53.4246826171875,50.261226654052734,51.25327682495117,51.43067932128906,0,0,NaN,50,100,0,0,0,3.1684818267822266,17179869184,2147483648,7097008128,989396992
201,1760615846198,3228,3228,3228,3228,3228,3228,3228,3228,53.870521545410156,52.812171936035156,52.84508514404297,54.6927375793457,53.106170654296875,52.35409164428711,53.81671142578125,50.72420120239258,51.3227653503418,51.923736572265625,55,50,90.90909576416016,0,0,4.761904716491699,0,0,3.1684818267822266,17179869184,2147483648,7191609344,989396992
209,1760615846400,3228,3228,3228,3228,3228,3228,3228,3228,53.870521545410156,52.812171936035156,52.84508514404297,54.6927375793457,53.106170654296875,52.35409164428711,53.81671142578125,50.72420120239258,51.3227653503418,51.923736572265625,50,65,26.3157901763916,70,0,5,0,0,3.1684818267822266,17179869184,2147483648,7194329088,989396992
9,1760615846611,3228,3228,3228,3228,3228,3228,3228,3228,53.870521545410156,52.812171936035156,52.84508514404297,54.6927375793457,53.106170654296875,52.35409164428711,53.81671142578125,50.72420120239258,51.3227653503418,51.923736572265625,66.66667175292969,60.000003814697266,40.90909194946289,10,0,0,0,0,3.493393659591675,17179869184,2147483648,7093436416,989396992
