Delta,Time,CPU_FREQUENCY_0,CPU_FREQUENCY_1,CPU_FREQUENCY_2,CPU_FREQUENCY_3,CPU_FREQUENCY_4,CPU_FREQUENCY_5,CPU_FREQUENCY_6,CPU_FREQUENCY_7,CPU_TEMP_0,CPU_TEMP_1,CPU_TEMP_2,CPU_TEMP_3,CPU_TEMP_4,CPU_TEMP_5,CPU_TEMP_6,CPU_TEMP_7,CPU_TEMP_8,CPU_TEMP_9,CPU_USAGE_0,CPU_USAGE_1,CPU_USAGE_2,CPU_USAGE_3,CPU_USAGE_4,CPU_USAGE_5,CPU_USAGE_6,CPU_USAGE_7,SYSTEM_POWER (Watts),TOTAL_MEMORY,TOTAL_SWAP,USED_MEMORY,USED_SWAP
0,1760616015948,3228,3228,3228,3228,3228,3228,3228,3228,53.639102935791016,53.03944396972656,52.508697509765625,53.715579986572266,52.909400939941406,52.10961151123047,53.93449783325195,50.794189453125,51.34181594848633,51.6015625,NaN,100,50,0,0,0,0,0,3.013620615005493,17179869184,2147483648,7194722304,989396992
209,1760616015948,3228,3228,3228,3228,3228,3228,3228,3228,53.639102935791016,53.03944396972656,52.508697509765625,53.715579986572266,52.909400939941406,52.10961151123047,53.93449783325195,50.794189453125,51.34181594848633,51.6015625,0,NaN,0,NaN,0,0,0,0,3.013620615005493,17179869184,2147483648,7196311552,989396992
209,1760616016158,3228,3228,3228,3228,3228,3228,3228,3228,54.22005081176758,53.12691879272461,52.97314453125,55.028011322021484,54.379730224609375,53.217506408691406,54.15488815307617,50.9354362487793,51.367733001708984,51.889488220214844,33.333335876464844,57.142860412597656,80.95238494873047,61.904762268066406,22.72727394104004,9.523809432983398,0,4.761904716491699,3.013620615005493,17179869184,2147483648,7284621312,989396992
10,1760616016369,3228,3228,3228,3228,3228,3228,3228,3228,54.22005081176758,53.12691879272461,52.97314453125,55.028011322021484,54.379730224609375,53.217506408691406,54.15488815307617,50.9354362487793,51.367733001708984,51.889488220214844,57.142860412597656,45.45454788208008,35,0,10,0,0,0,3.013620615005493,17179869184,2147483648,7189626880,989396992
