Delta,Time,CPU_FREQUENCY_0,CPU_FREQUENCY_1,CPU_FREQUENCY_2,CPU_FREQUENCY_3,CPU_FREQUENCY_4,CPU_FREQUENCY_5,CPU_FREQUENCY_6,CPU_FREQUENCY_7,CPU_TEMP_0,CPU_TEMP_1,CPU_TEMP_2,CPU_TEMP_3,CPU_TEMP_4,CPU_TEMP_5,CPU_TEMP_6,CPU_TEMP_7,CPU_TEMP_8,CPU_TEMP_9,CPU_USAGE_0,CPU_USAGE_1,CPU_USAGE_2,CPU_USAGE_3,CPU_USAGE_4,CPU_USAGE_5,CPU_USAGE_6,CPU_USAGE_7,SYSTEM_POWER (Watts),TOTAL_MEMORY,TOTAL_SWAP,USED_MEMORY,USED_SWAP
0,1760634843100,3228,3228,3228,3228,3228,3228,3228,3228,53.774452209472656,51.935791015625,51.33982849121094,53.57316589355469,52.833641052246094,51.71598815917969,53.23041534423828,50.269500732421875,51.00096893310547,51.58177947998047,0,0,100,100,0,0,0,0,4.060453414916992,17179869184,2147483648,8994127872,922288128
209,1760634843100,3228,3228,3228,3228,3228,3228,3228,3228,53.774452209472656,51.935791015625,51.33982849121094,53.57316589355469,52.833641052246094,51.71598815917969,53.23041534423828,50.269500732421875,51.00096893310547,51.58177947998047,100,100,0,100,NaN,NaN,0,0,4.060453414916992,17179869184,2147483648,8994996224,922288128
10,1760634843311,3228,3228,3228,3228,3228,3228,3228,3228,54.437137603759766,52.23754119873047,51.99579620361328,54.497833251953125,53.647796630859375,52.453369140625,53.751529693603516,50.474365234375,51.291690826416016,51.7437744140625,42.105262756347656,42.85714340209961,71.42857360839844,33.333335876464844,9.523809432983398,13.043478012084961,4.761904716491699,0,4.060453414916992,17179869184,2147483648,8988409856,922288128
