Delta,Time,CPU_FREQUENCY_0,CPU_FREQUENCY_1,CPU_FREQUENCY_2,CPU_FREQUENCY_3,CPU_FREQUENCY_4,CPU_FREQUENCY_5,CPU_FREQUENCY_6,CPU_FREQUENCY_7,CPU_TEMP_0,CPU_TEMP_1,CPU_TEMP_2,CPU_TEMP_3,CPU_TEMP_4,CPU_TEMP_5,CPU_TEMP_6,CPU_TEMP_7,CPU_TEMP_8,CPU_TEMP_9,CPU_USAGE_0,CPU_USAGE_1,CPU_USAGE_2,CPU_USAGE_3,CPU_USAGE_4,CPU_USAGE_5,CPU_USAGE_6,CPU_USAGE_7,SYSTEM_POWER (Watts),TOTAL_MEMORY,TOTAL_SWAP,USED_MEMORY,USED_SWAP
0,1760647733882,3228,3228,3228,3228,3228,3228,3228,3228,53.038307189941406,51.98976516723633,51.11334991455078,52.409629821777344,51.9793701171875,51.13239288330078,53.0086669921875,49.993534088134766,50.6363525390625,50.346954345703125,100,100,100,100,100,100,100,100,3.432952880859375,17179869184,2147483648,7863418880,905510912
205,1760647733882,3228,3228,3228,3228,3228,3228,3228,3228,53.038307189941406,51.98976516723633,51.11334991455078,52.409629821777344,51.9793701171875,51.13239288330078,53.0086669921875,49.993534088134766,50.6363525390625,50.346954345703125,100,100,100,50,100,100,100,100,3.432952880859375,17179869184,2147483648,7862468608,905510912
209,1760647734088,3228,3228,3228,3228,3228,3228,3228,3228,54.617271423339844,52.87487030029297,52.179351806640625,54.419803619384766,54.412681579589844,53.29658508300781,54.465843200683594,51.134212493896484,51.45343017578125,51.445068359375,47.36842346191406,65,54.54545593261719,70,19.047618865966797,14.285715103149414,4.761904716491699,8.69565200805664,3.432952880859375,17179869184,2147483648,7928725504,905510912
9,1760647734298,3228,3228,3228,3228,3228,3228,3228,3228,54.617271423339844,52.87487030029297,52.179351806640625,54.419803619384766,54.412681579589844,53.29658508300781,54.465843200683594,51.134212493896484,51.45343017578125,51.445068359375,59.09090805053711,68.18181610107422,45,4.545454502105713,0,9.523809432983398,0,0,3.432952880859375,17179869184,2147483648,7859617792,905510912
