Delta,Time,CPU_FREQUENCY_0,CPU_FREQUENCY_1,CPU_FREQUENCY_2,CPU_FREQUENCY_3,CPU_FREQUENCY_4,CPU_FREQUENCY_5,CPU_FREQUENCY_6,CPU_FREQUENCY_7,CPU_TEMP_0,CPU_TEMP_1,CPU_TEMP_2,CPU_TEMP_3,CPU_TEMP_4,CPU_TEMP_5,CPU_TEMP_6,CPU_TEMP_7,CPU_TEMP_8,CPU_TEMP_9,CPU_USAGE_0,CPU_USAGE_1,CPU_USAGE_2,CPU_USAGE_3,CPU_USAGE_4,CPU_USAGE_5,CPU_USAGE_6,CPU_USAGE_7,SYSTEM_POWER (Watts),TOTAL_MEMORY,TOTAL_SWAP,USED_MEMORY,USED_SWAP
0,1760653003014,3228,3228,3228,3228,3228,3228,3228,3228,51.290164947509766,50.55345916748047,49.34991455078125,51.35756301879883,50.290626525878906,49.84922409057617,51.5216064453125,48.286720275878906,49.552001953125,48.94340515136719,50,100,NaN,0,0,0,0,0,3.020188808441162,17179869184,2147483648,8126562304,897122304
209,1760653003014,3228,3228,3228,3228,3228,3228,3228,3228,51.290164947509766,50.55345916748047,49.34991455078125,51.35756301879883,50.290626525878906,49.84922409057617,51.5216064453125,48.286720275878906,49.552001953125,48.94340515136719,0,0,50,100,100,0,0,0,3.020188808441162,17179869184,2147483648,8126562304,897122304
209,1760653003224,3228,3228,3228,3228,3228,3228,3228,3228,51.7103271484375,51.07592010498047,49.847251892089844,51.9764518737793,51.36865234375,51.05183792114258,52.4089469909668,49.067657470703125,50.05155944824219,49.28142547607422,52.38095474243164,38.095237731933594,70,76.19047546386719,40,28.571430206298828,28.571430206298828,15.000000953674316,3.020188808441162,17179869184,2147483648,8126562304,897122304
209,1760653003434,3228,3228,3228,3228,3228,3228,3228,3228,51.7103271484375,51.07592010498047,49.847251892089844,51.9764518737793,51.36865234375,51.05183792114258,52.4089469909668,49.067657470703125,50.05155944824219,49.28142547607422,40,66.66667175292969,33.333335876464844,61.904762268066406,4.545454502105713,0,4.761904716491699,0,3.020188808441162,17179869184,2147483648,8126562304,897122304
9,1760653003644,3228,3228,3228,3228,3228,3228,3228,3228,51.7103271484375,51.07592010498047,49.847251892089844,51.9764518737793,51.36865234375,51.05183792114258,52.4089469909668,49.067657470703125,50.05155944824219,49.28142547607422,54.54545593261719,80.95238494873047,19.047618865966797,57.142860412597656,0,4.761904716491699,0,0,4.0182695388793945,17179869184,2147483648,8114896896,897122304
