Delta,Time,CPU_FREQUENCY_0,CPU_FREQUENCY_1,CPU_FREQUENCY_2,CPU_FREQUENCY_3,CPU_FREQUENCY_4,CPU_FREQUENCY_5,CPU_FREQUENCY_6,CPU_FREQUENCY_7,CPU_TEMP_0,CPU_TEMP_1,CPU_TEMP_2,CPU_TEMP_3,CPU_TEMP_4,CPU_TEMP_5,CPU_TEMP_6,CPU_TEMP_7,CPU_TEMP_8,CPU_TEMP_9,CPU_USAGE_0,CPU_USAGE_1,CPU_USAGE_2,CPU_USAGE_3,CPU_USAGE_4,CPU_USAGE_5,CPU_USAGE_6,CPU_USAGE_7,SYSTEM_POWER (Watts),TOTAL_MEMORY,TOTAL_SWAP,USED_MEMORY,USED_SWAP
0,1760628729142,3228,3228,3228,3228,3228,3228,3228,3228,52.93751907348633,52.272071838378906,51.998451232910156,53.577484130859375,53.048912048339844,52.32612609863281,53.19245147705078,50.27755355834961,51.44096374511719,51.18602752685547,100,100,0,0,0,0,0,0,2.056145191192627,17179869184,2147483648,6813958144,939065344
204,1760628729142,3228,3228,3228,3228,3228,3228,3228,3228,52.93751907348633,52.272071838378906,51.998451232910156,53.577484130859375,53.048912048339844,52.32612609863281,53.19245147705078,50.27755355834961,51.44096374511719,51.18602752685547,100,100,50,0,0,0,0,0,2.056145191192627,17179869184,2147483648,6813958144,939065344
204,1760628729347,3228,3228,3228,3228,3228,3228,3228,3228,52.93751907348633,52.272071838378906,51.998451232910156,53.577484130859375,53.048912048339844,52.32612609863281,53.19245147705078,50.27755355834961,51.44096374511719,51.18602752685547,95.23809814453125,100,80,0,0,0,0,0,2.056145191192627,17179869184,2147483648,6813958144,939065344
204,1760628729552,3228,3228,3228,3228,3228,3228,3228,3228,52.93751907348633,52.272071838378906,51.998451232910156,53.577484130859375,53.048912048339844,52.32612609863281,53.19245147705078,50.27755355834961,51.44096374511719,51.18602752685547,90,72.7272720336914,0,0,100,0,0,0,2.0461583137512207,17179869184,2147483648,6813958144,939065344
10,1760628729757,3228,3228,3228,3228,3228,3228,3228,3228,52.93751907348633,52.272071838378906,51.998451232910156,53.577484130859375,53.048912048339844,52.32612609863281,53.19245147705078,50.27755355834961,51.44096374511719,51.18602752685547,65,31.57894515991211,18.18181800842285,38.095237731933594,30.000001907348633,5,0,0,2.0461583137512207,17179869184,2147483648,6811975680,939065344
