Delta,Time,CPU_FREQUENCY_0,CPU_FREQUENCY_1,CPU_FREQUENCY_2,CPU_FREQUENCY_3,CPU_FREQUENCY_4,CPU_FREQUENCY_5,CPU_FREQUENCY_6,CPU_FREQUENCY_7,CPU_TEMP_0,CPU_TEMP_1,CPU_TEMP_2,CPU_TEMP_3,CPU_TEMP_4,CPU_TEMP_5,CPU_TEMP_6,CPU_TEMP_7,CPU_TEMP_8,CPU_TEMP_9,CPU_USAGE_0,CPU_USAGE_1,CPU_USAGE_2,CPU_USAGE_3,CPU_USAGE_4,CPU_USAGE_5,CPU_USAGE_6,CPU_USAGE_7,SYSTEM_POWER (Watts),TOTAL_MEMORY,TOTAL_SWAP,USED_MEMORY,USED_SWAP
0,1760643385164,3228,3228,3228,3228,3228,3228,3228,3228,49.31064987182617,48.77452850341797,48.54151153564453,49.223670959472656,49.15922546386719,49.09810256958008,50.78289794921875,46.76816940307617,46.93711471557617,47.00995635986328,50,100,0,0,NaN,0,0,0,2.8328449726104736,17179869184,2147483648,7138394112,905510912
209,1760643385164,3228,3228,3228,3228,3228,3228,3228,3228,49.31064987182617,48.77452850341797,48.54151153564453,49.223670959472656,49.15922546386719,49.09810256958008,50.78289794921875,46.76816940307617,46.93711471557617,47.00995635986328,NaN,0,NaN,100,0,0,0,0,2.8328449726104736,17179869184,2147483648,7138394112,905510912
209,1760643385374,3228,3228,3228,3228,3228,3228,3228,3228,49.31064987182617,48.77452850341797,48.54151153564453,49.223670959472656,49.15922546386719,49.09810256958008,50.78289794921875,46.76816940307617,46.93711471557617,47.00995635986328,61.904762268066406,47.619049072265625,76.19047546386719,33.333335876464844,27.272727966308594,9.523809432983398,9.090909004211426,4.761904716491699,2.8328449726104736,17179869184,2147483648,7138394112,905510912
209,1760643385584,3228,3228,3228,3228,3228,3228,3228,3228,49.31064987182617,48.77452850341797,48.54151153564453,49.223670959472656,49.15922546386719,49.09810256958008,50.78289794921875,46.76816940307617,46.93711471557617,47.00995635986328,35,66.66667175292969,100,0,0,0,0,0,4.011929988861084,17179869184,2147483648,7138394112,905510912
9,1760643385794,3228,3228,3228,3228,3228,3228,3228,3228,49.31064987182617,48.77452850341797,48.54151153564453,49.223670959472656,49.15922546386719,49.09810256958008,50.78289794921875,46.76816940307617,46.93711471557617,47.00995635986328,71.42857360839844,65,42.85714340209961,27.272727966308594,9.090909004211426,4.761904716491699,0,0,4.011929988861084,17179869184,2147483648,7156236288,905510912
