Delta,Time,CPU_FREQUENCY_0,CPU_FREQUENCY_1,CPU_FREQUENCY_2,CPU_FREQUENCY_3,CPU_FREQUENCY_4,CPU_FREQUENCY_5,CPU_FREQUENCY_6,CPU_FREQUENCY_7,CPU_TEMP_0,CPU_TEMP_1,CPU_TEMP_2,CPU_TEMP_3,CPU_TEMP_4,CPU_TEMP_5,CPU_TEMP_6,CPU_TEMP_7,CPU_TEMP_8,CPU_TEMP_9,CPU_USAGE_0,CPU_USAGE_1,CPU_USAGE_2,CPU_USAGE_3,CPU_USAGE_4,CPU_USAGE_5,CPU_USAGE_6,CPU_USAGE_7,SYSTEM_POWER (Watts),TOTAL_MEMORY,TOTAL_SWAP,USED_MEMORY,USED_SWAP
0,1760642257805,3228,3228,3228,3228,3228,3228,3228,3228,53.204681396484375,52.57920455932617,52.05945587158203,52.708736419677734,52.60302734375,51.2237663269043,53.73420715332031,50.146453857421875,50.70560836791992,51.059967041015625,100,66.66667175292969,0,0,0,0,0,0,3.256711959838867,17179869184,2147483648,6923698176,905510912
206,1760642257805,3228,3228,3228,3228,3228,3228,3228,3228,53.204681396484375,52.57920455932617,52.05945587158203,52.708736419677734,52.60302734375,51.2237663269043,53.73420715332031,50.146453857421875,50.70560836791992,51.059967041015625,0,NaN,0,50,NaN,0,0,0,3.256711959838867,17179869184,2147483648,6924795904,905510912
9,1760642258012,3228,3228,3228,3228,3228,3228,3228,3228,53.204681396484375,52.57920455932617,52.05945587158203,52.708736419677734,52.60302734375,51.2237663269043,53.73420715332031,50.146453857421875,50.70560836791992,51.059967041015625,60.000003814697266,45,13.636363983154297,5,4.545454502105713,0,0,0,3.256711959838867,17179869184,2147483648,6924795904,905510912
