Delta,Time,CPU_FREQUENCY_0,CPU_FREQUENCY_1,CPU_FREQUENCY_2,CPU_FREQUENCY_3,CPU_FREQUENCY_4,CPU_FREQUENCY_5,CPU_FREQUENCY_6,CPU_FREQUENCY_7,CPU_TEMP_0,CPU_TEMP_1,CPU_TEMP_2,CPU_TEMP_3,CPU_TEMP_4,CPU_TEMP_5,CPU_TEMP_6,CPU_TEMP_7,CPU_TEMP_8,CPU_TEMP_9,CPU_USAGE_0,CPU_USAGE_1,CPU_USAGE_2,CPU_USAGE_3,CPU_USAGE_4,CPU_USAGE_5,CPU_USAGE_6,CPU_USAGE_7,SYSTEM_POWER (Watts),TOTAL_MEMORY,TOTAL_SWAP,USED_MEMORY,USED_SWAP
0,1760614040811,3228,3228,3228,3228,3228,3228,3228,3228,53.002017974853516,52.443138122558594,51.312110900878906,53.081233978271484,53.61579895019531,51.67165756225586,53.35654830932617,50.295936584472656,50.69196701049805,50.953468322753906,100,100,0,0,0,0,0,0,3.380528211593628,17179869184,2147483648,6387417088,989396992
209,1760614040812,3228,3228,3228,3228,3228,3228,3228,3228,53.002017974853516,52.443138122558594,51.312110900878906,53.081233978271484,53.61579895019531,51.67165756225586,53.35654830932617,50.295936584472656,50.69196701049805,50.953468322753906,100,NaN,50,0,0,0,0,0,3.380528211593628,17179869184,2147483648,6389055488,989396992
209,1760614041022,3228,3228,3228,3228,3228,3228,3228,3228,53.002017974853516,52.443138122558594,51.312110900878906,53.081233978271484,53.61579895019531,51.67165756225586,53.35654830932617,50.295936584472656,50.69196701049805,50.953468322753906,61.904762268066406,57.142860412597656,61.904762268066406,42.85714340209961,0,0,0,4.545454502105713,3.380528211593628,17179869184,2147483648,6447661056,989396992
10,1760614041232,3228,3228,3228,3228,3228,3228,3228,3228,53.87309646606445,52.59697341918945,52.041259765625,54.66000747680664,54.39569091796875,52.621612548828125,53.71537399291992,50.7379035949707,50.89386749267578,51.2467041015625,33.333335876464844,27.272727966308594,55,33.333335876464844,14.285715103149414,9.523809432983398,4.761904716491699,4.761904716491699,3.380528211593628,17179869184,2147483648,6447661056,989396992
