Delta,Time,CPU_FREQUENCY_0,CPU_FREQUENCY_1,CPU_FREQUENCY_2,CPU_FREQUENCY_3,CPU_FREQUENCY_4,CPU_FREQUENCY_5,CPU_FREQUENCY_6,CPU_FREQUENCY_7,CPU_TEMP_0,CPU_TEMP_1,CPU_TEMP_2,CPU_TEMP_3,CPU_TEMP_4,CPU_TEMP_5,CPU_TEMP_6,CPU_TEMP_7,CPU_TEMP_8,CPU_TEMP_9,CPU_USAGE_0,CPU_USAGE_1,CPU_USAGE_2,CPU_USAGE_3,CPU_USAGE_4,CPU_USAGE_5,CPU_USAGE_6,CPU_USAGE_7,SYSTEM_POWER (Watts),TOTAL_MEMORY,TOTAL_SWAP,USED_MEMORY,USED_SWAP
0,1760636241280,3228,3228,3228,3228,3228,3228,3228,3228,58.154579162597656,57.361446380615234,56.443077087402344,57.80036163330078,58.152137756347656,57.00159454345703,58.16175079345703,55.556297302246094,55.91032791137695,56.13661193847656,100,100,0,0,0,0,0,0,3.176459312438965,17179869184,2147483648,8377892864,913899520
209,1760636241280,3228,3228,3228,3228,3228,3228,3228,3228,58.154579162597656,57.361446380615234,56.443077087402344,57.80036163330078,58.152137756347656,57.00159454345703,58.16175079345703,55.556297302246094,55.91032791137695,56.13661193847656,100,100,NaN,50,33.333335876464844,0,0,0,3.176459312438965,17179869184,2147483648,8377892864,913899520
209,1760636241490,3228,3228,3228,3228,3228,3228,3228,3228,58.154579162597656,57.361446380615234,56.443077087402344,57.80036163330078,58.152137756347656,57.00159454345703,58.16175079345703,55.556297302246094,55.91032791137695,56.13661193847656,61.904762268066406,57.142860412597656,66.66667175292969,30.000001907348633,0,0,0,0,3.176459312438965,17179869184,2147483648,8377892864,913899520
209,1760636241700,3228,3228,3228,3228,3228,3228,3228,3228,58.154579162597656,57.361446380615234,56.443077087402344,57.80036163330078,58.152137756347656,57.00159454345703,58.16175079345703,55.556297302246094,55.91032791137695,56.13661193847656,54.54545593261719,55,100,9.090909004211426,0,0,0,0,3.2687082290649414,17179869184,2147483648,8377892864,913899520
9,1760636241910,3228,3228,3228,3228,3228,3228,3228,3228,58.154579162597656,57.361446380615234,56.443077087402344,57.80036163330078,58.152137756347656,57.00159454345703,58.16175079345703,55.556297302246094,55.91032791137695,56.13661193847656,80,59.09090805053711,31.81818199157715,10,4.761904716491699,0,0,0,3.2687082290649414,17179869184,2147483648,8375271424,913899520
