Delta,Time,CPU_FREQUENCY_0,CPU_FREQUENCY_1,CPU_FREQUENCY_2,CPU_FREQUENCY_3,CPU_FREQUENCY_4,CPU_FREQUENCY_5,CPU_FREQUENCY_6,CPU_FREQUENCY_7,CPU_TEMP_0,CPU_TEMP_1,CPU_TEMP_2,CPU_TEMP_3,CPU_TEMP_4,CPU_TEMP_5,CPU_TEMP_6,CPU_TEMP_7,CPU_TEMP_8,CPU_TEMP_9,CPU_USAGE_0,CPU_USAGE_1,CPU_USAGE_2,CPU_USAGE_3,CPU_USAGE_4,CPU_USAGE_5,CPU_USAGE_6,CPU_USAGE_7,SYSTEM_POWER (Watts),TOTAL_MEMORY,TOTAL_SWAP,USED_MEMORY,USED_SWAP
0,1760616452559,3228,3228,3228,3228,3228,3228,3228,3228,53.054874420166016,52.95347595214844,52.12164306640625,53.528587341308594,52.54766845703125,52.17884063720703,53.47954177856445,50.753089904785156,51.28691101074219,51.33533477783203,0,0,100,0,0,0,0,0,3.757951021194458,17179869184,2147483648,6807683072,981008384
209,1760616452560,3228,3228,3228,3228,3228,3228,3228,3228,53.054874420166016,52.95347595214844,52.12164306640625,53.528587341308594,52.54766845703125,52.17884063720703,53.47954177856445,50.753089904785156,51.28691101074219,51.33533477783203,0,0,NaN,100,50,100,0,0,3.757951021194458,17179869184,2147483648,6806323200,981008384
209,1760616452770,3228,3228,3228,3228,3228,3228,3228,3228,53.054874420166016,52.95347595214844,52.12164306640625,53.528587341308594,52.54766845703125,52.17884063720703,53.47954177856445,50.753089904785156,51.28691101074219,51.33533477783203,30.000001907348633,28.571430206298828,82.60869598388672,33.333335876464844,57.142860412597656,9.523809432983398,4.761904716491699,0,3.757951021194458,17179869184,2147483648,6806323200,981008384
209,1760616452980,3228,3228,3228,3228,3228,3228,3228,3228,54.970985412597656,53.514976501464844,53.95185852050781,57.00506591796875,56.329978942871094,55.41111373901367,54.636173248291016,51.82900619506836,51.92633819580078,52.39496612548828,45.45454788208008,50,65,95,23.809524536132813,14.285715103149414,4.761904716491699,4.761904716491699,3.757951021194458,17179869184,2147483648,6806323200,981008384
8,1760616453190,3228,3228,3228,3228,3228,3228,3228,3228,54.970985412597656,53.514976501464844,53.95185852050781,57.00506591796875,56.329978942871094,55.41111373901367,54.636173248291016,51.82900619506836,51.92633819580078,52.39496612548828,30.000001907348633,20,50,50,23.809524536132813,13.636363983154297,4.761904716491699,4.761904716491699,3.757951021194458,17179869184,2147483648,6815858688,981008384
