Delta,Time,CPU_FREQUENCY_0,CPU_FREQUENCY_1,CPU_FREQUENCY_2,CPU_FREQUENCY_3,CPU_FREQUENCY_4,CPU_FREQUENCY_5,CPU_FREQUENCY_6,CPU_FREQUENCY_7,CPU_TEMP_0,CPU_TEMP_1,CPU_TEMP_2,CPU_TEMP_3,CPU_TEMP_4,CPU_TEMP_5,CPU_TEMP_6,CPU_TEMP_7,CPU_TEMP_8,CPU_TEMP_9,CPU_USAGE_0,CPU_USAGE_1,CPU_USAGE_2,CPU_USAGE_3,CPU_USAGE_4,CPU_USAGE_5,CPU_USAGE_6,CPU_USAGE_7,SYSTEM_POWER (Watts),TOTAL_MEMORY,TOTAL_SWAP,USED_MEMORY,USED_SWAP
0,1760626357987,3228,3228,3228,3228,3228,3228,3228,3228,56.37682342529297,56.6086311340332,55.357276916503906,57.24880599975586,56.784576416015625,55.756832122802734,57.25861740112305,54.00801086425781,54.70564651489258,55.301300048828125,0,0,100,0,0,0,0,0,4.176620006561279,17179869184,2147483648,7625064448,947453952
209,1760626357987,3228,3228,3228,3228,3228,3228,3228,3228,56.37682342529297,56.6086311340332,55.357276916503906,57.24880599975586,56.784576416015625,55.756832122802734,57.25861740112305,54.00801086425781,54.70564651489258,55.301300048828125,0,0,100,0,100,0,0,0,4.176620006561279,17179869184,2147483648,7625064448,947453952
209,1760626358197,3228,3228,3228,3228,3228,3228,3228,3228,58.34791946411133,57.81379318237305,57.18663787841797,60.29045867919922,60.35161590576172,59.390892028808594,59.62532424926758,56.034934997558594,55.70780944824219,56.67884826660156,30.000001907348633,28.571430206298828,65,90.47618865966797,5,9.523809432983398,0,0,4.176620006561279,17179869184,2147483648,7625064448,947453952
10,1760626358408,3228,3228,3228,3228,3228,3228,3228,3228,58.34791946411133,57.81379318237305,57.18663787841797,60.29045867919922,60.35161590576172,59.390892028808594,59.62532424926758,56.034934997558594,55.70780944824219,56.67884826660156,47.619049072265625,50,61.904762268066406,36.3636360168457,19.047618865966797,19.047618865966797,9.523809432983398,0,4.176620006561279,17179869184,2147483648,7625064448,947453952
