Delta,Time,CPU_FREQUENCY_0,CPU_FREQUENCY_1,CPU_FREQUENCY_2,CPU_FREQUENCY_3,CPU_FREQUENCY_4,CPU_FREQUENCY_5,CPU_FREQUENCY_6,CPU_FREQUENCY_7,CPU_TEMP_0,CPU_TEMP_1,CPU_TEMP_2,CPU_TEMP_3,CPU_TEMP_4,CPU_TEMP_5,CPU_TEMP_6,CPU_TEMP_7,CPU_TEMP_8,CPU_TEMP_9,CPU_USAGE_0,CPU_USAGE_1,CPU_USAGE_2,CPU_USAGE_3,CPU_USAGE_4,CPU_USAGE_5,CPU_USAGE_6,CPU_USAGE_7,SYSTEM_POWER (Watts),TOTAL_MEMORY,TOTAL_SWAP,USED_MEMORY,USED_SWAP
0,1760634418166,3228,3228,3228,3228,3228,3228,3228,3228,55.57787322998047,54.34054183959961,53.73003387451172,55.80943298339844,55.44676208496094,54.52218246459961,55.50181198120117,52.20201110839844,53.40637969970703,53.70539855957031,0,0,100,100,0,NaN,0,0,2.975717782974243,17179869184,2147483648,8726151168,922288128
209,1760634418166,3228,3228,3228,3228,3228,3228,3228,3228,55.57787322998047,54.34054183959961,53.73003387451172,55.80943298339844,55.44676208496094,54.52218246459961,55.50181198120117,52.20201110839844,53.40637969970703,53.70539855957031,NaN,0,100,0,0,0,0,0,2.975717782974243,17179869184,2147483648,8727347200,922288128
209,1760634418376,3228,3228,3228,3228,3228,3228,3228,3228,55.57787322998047,54.34054183959961,53.73003387451172,55.80943298339844,55.44676208496094,54.52218246459961,55.50181198120117,52.20201110839844,53.40637969970703,53.70539855957031,57.142860412597656,42.85714340209961,31.81818199157715,38.095237731933594,71.42857360839844,18.18181800842285,4.761904716491699,4.545454502105713,2.975717782974243,17179869184,2147483648,8727347200,922288128
10,1760634418586,3228,3228,3228,3228,3228,3228,3228,3228,55.57787322998047,54.34054183959961,53.73003387451172,55.80943298339844,55.44676208496094,54.52218246459961,55.50181198120117,52.20201110839844,53.40637969970703,53.70539855957031,45.45454788208008,66.66667175292969,0,0,20,0,0,0,4.094371795654297,17179869184,2147483648,8727347200,922288128
