Delta,Time,CPU_FREQUENCY_0,CPU_FREQUENCY_1,CPU_FREQUENCY_2,CPU_FREQUENCY_3,CPU_FREQUENCY_4,CPU_FREQUENCY_5,CPU_FREQUENCY_6,CPU_FREQUENCY_7,CPU_TEMP_0,CPU_TEMP_1,CPU_TEMP_2,CPU_TEMP_3,CPU_TEMP_4,CPU_TEMP_5,CPU_TEMP_6,CPU_TEMP_7,CPU_TEMP_8,CPU_TEMP_9,CPU_USAGE_0,CPU_USAGE_1,CPU_USAGE_2,CPU_USAGE_3,CPU_USAGE_4,CPU_USAGE_5,CPU_USAGE_6,CPU_USAGE_7,SYSTEM_POWER (Watts),TOTAL_MEMORY,TOTAL_SWAP,USED_MEMORY,USED_SWAP
0,1760632582724,3228,3228,3228,3228,3228,3228,3228,3228,56.96461486816406,55.136375427246094,55.262001037597656,56.7126579284668,55.940399169921875,54.84555435180664,56.48432922363281,53.77276611328125,54.218719482421875,54.441375732421875,0,0,100,0,0,0,0,0,4.1985392570495605,17179869184,2147483648,7916552192,922288128
209,1760632582725,3228,3228,3228,3228,3228,3228,3228,3228,56.96461486816406,55.136375427246094,55.262001037597656,56.7126579284668,55.940399169921875,54.84555435180664,56.48432922363281,53.77276611328125,54.218719482421875,54.441375732421875,0,0,100,50,100,50,0,0,4.1985392570495605,17179869184,2147483648,7916552192,922288128
209,1760632582935,3228,3228,3228,3228,3228,3228,3228,3228,56.96461486816406,55.136375427246094,55.262001037597656,56.7126579284668,55.940399169921875,54.84555435180664,56.48432922363281,53.77276611328125,54.218719482421875,54.441375732421875,40.90909194946289,38.095237731933594,70,90.47618865966797,28.571430206298828,19.047618865966797,4.761904716491699,4.761904716491699,4.1985392570495605,17179869184,2147483648,7916552192,922288128
10,1760632583145,3228,3228,3228,3228,3228,3228,3228,3228,59.11878204345703,55.811641693115234,56.897743225097656,59.4875602722168,59.533958435058594,57.78759002685547,57.44919967651367,54.864219665527344,54.780025482177734,55.66252136230469,45,42.85714340209961,68.18181610107422,28.571430206298828,0,0,0,0,4.1985392570495605,17179869184,2147483648,7916552192,922288128
