Delta,Time,CPU_FREQUENCY_0,CPU_FREQUENCY_1,CPU_FREQUENCY_2,CPU_FREQUENCY_3,CPU_FREQUENCY_4,CPU_FREQUENCY_5,CPU_FREQUENCY_6,CPU_FREQUENCY_7,CPU_TEMP_0,CPU_TEMP_1,CPU_TEMP_2,CPU_TEMP_3,CPU_TEMP_4,CPU_TEMP_5,CPU_TEMP_6,CPU_TEMP_7,CPU_TEMP_8,CPU_TEMP_9,CPU_USAGE_0,CPU_USAGE_1,CPU_USAGE_2,CPU_USAGE_3,CPU_USAGE_4,CPU_USAGE_5,CPU_USAGE_6,CPU_USAGE_7,SYSTEM_POWER (Watts),TOTAL_MEMORY,TOTAL_SWAP,USED_MEMORY,USED_SWAP
0,1760650060629,3228,3228,3228,3228,3228,3228,3228,3228,52.858909606933594,51.5638313293457,50.75176239013672,51.565914154052734,51.50159454345703,50.84233093261719,52.95267868041992,49.80634307861328,49.907413482666016,50.76976776123047,50,0,NaN,0,0,0,0,0,3.012221336364746,17179869184,2147483648,7673806848,905510912
209,1760650060629,3228,3228,3228,3228,3228,3228,3228,3228,52.858909606933594,51.5638313293457,50.75176239013672,51.565914154052734,51.50159454345703,50.84233093261719,52.95267868041992,49.80634307861328,49.907413482666016,50.76976776123047,0,100,50,100,0,0,0,0,3.012221336364746,17179869184,2147483648,7673069568,905510912
209,1760650060839,3228,3228,3228,3228,3228,3228,3228,3228,52.858909606933594,51.5638313293457,50.75176239013672,51.565914154052734,51.50159454345703,50.84233093261719,52.95267868041992,49.80634307861328,49.907413482666016,50.76976776123047,75,65,85,13.636363983154297,4.761904716491699,0,0,0,3.012221336364746,17179869184,2147483648,7744995328,905510912
209,1760650061050,3228,3228,3228,3228,3228,3228,3228,3228,53.716312408447266,52.170658111572266,52.78118133544922,56.008766174316406,52.75041961669922,52.171199798583984,53.901519775390625,51.21706008911133,50.09260940551758,51.456642150878906,38.095237731933594,50,95.45454406738281,50,13.636363983154297,4.761904716491699,4.761904716491699,4.761904716491699,3.012221336364746,17179869184,2147483648,7739686912,905510912
9,1760650061260,3228,3228,3228,3228,3228,3228,3228,3228,53.716312408447266,52.170658111572266,52.78118133544922,56.008766174316406,52.75041961669922,52.171199798583984,53.901519775390625,51.21706008911133,50.09260940551758,51.456642150878906,80,42.105262756347656,14.285715103149414,35,5,9.523809432983398,0,0,3.012221336364746,17179869184,2147483648,7667351552,905510912
