Delta,Time,CPU_FREQUENCY_0,CPU_FREQUENCY_1,CPU_FREQUENCY_2,CPU_FREQUENCY_3,CPU_FREQUENCY_4,CPU_FREQUENCY_5,CPU_FREQUENCY_6,CPU_FREQUENCY_7,CPU_TEMP_0,CPU_TEMP_1,CPU_TEMP_2,CPU_TEMP_3,CPU_TEMP_4,CPU_TEMP_5,CPU_TEMP_6,CPU_TEMP_7,CPU_TEMP_8,CPU_TEMP_9,CPU_USAGE_0,CPU_USAGE_1,CPU_USAGE_2,CPU_USAGE_3,CPU_USAGE_4,CPU_USAGE_5,CPU_USAGE_6,CPU_USAGE_7,SYSTEM_POWER (Watts),TOTAL_MEMORY,TOTAL_SWAP,USED_MEMORY,USED_SWAP
0,1760636508848,3228,3228,3228,3228,3228,3228,3228,3228,56.1402587890625,54.68635177612305,54.124717712402344,55.336875915527344,55.25951385498047,54.64678192138672,56.190250396728516,52.848609924316406,53.83442306518555,53.68278503417969,0,NaN,0,0,0,0,NaN,0,4.070417404174805,17179869184,2147483648,8568176640,913899520
209,1760636508848,3228,3228,3228,3228,3228,3228,3228,3228,56.1402587890625,54.68635177612305,54.124717712402344,55.336875915527344,55.25951385498047,54.64678192138672,56.190250396728516,52.848609924316406,53.83442306518555,53.68278503417969,100,NaN,100,50,0,0,0,0,4.070417404174805,17179869184,2147483648,8568176640,913899520
209,1760636509058,3228,3228,3228,3228,3228,3228,3228,3228,56.1402587890625,54.68635177612305,54.124717712402344,55.336875915527344,55.25951385498047,54.64678192138672,56.190250396728516,52.848609924316406,53.83442306518555,53.68278503417969,50,52.38095474243164,90.90909576416016,4.761904716491699,4.545454502105713,4.761904716491699,0,0,4.070417404174805,17179869184,2147483648,8568176640,913899520
205,1760636509268,3228,3228,3228,3228,3228,3228,3228,3228,57.10245132446289,55.37367248535156,55.43475341796875,59.20927429199219,56.27362060546875,56.10126495361328,57.38295364379883,54.467594146728516,54.53974914550781,54.406005859375,85.71428680419922,57.142860412597656,42.85714340209961,50,0,9.523809432983398,0,0,4.070417404174805,17179869184,2147483648,8568176640,913899520
9,1760636509473,3228,3228,3228,3228,3228,3228,3228,3228,57.10245132446289,55.37367248535156,55.43475341796875,59.20927429199219,56.27362060546875,56.10126495361328,57.38295364379883,54.467594146728516,54.53974914550781,54.406005859375,50,42.85714340209961,40,23.809524536132813,63.15789031982422,10,4.761904716491699,5,4.070417404174805,17179869184,2147483648,8523251712,913899520
