Delta,Time,CPU_FREQUENCY_0,CPU_FREQUENCY_1,CPU_FREQUENCY_2,CPU_FREQUENCY_3,CPU_FREQUENCY_4,CPU_FREQUENCY_5,CPU_FREQUENCY_6,CPU_FREQUENCY_7,CPU_TEMP_0,CPU_TEMP_1,CPU_TEMP_2,CPU_TEMP_3,CPU_TEMP_4,CPU_TEMP_5,CPU_TEMP_6,CPU_TEMP_7,CPU_TEMP_8,CPU_TEMP_9,CPU_USAGE_0,CPU_USAGE_1,CPU_USAGE_2,CPU_USAGE_3,CPU_USAGE_4,CPU_USAGE_5,CPU_USAGE_6,CPU_USAGE_7,SYSTEM_POWER (Watts),TOTAL_MEMORY,TOTAL_SWAP,USED_MEMORY,USED_SWAP
0,1760651535620,3228,3228,3228,3228,3228,3228,3228,3228,55.522789001464844,55.05669021606445,53.644996643066406,55.339500427246094,55.091278076171875,53.594337463378906,56.03268814086914,52.8142204284668,53.76264190673828,54.249610900878906,0,0,100,NaN,0,0,0,0,3.4474117755889893,17179869184,2147483648,8036106240,897122304
209,1760651535620,3228,3228,3228,3228,3228,3228,3228,3228,55.522789001464844,55.05669021606445,53.644996643066406,55.339500427246094,55.091278076171875,53.594337463378906,56.03268814086914,52.8142204284668,53.76264190673828,54.249610900878906,0,0,NaN,66.66667175292969,0,0,0,0,3.4474117755889893,17179869184,2147483648,8033206272,897122304
209,1760651535830,3228,3228,3228,3228,3228,3228,3228,3228,55.522789001464844,55.05669021606445,53.644996643066406,55.339500427246094,55.091278076171875,53.594337463378906,56.03268814086914,52.8142204284668,53.76264190673828,54.249610900878906,72.7272720336914,85.71428680419922,36.3636360168457,40,33.333335876464844,4.761904716491699,0,0,3.4474117755889893,17179869184,2147483648,8109735936,897122304
8,1760651536040,3228,3228,3228,3228,3228,3228,3228,3228,55.522789001464844,55.05669021606445,53.644996643066406,55.339500427246094,55.091278076171875,53.594337463378906,56.03268814086914,52.8142204284668,53.76264190673828,54.249610900878906,61.904762268066406,52.38095474243164,42.85714340209961,0,0,0,0,0,3.4474117755889893,17179869184,2147483648,8033665024,897122304
