Delta,Time,CPU_FREQUENCY_0,CPU_FREQUENCY_1,CPU_FREQUENCY_2,CPU_FREQUENCY_3,CPU_FREQUENCY_4,CPU_FREQUENCY_5,CPU_FREQUENCY_6,CPU_FREQUENCY_7,CPU_TEMP_0,CPU_TEMP_1,CPU_TEMP_2,CPU_TEMP_3,CPU_TEMP_4,CPU_TEMP_5,CPU_TEMP_6,CPU_TEMP_7,CPU_TEMP_8,CPU_TEMP_9,CPU_USAGE_0,CPU_USAGE_1,CPU_USAGE_2,CPU_USAGE_3,CPU_USAGE_4,CPU_USAGE_5,CPU_USAGE_6,CPU_USAGE_7,SYSTEM_POWER (Watts),TOTAL_MEMORY,TOTAL_SWAP,USED_MEMORY,USED_SWAP
0,1760629393897,3228,3228,3228,3228,3228,3228,3228,3228,53.950958251953125,52.63737106323242,52.44496154785156,53.57422637939453,53.462562561035156,52.048465728759766,53.56412124633789,50.72099304199219,51.28343200683594,52.197731018066406,NaN,0,66.66667175292969,0,0,0,0,0,3.587733507156372,17179869184,2147483648,7039008768,939065344
202,1760629393897,3228,3228,3228,3228,3228,3228,3228,3228,53.950958251953125,52.63737106323242,52.44496154785156,53.57422637939453,53.462562561035156,52.048465728759766,53.56412124633789,50.72099304199219,51.28343200683594,52.197731018066406,0,0,NaN,NaN,0,0,0,0,3.587733507156372,17179869184,2147483648,7038943232,939065344
207,1760629394100,3228,3228,3228,3228,3228,3228,3228,3228,54.586090087890625,52.996337890625,53.14423370361328,55.071048736572266,54.77934265136719,53.49053955078125,54.16205978393555,51.49907302856445,51.66259765625,52.67401885986328,42.85714340209961,38.095237731933594,60.000003814697266,81.81818389892578,57.142860412597656,15.000000953674316,5,0,3.587733507156372,17179869184,2147483648,7096123392,939065344
209,1760629394308,3228,3228,3228,3228,3228,3228,3228,3228,54.586090087890625,52.996337890625,53.14423370361328,55.071048736572266,54.77934265136719,53.49053955078125,54.16205978393555,51.49907302856445,51.66259765625,52.67401885986328,38.095237731933594,40,80,65,25,4.761904716491699,0,0,3.587733507156372,17179869184,2147483648,7097417728,939065344
9,1760629394518,3228,3228,3228,3228,3228,3228,3228,3228,54.586090087890625,52.996337890625,53.14423370361328,55.071048736572266,54.77934265136719,53.49053955078125,54.16205978393555,51.49907302856445,51.66259765625,52.67401885986328,30.000001907348633,33.333335876464844,76.19047546386719,61.904762268066406,45.45454788208008,22.72727394104004,9.523809432983398,4.545454502105713,3.9632952213287354,17179869184,2147483648,7042908160,939065344
