Delta,Time,CPU_FREQUENCY_0,CPU_FREQUENCY_1,CPU_FREQUENCY_2,CPU_FREQUENCY_3,CPU_FREQUENCY_4,CPU_FREQUENCY_5,CPU_FREQUENCY_6,CPU_FREQUENCY_7,CPU_TEMP_0,CPU_TEMP_1,CPU_TEMP_2,CPU_TEMP_3,CPU_TEMP_4,CPU_TEMP_5,CPU_TEMP_6,CPU_TEMP_7,CPU_TEMP_8,CPU_TEMP_9,CPU_USAGE_0,CPU_USAGE_1,CPU_USAGE_2,CPU_USAGE_3,CPU_USAGE_4,CPU_USAGE_5,CPU_USAGE_6,CPU_USAGE_7,SYSTEM_POWER (Watts),TOTAL_MEMORY,TOTAL_SWAP,USED_MEMORY,USED_SWAP
0,1760655256984,3228,3228,3228,3228,3228,3228,3228,3228,57.13551712036133,55.97797393798828,55.414451599121094,57.68923568725586,57.182044982910156,57.08812713623047,56.12284469604492,53.843650817871094,53.89216995239258,54.299827575683594,100,100,50,66.66667175292969,100,50,100,66.66667175292969,7.044811248779297,17179869184,2147483648,7409598464,897122304
201,1760655256984,3228,3228,3228,3228,3228,3228,3228,3228,57.13551712036133,55.97797393798828,55.414451599121094,57.68923568725586,57.182044982910156,57.08812713623047,56.12284469604492,53.843650817871094,53.89216995239258,54.299827575683594,100,100,66.66667175292969,100,100,66.66667175292969,66.66667175292969,100,7.044811248779297,17179869184,2147483648,7383203840,897122304
209,1760655257185,3228,3228,3228,3228,3228,3228,3228,3228,58.50559616088867,57.03251647949219,56.79884338378906,60.55885314941406,59.483184814453125,59.04246139526367,57.97172164916992,55.97418975830078,54.9881706237793,55.36524963378906,95.23809814453125,90.47618865966797,73.68421173095703,65,23.809524536132813,10.526315689086914,4.761904716491699,0,7.044811248779297,17179869184,2147483648,7383203840,897122304
10,1760655257395,3228,3228,3228,3228,3228,3228,3228,3228,58.50559616088867,57.03251647949219,56.79884338378906,60.55885314941406,59.483184814453125,59.04246139526367,57.97172164916992,55.97418975830078,54.9881706237793,55.36524963378906,85,76.19047546386719,28.571430206298828,45,19.047618865966797,4.545454502105713,4.761904716491699,4.545454502105713,7.044811248779297,17179869184,2147483648,7383203840,897122304
