Delta,Time,CPU_FREQUENCY_0,CPU_FREQUENCY_1,CPU_FREQUENCY_2,CPU_FREQUENCY_3,CPU_FREQUENCY_4,CPU_FREQUENCY_5,CPU_FREQUENCY_6,CPU_FREQUENCY_7,CPU_TEMP_0,CPU_TEMP_1,CPU_TEMP_2,CPU_TEMP_3,CPU_TEMP_4,CPU_TEMP_5,CPU_TEMP_6,CPU_TEMP_7,CPU_TEMP_8,CPU_TEMP_9,CPU_USAGE_0,CPU_USAGE_1,CPU_USAGE_2,CPU_USAGE_3,CPU_USAGE_4,CPU_USAGE_5,CPU_USAGE_6,CPU_USAGE_7,SYSTEM_POWER (Watts),TOTAL_MEMORY,TOTAL_SWAP,USED_MEMORY,USED_SWAP
0,1760644066906,3228,3228,3228,3228,3228,3228,3228,3228,55.59751510620117,55.26826477050781,53.742462158203125,55.590545654296875,55.35884094238281,54.2836799621582,56.32653045654297,52.042720794677734,53.06379699707031,53.63475799560547,100,100,0,0,0,0,0,0,9.388002395629883,17179869184,2147483648,7631454208,905510912
209,1760644066906,3228,3228,3228,3228,3228,3228,3228,3228,55.59751510620117,55.26826477050781,53.742462158203125,55.590545654296875,55.35884094238281,54.2836799621582,56.32653045654297,52.042720794677734,53.06379699707031,53.63475799560547,100,100,50,0,0,0,0,0,9.388002395629883,17179869184,2147483648,7631454208,905510912
209,1760644067116,3228,3228,3228,3228,3228,3228,3228,3228,56.6526985168457,55.88706588745117,54.937599182128906,57.72559356689453,56.69701385498047,55.927371978759766,57.776981353759766,53.83686828613281,54.13484573364258,54.73292541503906,100,100,65,30.000001907348633,23.809524536132813,22.72727394104004,23.809524536132813,14.285715103149414,9.388002395629883,17179869184,2147483648,7631454208,905510912
10,1760644067326,3228,3228,3228,3228,3228,3228,3228,3228,56.6526985168457,55.88706588745117,54.937599182128906,57.72559356689453,56.69701385498047,55.927371978759766,57.776981353759766,53.83686828613281,54.13484573364258,54.73292541503906,100,100,4.761904716491699,14.285715103149414,0,0,0,0,9.388002395629883,17179869184,2147483648,7631454208,905510912
