Delta,Time,CPU_FREQUENCY_0,CPU_FREQUENCY_1,CPU_FREQUENCY_2,CPU_FREQUENCY_3,CPU_FREQUENCY_4,CPU_FREQUENCY_5,CPU_FREQUENCY_6,CPU_FREQUENCY_7,CPU_TEMP_0,CPU_TEMP_1,CPU_TEMP_2,CPU_TEMP_3,CPU_TEMP_4,CPU_TEMP_5,CPU_TEMP_6,CPU_TEMP_7,CPU_TEMP_8,CPU_TEMP_9,CPU_USAGE_0,CPU_USAGE_1,CPU_USAGE_2,CPU_USAGE_3,CPU_USAGE_4,CPU_USAGE_5,CPU_USAGE_6,CPU_USAGE_7,SYSTEM_POWER (Watts),TOTAL_MEMORY,TOTAL_SWAP,USED_MEMORY,USED_SWAP
0,1760637034947,3228,3228,3228,3228,3228,3228,3228,3228,57.0429573059082,56.075218200683594,54.787635803222656,56.07189178466797,56.101226806640625,54.67059326171875,56.67300796508789,53.45717239379883,54.36983108520508,55.3626708984375,100,0,50,0,0,0,0,0,3.405136823654175,17179869184,2147483648,8867708928,913899520
200,1760637034947,3228,3228,3228,3228,3228,3228,3228,3228,57.0429573059082,56.075218200683594,54.787635803222656,56.07189178466797,56.101226806640625,54.67059326171875,56.67300796508789,53.45717239379883,54.36983108520508,55.3626708984375,NaN,NaN,0,50,0,0,0,0,3.405136823654175,17179869184,2147483648,8865710080,913899520
208,1760637035148,3228,3228,3228,3228,3228,3228,3228,3228,58.08742141723633,56.814453125,56.052215576171875,58.785221099853516,57.368980407714844,56.22214126586914,57.940391540527344,54.73575210571289,55.00932693481445,55.95564270019531,75,76.19047546386719,100,5.263157844543457,0,0,0,0,3.405136823654175,17179869184,2147483648,8865710080,913899520
209,1760637035357,3228,3228,3228,3228,3228,3228,3228,3228,58.08742141723633,56.814453125,56.052215576171875,58.785221099853516,57.368980407714844,56.22214126586914,57.940391540527344,54.73575210571289,55.00932693481445,55.95564270019531,42.85714340209961,60.000003814697266,47.619049072265625,47.619049072265625,4.545454502105713,4.761904716491699,0,0,3.405136823654175,17179869184,2147483648,8865710080,913899520
9,1760637035567,3228,3228,3228,3228,3228,3228,3228,3228,58.08742141723633,56.814453125,56.052215576171875,58.785221099853516,57.368980407714844,56.22214126586914,57.940391540527344,54.73575210571289,55.00932693481445,55.95564270019531,66.66667175292969,71.42857360839844,5,59.09090805053711,0,0,0,0,3.405136823654175,17179869184,2147483648,8871395328,913899520
