Delta,Time,CPU_FREQUENCY_0,CPU_FREQUENCY_1,CPU_FREQUENCY_2,CPU_FREQUENCY_3,CPU_FREQUENCY_4,CPU_FREQUENCY_5,CPU_FREQUENCY_6,CPU_FREQUENCY_7,CPU_TEMP_0,CPU_TEMP_1,CPU_TEMP_2,CPU_TEMP_3,CPU_TEMP_4,CPU_TEMP_5,CPU_TEMP_6,CPU_TEMP_7,CPU_TEMP_8,CPU_TEMP_9,CPU_USAGE_0,CPU_USAGE_1,CPU_USAGE_2,CPU_USAGE_3,CPU_USAGE_4,CPU_USAGE_5,CPU_USAGE_6,CPU_USAGE_7,SYSTEM_POWER (Watts),TOTAL_MEMORY,TOTAL_SWAP,USED_MEMORY,USED_SWAP
0,1760634614740,3228,3228,3228,3228,3228,3228,3228,3228,55.663814544677734,54.73202896118164,53.64917755126953,55.37187194824219,54.96784973144531,53.77663803100586,54.889896392822266,52.50141525268555,53.80239486694336,53.21949005126953,NaN,NaN,0,0,0,0,0,0,4.151458740234375,17179869184,2147483648,8862662656,922288128
209,1760634614740,3228,3228,3228,3228,3228,3228,3228,3228,55.663814544677734,54.73202896118164,53.64917755126953,55.37187194824219,54.96784973144531,53.77663803100586,54.889896392822266,52.50141525268555,53.80239486694336,53.21949005126953,100,66.66667175292969,100,0,100,0,0,0,4.151458740234375,17179869184,2147483648,8861089792,922288128
209,1760634614950,3228,3228,3228,3228,3228,3228,3228,3228,55.663814544677734,54.73202896118164,53.64917755126953,55.37187194824219,54.96784973144531,53.77663803100586,54.889896392822266,52.50141525268555,53.80239486694336,53.21949005126953,61.904762268066406,65,38.095237731933594,57.142860412597656,0,0,0,4.761904716491699,4.151458740234375,17179869184,2147483648,8928886784,922288128
209,1760634615160,3228,3228,3228,3228,3228,3228,3228,3228,57.239601135253906,54.903526306152344,54.48749542236328,56.805782318115234,57.71582794189453,55.48745346069336,55.16507339477539,53.02412796020508,54.218544006347656,53.74279022216797,66.66667175292969,61.904762268066406,23.809524536132813,77.2727279663086,0,0,0,0,4.151458740234375,17179869184,2147483648,8928886784,922288128
9,1760634615370,3228,3228,3228,3228,3228,3228,3228,3228,57.239601135253906,54.903526306152344,54.48749542236328,56.805782318115234,57.71582794189453,55.48745346069336,55.16507339477539,53.02412796020508,54.218544006347656,53.74279022216797,40,30.000001907348633,50,35,31.81818199157715,28.571430206298828,0,4.761904716491699,4.151458740234375,17179869184,2147483648,8861286400,922288128
