Delta,Time,CPU_FREQUENCY_0,CPU_FREQUENCY_1,CPU_FREQUENCY_2,CPU_FREQUENCY_3,CPU_FREQUENCY_4,CPU_FREQUENCY_5,CPU_FREQUENCY_6,CPU_FREQUENCY_7,CPU_TEMP_0,CPU_TEMP_1,CPU_TEMP_2,CPU_TEMP_3,CPU_TEMP_4,CPU_TEMP_5,CPU_TEMP_6,CPU_TEMP_7,CPU_TEMP_8,CPU_TEMP_9,CPU_USAGE_0,CPU_USAGE_1,CPU_USAGE_2,CPU_USAGE_3,CPU_USAGE_4,CPU_USAGE_5,CPU_USAGE_6,CPU_USAGE_7,SYSTEM_POWER (Watts),TOTAL_MEMORY,TOTAL_SWAP,USED_MEMORY,USED_SWAP
0,1760632534782,3228,3228,3228,3228,3228,3228,3228,3228,56.821014404296875,55.659175872802734,54.830787658691406,56.66740798950195,56.010704040527344,55.44731521606445,56.116859436035156,53.661502838134766,54.21918869018555,54.367958068847656,0,0,100,0,0,0,0,0,3.981353521347046,17179869184,2147483648,7790034944,922288128
206,1760632534782,3228,3228,3228,3228,3228,3228,3228,3228,56.821014404296875,55.659175872802734,54.830787658691406,56.66740798950195,56.010704040527344,55.44731521606445,56.116859436035156,53.661502838134766,54.21918869018555,54.367958068847656,0,0,0,NaN,100,50,0,0,3.981353521347046,17179869184,2147483648,7790673920,922288128
209,1760632534989,3228,3228,3228,3228,3228,3228,3228,3228,56.821014404296875,55.659175872802734,54.830787658691406,56.66740798950195,56.010704040527344,55.44731521606445,56.116859436035156,53.661502838134766,54.21918869018555,54.367958068847656,55,42.85714340209961,61.904762268066406,60.000003814697266,45,4.761904716491699,0,0,3.981353521347046,17179869184,2147483648,7857733632,922288128
10,1760632535200,3228,3228,3228,3228,3228,3228,3228,3228,59.08916473388672,56.58829879760742,56.48088836669922,59.63364028930664,60.271217346191406,58.93272018432617,57.4813117980957,54.94411087036133,55.316139221191406,55.65089416503906,22.72727394104004,19.047618865966797,71.42857360839844,72.7272720336914,13.636363983154297,15.000000953674316,4.761904716491699,0,3.981353521347046,17179869184,2147483648,7784349696,922288128
