Delta,Time,CPU_FREQUENCY_0,CPU_FREQUENCY_1,CPU_FREQUENCY_2,CPU_FREQUENCY_3,CPU_FREQUENCY_4,CPU_FREQUENCY_5,CPU_FREQUENCY_6,CPU_FREQUENCY_7,CPU_TEMP_0,CPU_TEMP_1,CPU_TEMP_2,CPU_TEMP_3,CPU_TEMP_4,CPU_TEMP_5,CPU_TEMP_6,CPU_TEMP_7,CPU_TEMP_8,CPU_TEMP_9,CPU_USAGE_0,CPU_USAGE_1,CPU_USAGE_2,CPU_USAGE_3,CPU_USAGE_4,CPU_USAGE_5,CPU_USAGE_6,CPU_USAGE_7,SYSTEM_POWER (Watts),TOTAL_MEMORY,TOTAL_SWAP,USED_MEMORY,USED_SWAP
0,1760648019682,3228,3228,3228,3228,3228,3228,3228,3228,54.379241943359375,53.18608856201172,52.554908752441406,54.432125091552734,53.63856506347656,52.540687561035156,54.00376510620117,51.34789276123047,52.176109313964844,52.39178466796875,0,0,100,0,0,0,0,0,4.640341281890869,17179869184,2147483648,7446151168,905510912
209,1760648019682,3228,3228,3228,3228,3228,3228,3228,3228,54.379241943359375,53.18608856201172,52.554908752441406,54.432125091552734,53.63856506347656,52.540687561035156,54.00376510620117,51.34789276123047,52.176109313964844,52.39178466796875,0,0,NaN,50,66.66667175292969,0,0,0,4.640341281890869,17179869184,2147483648,7443398656,905510912
209,1760648019892,3228,3228,3228,3228,3228,3228,3228,3228,54.379241943359375,53.18608856201172,52.554908752441406,54.432125091552734,53.63856506347656,52.540687561035156,54.00376510620117,51.34789276123047,52.176109313964844,52.39178466796875,23.809524536132813,27.272727966308594,81.81818389892578,80.95238494873047,30.000001907348633,14.285715103149414,9.523809432983398,4.545454502105713,4.640341281890869,17179869184,2147483648,7506264064,905510912
10,1760648020103,3228,3228,3228,3228,3228,3228,3228,3228,55.784671783447266,53.43651580810547,53.764060974121094,56.943016052246094,56.473548889160156,54.93368911743164,54.695579528808594,52.44981384277344,52.40496826171875,53.05084228515625,54.54545593261719,47.619049072265625,35,23.809524536132813,4.761904716491699,0,0,0,4.640341281890869,17179869184,2147483648,7425261568,905510912
