Delta,Time,CPU_FREQUENCY_0,CPU_FREQUENCY_1,CPU_FREQUENCY_2,CPU_FREQUENCY_3,CPU_FREQUENCY_4,CPU_FREQUENCY_5,CPU_FREQUENCY_6,CPU_FREQUENCY_7,CPU_TEMP_0,CPU_TEMP_1,CPU_TEMP_2,CPU_TEMP_3,CPU_TEMP_4,CPU_TEMP_5,CPU_TEMP_6,CPU_TEMP_7,CPU_TEMP_8,CPU_TEMP_9,CPU_USAGE_0,CPU_USAGE_1,CPU_USAGE_2,CPU_USAGE_3,CPU_USAGE_4,CPU_USAGE_5,CPU_USAGE_6,CPU_USAGE_7,SYSTEM_POWER (Watts),TOTAL_MEMORY,TOTAL_SWAP,USED_MEMORY,USED_SWAP
0,1760628848178,3228,3228,3228,3228,3228,3228,3228,3228,53.3870849609375,52.37731170654297,52.059852600097656,53.063926696777344,53.03947448730469,51.656517028808594,53.07694625854492,49.9820442199707,50.79108810424805,50.83418273925781,0,0,0,0,0,0,0,0,2.8118512630462646,17179869184,2147483648,6988136448,939065344
204,1760628848178,3228,3228,3228,3228,3228,3228,3228,3228,53.3870849609375,52.37731170654297,52.059852600097656,53.063926696777344,53.03947448730469,51.656517028808594,53.07694625854492,49.9820442199707,50.79108810424805,50.83418273925781,0,100,0,NaN,0,0,0,0,2.8118512630462646,17179869184,2147483648,6987677696,939065344
202,1760628848383,3228,3228,3228,3228,3228,3228,3228,3228,53.3870849609375,52.37731170654297,52.059852600097656,53.063926696777344,53.03947448730469,51.656517028808594,53.07694625854492,49.9820442199707,50.79108810424805,50.83418273925781,5,5,100,5,5,4.545454502105713,0,0,2.8118512630462646,17179869184,2147483648,7026720768,939065344
11,1760628848586,3228,3228,3228,3228,3228,3228,3228,3228,53.3870849609375,52.37731170654297,52.059852600097656,53.063926696777344,53.03947448730469,51.656517028808594,53.07694625854492,49.9820442199707,50.79108810424805,50.83418273925781,0,0,33.333335876464844,4.761904716491699,0,0,0,0,3.5940072536468506,17179869184,2147483648,6847053824,939065344
