Delta,Time,CPU_FREQUENCY_0,CPU_FREQUENCY_1,CPU_FREQUENCY_2,CPU_FREQUENCY_3,CPU_FREQUENCY_4,CPU_FREQUENCY_5,CPU_FREQUENCY_6,CPU_FREQUENCY_7,CPU_TEMP_0,CPU_TEMP_1,CPU_TEMP_2,CPU_TEMP_3,CPU_TEMP_4,CPU_TEMP_5,CPU_TEMP_6,CPU_TEMP_7,CPU_TEMP_8,CPU_TEMP_9,CPU_USAGE_0,CPU_USAGE_1,CPU_USAGE_2,CPU_USAGE_3,CPU_USAGE_4,CPU_USAGE_5,CPU_USAGE_6,CPU_USAGE_7,SYSTEM_POWER (Watts),TOTAL_MEMORY,TOTAL_SWAP,USED_MEMORY,USED_SWAP
0,1760649125387,3228,3228,3228,3228,3228,3228,3228,3228,52.956050872802734,52.22242736816406,51.628387451171875,51.646846771240234,51.78534698486328,50.67564392089844,53.220088958740234,49.91539001464844,50.01646041870117,51.39727020263672,0,50,0,0,0,0,0,0,3.1419355869293213,17179869184,2147483648,8229617664,905510912
204,1760649125387,3228,3228,3228,3228,3228,3228,3228,3228,52.956050872802734,52.22242736816406,51.628387451171875,51.646846771240234,51.78534698486328,50.67564392089844,53.220088958740234,49.91539001464844,50.01646041870117,51.39727020263672,0,0,50,100,0,0,0,0,3.1419355869293213,17179869184,2147483648,8231485440,905510912
204,1760649125592,3228,3228,3228,3228,3228,3228,3228,3228,52.956050872802734,52.22242736816406,51.628387451171875,51.646846771240234,51.78534698486328,50.67564392089844,53.220088958740234,49.91539001464844,50.01646041870117,51.39727020263672,9.523809432983398,5,30.000001907348633,60.000003814697266,9.523809432983398,9.523809432983398,0,0,2.3393964767456055,17179869184,2147483648,8300822528,905510912
12,1760649125797,3228,3228,3228,3228,3228,3228,3228,3228,52.956050872802734,52.22242736816406,51.628387451171875,51.646846771240234,51.78534698486328,50.67564392089844,53.220088958740234,49.91539001464844,50.01646041870117,51.39727020263672,0,0,20,0,0,9.523809432983398,0,0,2.3393964767456055,17179869184,2147483648,8224587776,905510912
