Delta,Time,CPU_FREQUENCY_0,CPU_FREQUENCY_1,CPU_FREQUENCY_2,CPU_FREQUENCY_3,CPU_FREQUENCY_4,CPU_FREQUENCY_5,CPU_FREQUENCY_6,CPU_FREQUENCY_7,CPU_TEMP_0,CPU_TEMP_1,CPU_TEMP_2,CPU_TEMP_3,CPU_TEMP_4,CPU_TEMP_5,CPU_TEMP_6,CPU_TEMP_7,CPU_TEMP_8,CPU_TEMP_9,CPU_USAGE_0,CPU_USAGE_1,CPU_USAGE_2,CPU_USAGE_3,CPU_USAGE_4,CPU_USAGE_5,CPU_USAGE_6,CPU_USAGE_7,SYSTEM_POWER (Watts),TOTAL_MEMORY,TOTAL_SWAP,USED_MEMORY,USED_SWAP
0,1760625894105,3228,3228,3228,3228,3228,3228,3228,3228,55.963470458984375,55.14387512207031,54.538978576660156,56.75214385986328,55.522071838378906,55.37917709350586,55.77067947387695,52.9040641784668,53.094444274902344,53.919227600097656,100,100,100,0,0,0,0,0,3.335397243499756,17179869184,2147483648,7092879360,947453952
199,1760625894105,3228,3228,3228,3228,3228,3228,3228,3228,55.963470458984375,55.14387512207031,54.538978576660156,56.75214385986328,55.522071838378906,55.37917709350586,55.77067947387695,52.9040641784668,53.094444274902344,53.919227600097656,50,100,100,0,0,NaN,NaN,0,3.335397243499756,17179869184,2147483648,7091863552,947453952
209,1760625894305,3228,3228,3228,3228,3228,3228,3228,3228,55.963470458984375,55.14387512207031,54.538978576660156,56.75214385986328,55.522071838378906,55.37917709350586,55.77067947387695,52.9040641784668,53.094444274902344,53.919227600097656,100,90,73.68421173095703,63.15789031982422,30.000001907348633,42.85714340209961,0,0,3.335397243499756,17179869184,2147483648,7157645312,947453952
203,1760625894517,3228,3228,3228,3228,3228,3228,3228,3228,55.963470458984375,55.14387512207031,54.538978576660156,56.75214385986328,55.522071838378906,55.37917709350586,55.77067947387695,52.9040641784668,53.094444274902344,53.919227600097656,66.66667175292969,61.904762268066406,76.19047546386719,80.95238494873047,47.619049072265625,38.095237731933594,13.636363983154297,4.761904716491699,3.467560291290283,17179869184,2147483648,7149338624,947453952
9,1760625894720,3228,3228,3228,3228,3228,3228,3228,3228,55.963470458984375,55.14387512207031,54.538978576660156,56.75214385986328,55.522071838378906,55.37917709350586,55.77067947387695,52.9040641784668,53.094444274902344,53.919227600097656,73.68421173095703,84.21052551269531,15.000000953674316,9.523809432983398,42.85714340209961,0,0,0,3.467560291290283,17179869184,2147483648,7090323456,947453952
