Delta,Time,CPU_FREQUENCY_0,CPU_FREQUENCY_1,CPU_FREQUENCY_2,CPU_FREQUENCY_3,CPU_FREQUENCY_4,CPU_FREQUENCY_5,CPU_FREQUENCY_6,CPU_FREQUENCY_7,CPU_TEMP_0,CPU_TEMP_1,CPU_TEMP_2,CPU_TEMP_3,CPU_TEMP_4,CPU_TEMP_5,CPU_TEMP_6,CPU_TEMP_7,CPU_TEMP_8,CPU_TEMP_9,CPU_USAGE_0,CPU_USAGE_1,CPU_USAGE_2,CPU_USAGE_3,CPU_USAGE_4,CPU_USAGE_5,CPU_USAGE_6,CPU_USAGE_7,SYSTEM_POWER (Watts),TOTAL_MEMORY,TOTAL_SWAP,USED_MEMORY,USED_SWAP
0,1760621061570,3228,3228,3228,3228,3228,3228,3228,3228,54.26308822631836,53.50333786010742,52.581031799316406,54.090065002441406,53.69329833984375,53.33278274536133,55.01885986328125,51.18532180786133,52.199649810791016,52.440956115722656,100,50,NaN,0,0,0,0,0,3.080213785171509,17179869184,2147483648,7703511040,964231168
209,1760621061571,3228,3228,3228,3228,3228,3228,3228,3228,54.26308822631836,53.50333786010742,52.581031799316406,54.090065002441406,53.69329833984375,53.33278274536133,55.01885986328125,51.18532180786133,52.199649810791016,52.440956115722656,0,NaN,50,100,0,0,0,0,3.080213785171509,17179869184,2147483648,7704952832,964231168
204,1760621061781,3228,3228,3228,3228,3228,3228,3228,3228,54.26308822631836,53.50333786010742,52.581031799316406,54.090065002441406,53.69329833984375,53.33278274536133,55.01885986328125,51.18532180786133,52.199649810791016,52.440956115722656,57.142860412597656,40.90909194946289,90,52.38095474243164,17.39130401611328,5,9.523809432983398,4.761904716491699,3.5590264797210693,17179869184,2147483648,7795195904,964231168
9,1760621061986,3228,3228,3228,3228,3228,3228,3228,3228,54.26308822631836,53.50333786010742,52.581031799316406,54.090065002441406,53.69329833984375,53.33278274536133,55.01885986328125,51.18532180786133,52.199649810791016,52.440956115722656,65,50,9.523809432983398,10,36.842105865478516,9.090909004211426,0,0,3.5590264797210693,17179869184,2147483648,7795195904,964231168
