Delta,Time,CPU_FREQUENCY_0,CPU_FREQUENCY_1,CPU_FREQUENCY_2,CPU_FREQUENCY_3,CPU_FREQUENCY_4,CPU_FREQUENCY_5,CPU_FREQUENCY_6,CPU_FREQUENCY_7,CPU_TEMP_0,CPU_TEMP_1,CPU_TEMP_2,CPU_TEMP_3,CPU_TEMP_4,CPU_TEMP_5,CPU_TEMP_6,CPU_TEMP_7,CPU_TEMP_8,CPU_TEMP_9,CPU_USAGE_0,CPU_USAGE_1,CPU_USAGE_2,CPU_USAGE_3,CPU_USAGE_4,CPU_USAGE_5,CPU_USAGE_6,CPU_USAGE_7,SYSTEM_POWER (Watts),TOTAL_MEMORY,TOTAL_SWAP,USED_MEMORY,USED_SWAP
0,1760651718279,3228,3228,3228,3228,3228,3228,3228,3228,55.41643524169922,54.726158142089844,53.94750213623047,54.78022766113281,54.669036865234375,53.614925384521484,56.07741928100586,52.357452392578125,53.34746551513672,52.879066467285156,0,0,50,NaN,0,0,0,0,2.993582248687744,17179869184,2147483648,6978125824,897122304
209,1760651718279,3228,3228,3228,3228,3228,3228,3228,3228,55.41643524169922,54.726158142089844,53.94750213623047,54.78022766113281,54.669036865234375,53.614925384521484,56.07741928100586,52.357452392578125,53.34746551513672,52.879066467285156,NaN,100,100,0,100,NaN,0,0,2.993582248687744,17179869184,2147483648,6978125824,897122304
207,1760651718490,3228,3228,3228,3228,3228,3228,3228,3228,55.41643524169922,54.726158142089844,53.94750213623047,54.78022766113281,54.669036865234375,53.614925384521484,56.07741928100586,52.357452392578125,53.34746551513672,52.879066467285156,57.142860412597656,38.095237731933594,28.571430206298828,95.23809814453125,14.285715103149414,9.090909004211426,13.636363983154297,0,2.993582248687744,17179869184,2147483648,6978125824,897122304
209,1760651718697,3228,3228,3228,3228,3228,3228,3228,3228,55.41643524169922,54.726158142089844,53.94750213623047,54.78022766113281,54.669036865234375,53.614925384521484,56.07741928100586,52.357452392578125,53.34746551513672,52.879066467285156,80.95238494873047,35,33.333335876464844,61.904762268066406,4.761904716491699,5,0,0,3.5238330364227295,17179869184,2147483648,6978125824,897122304
9,1760651718907,3228,3228,3228,3228,3228,3228,3228,3228,55.41643524169922,54.726158142089844,53.94750213623047,54.78022766113281,54.669036865234375,53.614925384521484,56.07741928100586,52.357452392578125,53.34746551513672,52.879066467285156,66.66667175292969,61.904762268066406,40,0,0,4.545454502105713,0,0,3.5238330364227295,17179869184,2147483648,6991069184,897122304
