Delta,Time,CPU_FREQUENCY_0,CPU_FREQUENCY_1,CPU_FREQUENCY_2,CPU_FREQUENCY_3,CPU_FREQUENCY_4,CPU_FREQUENCY_5,CPU_FREQUENCY_6,CPU_FREQUENCY_7,CPU_TEMP_0,CPU_TEMP_1,CPU_TEMP_2,CPU_TEMP_3,CPU_TEMP_4,CPU_TEMP_5,CPU_TEMP_6,CPU_TEMP_7,CPU_TEMP_8,CPU_TEMP_9,CPU_USAGE_0,CPU_USAGE_1,CPU_USAGE_2,CPU_USAGE_3,CPU_USAGE_4,CPU_USAGE_5,CPU_USAGE_6,CPU_USAGE_7,SYSTEM_POWER (Watts),TOTAL_MEMORY,TOTAL_SWAP,USED_MEMORY,USED_SWAP
0,1760624864567,3228,3228,3228,3228,3228,3228,3228,3228,55.97002029418945,55.74626541137695,54.49700164794922,55.68623733520508,55.892127990722656,54.81304931640625,56.07437515258789,53.165191650390625,53.97207260131836,54.146644592285156,100,100,50,0,0,0,0,0,2.9575870037078857,17179869184,2147483648,7566409728,947453952
209,1760624864567,3228,3228,3228,3228,3228,3228,3228,3228,55.97002029418945,55.74626541137695,54.49700164794922,55.68623733520508,55.892127990722656,54.81304931640625,56.07437515258789,53.165191650390625,53.97207260131836,54.146644592285156,50,100,0,NaN,0,0,0,0,2.9575870037078857,17179869184,2147483648,7566409728,947453952
209,1760624864777,3228,3228,3228,3228,3228,3228,3228,3228,55.97002029418945,55.74626541137695,54.49700164794922,55.68623733520508,55.892127990722656,54.81304931640625,56.07437515258789,53.165191650390625,53.97207260131836,54.146644592285156,71.42857360839844,61.904762268066406,70,23.809524536132813,0,4.761904716491699,0,0,3.244408130645752,17179869184,2147483648,7566409728,947453952
8,1760624864987,3228,3228,3228,3228,3228,3228,3228,3228,55.97002029418945,55.74626541137695,54.49700164794922,55.68623733520508,55.892127990722656,54.81304931640625,56.07437515258789,53.165191650390625,53.97207260131836,54.146644592285156,55,50,42.85714340209961,18.18181800842285,0,0,0,0,3.244408130645752,17179869184,2147483648,7566409728,947453952
