Delta,Time,CPU_FREQUENCY_0,CPU_FREQUENCY_1,CPU_FREQUENCY_2,CPU_FREQUENCY_3,CPU_FREQUENCY_4,CPU_FREQUENCY_5,CPU_FREQUENCY_6,CPU_FREQUENCY_7,CPU_TEMP_0,CPU_TEMP_1,CPU_TEMP_2,CPU_TEMP_3,CPU_TEMP_4,CPU_TEMP_5,CPU_TEMP_6,CPU_TEMP_7,CPU_TEMP_8,CPU_TEMP_9,CPU_USAGE_0,CPU_USAGE_1,CPU_USAGE_2,CPU_USAGE_3,CPU_USAGE_4,CPU_USAGE_5,CPU_USAGE_6,CPU_USAGE_7,SYSTEM_POWER (Watts),TOTAL_MEMORY,TOTAL_SWAP,USED_MEMORY,USED_SWAP
0,1760625653013,3228,3228,3228,3228,3228,3228,3228,3228,57.28876876831055,57.77729415893555,55.94879913330078,57.86106491088867,57.07685089111328,56.96348190307617,58.03499984741211,54.750362396240234,55.33102035522461,55.89787292480469,100,100,50,0,100,0,NaN,0,9.472993850708008,17179869184,2147483648,6873235456,947453952
209,1760625653013,3228,3228,3228,3228,3228,3228,3228,3228,57.28876876831055,57.77729415893555,55.94879913330078,57.86106491088867,57.07685089111328,56.96348190307617,58.03499984741211,54.750362396240234,55.33102035522461,55.89787292480469,NaN,100,100,100,100,100,50,100,9.472993850708008,17179869184,2147483648,6875922432,947453952
206,1760625653223,3228,3228,3228,3228,3228,3228,3228,3228,58.39604568481445,58.4794807434082,57.063072204589844,60.511756896972656,59.17073059082031,59.13148880004883,60.05384063720703,56.61871337890625,56.323387145996094,56.79913330078125,100,100,50,42.85714340209961,30.000001907348633,47.619049072265625,20,15.000000953674316,9.472993850708008,17179869184,2147483648,6924599296,947453952
10,1760625653430,3228,3228,3228,3228,3228,3228,3228,3228,58.39604568481445,58.4794807434082,57.063072204589844,60.511756896972656,59.17073059082031,59.13148880004883,60.05384063720703,56.61871337890625,56.323387145996094,56.79913330078125,100,100,42.85714340209961,33.333335876464844,22.72727394104004,22.72727394104004,23.809524536132813,15.000000953674316,9.472993850708008,17179869184,2147483648,6861602816,947453952
