Delta,Time,CPU_FREQUENCY_0,CPU_FREQUENCY_1,CPU_FREQUENCY_2,CPU_FREQUENCY_3,CPU_FREQUENCY_4,CPU_FREQUENCY_5,CPU_FREQUENCY_6,CPU_FREQUENCY_7,CPU_TEMP_0,CPU_TEMP_1,CPU_TEMP_2,CPU_TEMP_3,CPU_TEMP_4,CPU_TEMP_5,CPU_TEMP_6,CPU_TEMP_7,CPU_TEMP_8,CPU_TEMP_9,CPU_USAGE_0,CPU_USAGE_1,CPU_USAGE_2,CPU_USAGE_3,CPU_USAGE_4,CPU_USAGE_5,CPU_USAGE_6,CPU_USAGE_7,SYSTEM_POWER (Watts),TOTAL_MEMORY,TOTAL_SWAP,USED_MEMORY,USED_SWAP
0,1760622958723,3228,3228,3228,3228,3228,3228,3228,3228,56.5407829284668,56.2115592956543,54.479026794433594,55.90200424194336,55.626075744628906,54.7421875,55.64887619018555,52.896812438964844,54.1053581237793,54.016143798828125,NaN,100,NaN,50,0,0,0,0,3.2837467193603516,17179869184,2147483648,7649640448,955842560
209,1760622958723,3228,3228,3228,3228,3228,3228,3228,3228,56.5407829284668,56.2115592956543,54.479026794433594,55.90200424194336,55.626075744628906,54.7421875,55.64887619018555,52.896812438964844,54.1053581237793,54.016143798828125,0,0,50,NaN,100,50,0,0,3.2837467193603516,17179869184,2147483648,7649640448,955842560
209,1760622958933,3228,3228,3228,3228,3228,3228,3228,3228,56.5407829284668,56.2115592956543,54.479026794433594,55.90200424194336,55.626075744628906,54.7421875,55.64887619018555,52.896812438964844,54.1053581237793,54.016143798828125,40.90909194946289,54.54545593261719,52.38095474243164,52.38095474243164,45,14.285715103149414,4.545454502105713,9.523809432983398,3.2837467193603516,17179869184,2147483648,7649640448,955842560
7,1760622959143,3228,3228,3228,3228,3228,3228,3228,3228,57.956993103027344,56.51725769042969,55.07111358642578,57.37444305419922,58.02702331542969,58.61539840698242,55.938228607177734,53.29359436035156,54.74592590332031,55.11686706542969,47.619049072265625,55,0,0,57.142860412597656,0,0,0,3.2837467193603516,17179869184,2147483648,7649640448,955842560
