Delta,Time,CPU_FREQUENCY_0,CPU_FREQUENCY_1,CPU_FREQUENCY_2,CPU_FREQUENCY_3,CPU_FREQUENCY_4,CPU_FREQUENCY_5,CPU_FREQUENCY_6,CPU_FREQUENCY_7,CPU_TEMP_0,CPU_TEMP_1,CPU_TEMP_2,CPU_TEMP_3,CPU_TEMP_4,CPU_TEMP_5,CPU_TEMP_6,CPU_TEMP_7,CPU_TEMP_8,CPU_TEMP_9,CPU_USAGE_0,CPU_USAGE_1,CPU_USAGE_2,CPU_USAGE_3,CPU_USAGE_4,CPU_USAGE_5,CPU_USAGE_6,CPU_USAGE_7,SYSTEM_POWER (Watts),TOTAL_MEMORY,TOTAL_SWAP,USED_MEMORY,USED_SWAP
0,1760620666161,3228,3228,3228,3228,3228,3228,3228,3228,55.63846969604492,54.664451599121094,53.763671875,54.58056640625,54.35221862792969,53.78889083862305,55.79822540283203,52.40225601196289,53.24770736694336,53.23871612548828,NaN,100,NaN,NaN,0,0,0,0,3.3839664459228516,17179869184,2147483648,7468187648,964231168
209,1760620666161,3228,3228,3228,3228,3228,3228,3228,3228,55.63846969604492,54.664451599121094,53.763671875,54.58056640625,54.35221862792969,53.78889083862305,55.79822540283203,52.40225601196289,53.24770736694336,53.23871612548828,100,50,0,100,0,0,0,0,3.3839664459228516,17179869184,2147483648,7468187648,964231168
10,1760620666371,3228,3228,3228,3228,3228,3228,3228,3228,55.93107223510742,54.79608917236328,54.11768341064453,55.179443359375,54.48261260986328,53.97760772705078,55.6921501159668,52.46432876586914,53.34608840942383,53.371490478515625,55,47.619049072265625,57.142860412597656,33.333335876464844,0,14.285715103149414,0,0,3.3839664459228516,17179869184,2147483648,7468187648,964231168
