Delta,Time,CPU_FREQUENCY_0,CPU_FREQUENCY_1,CPU_FREQUENCY_2,CPU_FREQUENCY_3,CPU_FREQUENCY_4,CPU_FREQUENCY_5,CPU_FREQUENCY_6,CPU_FREQUENCY_7,CPU_TEMP_0,CPU_TEMP_1,CPU_TEMP_2,CPU_TEMP_3,CPU_TEMP_4,CPU_TEMP_5,CPU_TEMP_6,CPU_TEMP_7,CPU_TEMP_8,CPU_TEMP_9,CPU_USAGE_0,CPU_USAGE_1,CPU_USAGE_2,CPU_USAGE_3,CPU_USAGE_4,CPU_USAGE_5,CPU_USAGE_6,CPU_USAGE_7,SYSTEM_POWER (Watts),TOTAL_MEMORY,TOTAL_SWAP,USED_MEMORY,USED_SWAP
0,1760644274686,3228,3228,3228,3228,3228,3228,3228,3228,57.18914794921875,55.84439468383789,55.33738708496094,56.588829040527344,56.041831970214844,55.545616149902344,57.201358795166016,53.87912368774414,53.95518112182617,54.5657958984375,0,0,0,NaN,100,0,0,0,3.9282338619232178,17179869184,2147483648,7107280896,905510912
200,1760644274686,3228,3228,3228,3228,3228,3228,3228,3228,57.18914794921875,55.84439468383789,55.33738708496094,56.588829040527344,56.041831970214844,55.545616149902344,57.201358795166016,53.87912368774414,53.95518112182617,54.5657958984375,0,0,100,100,50,0,0,0,3.9282338619232178,17179869184,2147483648,7105708032,905510912
208,1760644274886,3228,3228,3228,3228,3228,3228,3228,3228,57.18914794921875,55.84439468383789,55.33738708496094,56.588829040527344,56.041831970214844,55.545616149902344,57.201358795166016,53.87912368774414,53.95518112182617,54.5657958984375,21.052631378173828,21.052631378173828,95,71.42857360839844,25,10.526315689086914,5,0,3.9282338619232178,17179869184,2147483648,7169540096,905510912
6,1760644275095,3228,3228,3228,3228,3228,3228,3228,3228,59.08692169189453,56.50791931152344,57.349159240722656,60.37508010864258,58.890419006347656,57.90597915649414,58.15848922729492,55.147342681884766,54.62793731689453,55.781471252441406,33.333335876464844,27.272727966308594,76.19047546386719,25,0,4.761904716491699,0,0,3.9282338619232178,17179869184,2147483648,7090995200,905510912
