Delta,Time,CPU_FREQUENCY_0,CPU_FREQUENCY_1,CPU_FREQUENCY_2,CPU_FREQUENCY_3,CPU_FREQUENCY_4,CPU_FREQUENCY_5,CPU_FREQUENCY_6,CPU_FREQUENCY_7,CPU_TEMP_0,CPU_TEMP_1,CPU_TEMP_2,CPU_TEMP_3,CPU_TEMP_4,CPU_TEMP_5,CPU_TEMP_6,CPU_TEMP_7,CPU_TEMP_8,CPU_TEMP_9,CPU_USAGE_0,CPU_USAGE_1,CPU_USAGE_2,CPU_USAGE_3,CPU_USAGE_4,CPU_USAGE_5,CPU_USAGE_6,CPU_USAGE_7,SYSTEM_POWER (Watts),TOTAL_MEMORY,TOTAL_SWAP,USED_MEMORY,USED_SWAP
0,1760633904543,3228,3228,3228,3228,3228,3228,3228,3228,55.875553131103516,55.42475509643555,54.641387939453125,55.96508026123047,55.68717956542969,54.74101638793945,56.41976547241211,52.94832229614258,53.85017013549805,54.239402770996094,100,100,0,100,0,0,0,0,5.251035213470459,17179869184,2147483648,8486420480,922288128
209,1760633904543,3228,3228,3228,3228,3228,3228,3228,3228,55.875553131103516,55.42475509643555,54.641387939453125,55.96508026123047,55.68717956542969,54.74101638793945,56.41976547241211,52.94832229614258,53.85017013549805,54.239402770996094,100,100,100,100,0,NaN,0,0,5.251035213470459,17179869184,2147483648,8486420480,922288128
209,1760633904753,3228,3228,3228,3228,3228,3228,3228,3228,55.875553131103516,55.42475509643555,54.641387939453125,55.96508026123047,55.68717956542969,54.74101638793945,56.41976547241211,52.94832229614258,53.85017013549805,54.239402770996094,60.000003814697266,61.904762268066406,27.272727966308594,20,66.66667175292969,0,0,0,5.662860870361328,17179869184,2147483648,8486420480,922288128
208,1760633904963,3228,3228,3228,3228,3228,3228,3228,3228,55.875553131103516,55.42475509643555,54.641387939453125,55.96508026123047,55.68717956542969,54.74101638793945,56.41976547241211,52.94832229614258,53.85017013549805,54.239402770996094,71.42857360839844,85,71.42857360839844,31.81818199157715,0,4.545454502105713,0,0,5.662860870361328,17179869184,2147483648,8486420480,922288128
8,1760633905171,3228,3228,3228,3228,3228,3228,3228,3228,58.624454498291016,56.8426628112793,57.0828857421875,60.565643310546875,60.120323181152344,59.95049285888672,58.113765716552734,55.087337493896484,55.25631332397461,56.372520446777344,47.619049072265625,57.142860412597656,61.904762268066406,40,45,5,5,4.761904716491699,5.662860870361328,17179869184,2147483648,8486567936,922288128
