Delta,Time,CPU_FREQUENCY_0,CPU_FREQUENCY_1,CPU_FREQUENCY_2,CPU_FREQUENCY_3,CPU_FREQUENCY_4,CPU_FREQUENCY_5,CPU_FREQUENCY_6,CPU_FREQUENCY_7,CPU_TEMP_0,CPU_TEMP_1,CPU_TEMP_2,CPU_TEMP_3,CPU_TEMP_4,CPU_TEMP_5,CPU_TEMP_6,CPU_TEMP_7,CPU_TEMP_8,CPU_TEMP_9,CPU_USAGE_0,CPU_USAGE_1,CPU_USAGE_2,CPU_USAGE_3,CPU_USAGE_4,CPU_USAGE_5,CPU_USAGE_6,CPU_USAGE_7,SYSTEM_POWER (Watts),TOTAL_MEMORY,TOTAL_SWAP,USED_MEMORY,USED_SWAP
0,1760634965384,3228,3228,3228,3228,3228,3228,3228,3228,54.039249420166016,52.574039459228516,52.36529541015625,54.220481872558594,53.567474365234375,52.3283576965332,53.733482360839844,50.787654876708984,51.48387908935547,52.07444763183594,100,NaN,NaN,0,0,0,0,0,2.964893102645874,17179869184,2147483648,9023733760,922288128
208,1760634965384,3228,3228,3228,3228,3228,3228,3228,3228,54.039249420166016,52.574039459228516,52.36529541015625,54.220481872558594,53.567474365234375,52.3283576965332,53.733482360839844,50.787654876708984,51.48387908935547,52.07444763183594,0,66.66667175292969,0,100,0,0,0,0,2.964893102645874,17179869184,2147483648,9023733760,922288128
201,1760634965593,3228,3228,3228,3228,3228,3228,3228,3228,54.039249420166016,52.574039459228516,52.36529541015625,54.220481872558594,53.567474365234375,52.3283576965332,53.733482360839844,50.787654876708984,51.48387908935547,52.07444763183594,73.68421173095703,70,4.761904716491699,95.23809814453125,0,0,0,0,3.606966972351074,17179869184,2147483648,9023733760,922288128
9,1760634965794,3228,3228,3228,3228,3228,3228,3228,3228,54.039249420166016,52.574039459228516,52.36529541015625,54.220481872558594,53.567474365234375,52.3283576965332,53.733482360839844,50.787654876708984,51.48387908935547,52.07444763183594,47.619049072265625,60.000003814697266,10,45,0,5,0,0,3.606966972351074,17179869184,2147483648,9023733760,922288128
