Delta,Time,CPU_FREQUENCY_0,CPU_FREQUENCY_1,CPU_FREQUENCY_2,CPU_FREQUENCY_3,CPU_FREQUENCY_4,CPU_FREQUENCY_5,CPU_FREQUENCY_6,CPU_FREQUENCY_7,CPU_TEMP_0,CPU_TEMP_1,CPU_TEMP_2,CPU_TEMP_3,CPU_TEMP_4,CPU_TEMP_5,CPU_TEMP_6,CPU_TEMP_7,CPU_TEMP_8,CPU_TEMP_9,CPU_USAGE_0,CPU_USAGE_1,CPU_USAGE_2,CPU_USAGE_3,CPU_USAGE_4,CPU_USAGE_5,CPU_USAGE_6,CPU_USAGE_7,SYSTEM_POWER (Watts),TOTAL_MEMORY,TOTAL_SWAP,USED_MEMORY,USED_SWAP
0,1760634750502,3228,3228,3228,3228,3228,3228,3228,3228,55.09316635131836,53.656455993652344,53.01935577392578,54.69942092895508,54.55165100097656,53.2120246887207,54.565364837646484,52.04052734375,52.60270690917969,52.506980895996094,0,NaN,50,0,50,0,0,0,3.4578487873077393,17179869184,2147483648,8914026496,922288128
206,1760634750503,3228,3228,3228,3228,3228,3228,3228,3228,55.09316635131836,53.656455993652344,53.01935577392578,54.69942092895508,54.55165100097656,53.2120246887207,54.565364837646484,52.04052734375,52.60270690917969,52.506980895996094,NaN,50,NaN,100,0,0,0,0,3.4578487873077393,17179869184,2147483648,8914026496,922288128
202,1760634750709,3228,3228,3228,3228,3228,3228,3228,3228,55.09316635131836,53.656455993652344,53.01935577392578,54.69942092895508,54.55165100097656,53.2120246887207,54.565364837646484,52.04052734375,52.60270690917969,52.506980895996094,50,52.6315803527832,0,9.523809432983398,85.71428680419922,0,0,0,3.043468952178955,17179869184,2147483648,8914026496,922288128
209,1760634750912,3228,3228,3228,3228,3228,3228,3228,3228,55.09316635131836,53.656455993652344,53.01935577392578,54.69942092895508,54.55165100097656,53.2120246887207,54.565364837646484,52.04052734375,52.60270690917969,52.506980895996094,70,70,35,52.6315803527832,15.000000953674316,0,0,0,3.043468952178955,17179869184,2147483648,8914026496,922288128
6,1760634751122,3228,3228,3228,3228,3228,3228,3228,3228,57.30207061767578,54.5162239074707,54.666954040527344,57.42042541503906,58.285980224609375,57.61283874511719,55.19730758666992,53.01470184326172,53.792171478271484,54.300262451171875,55,45.45454788208008,66.66667175292969,9.523809432983398,0,8.69565200805664,0,0,3.043468952178955,17179869184,2147483648,8929214464,922288128
