Delta,Time,CPU_FREQUENCY_0,CPU_FREQUENCY_1,CPU_FREQUENCY_2,CPU_FREQUENCY_3,CPU_FREQUENCY_4,CPU_FREQUENCY_5,CPU_FREQUENCY_6,CPU_FREQUENCY_7,CPU_TEMP_0,CPU_TEMP_1,CPU_TEMP_2,CPU_TEMP_3,CPU_TEMP_4,CPU_TEMP_5,CPU_TEMP_6,CPU_TEMP_7,CPU_TEMP_8,CPU_TEMP_9,CPU_USAGE_0,CPU_USAGE_1,CPU_USAGE_2,CPU_USAGE_3,CPU_USAGE_4,CPU_USAGE_5,CPU_USAGE_6,CPU_USAGE_7,SYSTEM_POWER (Watts),TOTAL_MEMORY,TOTAL_SWAP,USED_MEMORY,USED_SWAP
0,1760641337319,3228,3228,3228,3228,3228,3228,3228,3228,59.55933380126953,58.298927307128906,57.88688659667969,59.87666320800781,59.30003356933594,57.867244720458984,59.58297348022461,56.68233108520508,56.56633377075195,57.20873260498047,50,NaN,0,NaN,0,0,0,0,4.046875953674316,17179869184,2147483648,8123088896,905510912
209,1760641337319,3228,3228,3228,3228,3228,3228,3228,3228,59.55933380126953,58.298927307128906,57.88688659667969,59.87666320800781,59.30003356933594,57.867244720458984,59.58297348022461,56.68233108520508,56.56633377075195,57.20873260498047,NaN,50,100,50,100,NaN,50,0,4.046875953674316,17179869184,2147483648,8124104704,905510912
10,1760641337530,3228,3228,3228,3228,3228,3228,3228,3228,59.55933380126953,58.298927307128906,57.88688659667969,59.87666320800781,59.30003356933594,57.867244720458984,59.58297348022461,56.68233108520508,56.56633377075195,57.20873260498047,14.285715103149414,14.285715103149414,50,47.619049072265625,33.333335876464844,9.090909004211426,0,0,4.046875953674316,17179869184,2147483648,8114946048,905510912
