Delta,Time,CPU_FREQUENCY_0,CPU_FREQUENCY_1,CPU_FREQUENCY_2,CPU_FREQUENCY_3,CPU_FREQUENCY_4,CPU_FREQUENCY_5,CPU_FREQUENCY_6,CPU_FREQUENCY_7,CPU_TEMP_0,CPU_TEMP_1,CPU_TEMP_2,CPU_TEMP_3,CPU_TEMP_4,CPU_TEMP_5,CPU_TEMP_6,CPU_TEMP_7,CPU_TEMP_8,CPU_TEMP_9,CPU_USAGE_0,CPU_USAGE_1,CPU_USAGE_2,CPU_USAGE_3,CPU_USAGE_4,CPU_USAGE_5,CPU_USAGE_6,CPU_USAGE_7,SYSTEM_POWER (Watts),TOTAL_MEMORY,TOTAL_SWAP,USED_MEMORY,USED_SWAP
0,1760643272913,3228,3228,3228,3228,3228,3228,3228,3228,49.619781494140625,48.649261474609375,48.696502685546875,48.94132995605469,48.57978057861328,48.17124557495117,50.6425895690918,46.58423614501953,47.002349853515625,47.45032501220703,0,0,0,0,0,0,0,0,3.046238899230957,17179869184,2147483648,7115735040,905510912
209,1760643272913,3228,3228,3228,3228,3228,3228,3228,3228,49.619781494140625,48.649261474609375,48.696502685546875,48.94132995605469,48.57978057861328,48.17124557495117,50.6425895690918,46.58423614501953,47.002349853515625,47.45032501220703,100,100,0,100,0,0,0,0,3.046238899230957,17179869184,2147483648,7115735040,905510912
199,1760643273123,3228,3228,3228,3228,3228,3228,3228,3228,50.96257019042969,49.39649200439453,49.56737518310547,51.25337219238281,50.25377655029297,49.89407730102539,51.71178436279297,47.879844665527344,47.647823333740234,48.24150848388672,40,76.19047546386719,47.619049072265625,28.571430206298828,28.571430206298828,0,0,0,3.046238899230957,17179869184,2147483648,7115735040,905510912
11,1760643273323,3228,3228,3228,3228,3228,3228,3228,3228,50.96257019042969,49.39649200439453,49.56737518310547,51.25337219238281,50.25377655029297,49.89407730102539,51.71178436279297,47.879844665527344,47.647823333740234,48.24150848388672,65,60.000003814697266,0,0,15.000000953674316,9.523809432983398,0,0,3.046238899230957,17179869184,2147483648,7115735040,905510912
