Delta,Time,CPU_FREQUENCY_0,CPU_FREQUENCY_1,CPU_FREQUENCY_2,CPU_FREQUENCY_3,CPU_FREQUENCY_4,CPU_FREQUENCY_5,CPU_FREQUENCY_6,CPU_FREQUENCY_7,CPU_TEMP_0,CPU_TEMP_1,CPU_TEMP_2,CPU_TEMP_3,CPU_TEMP_4,CPU_TEMP_5,CPU_TEMP_6,CPU_TEMP_7,CPU_TEMP_8,CPU_TEMP_9,CPU_USAGE_0,CPU_USAGE_1,CPU_USAGE_2,CPU_USAGE_3,CPU_USAGE_4,CPU_USAGE_5,CPU_USAGE_6,CPU_USAGE_7,SYSTEM_POWER (Watts),TOTAL_MEMORY,TOTAL_SWAP,USED_MEMORY,USED_SWAP
0,1760655160957,3228,3228,3228,3228,3228,3228,3228,3228,55.73994064331055,56.18875503540039,54.81074523925781,56.01350021362305,55.135467529296875,54.4287223815918,56.288421630859375,52.91893005371094,54.24863052368164,53.697959899902344,0,0,66.66667175292969,0,0,0,0,0,6.084934234619141,17179869184,2147483648,7261405184,897122304
209,1760655160957,3228,3228,3228,3228,3228,3228,3228,3228,55.73994064331055,56.18875503540039,54.81074523925781,56.01350021362305,55.135467529296875,54.4287223815918,56.288421630859375,52.91893005371094,54.24863052368164,53.697959899902344,NaN,100,NaN,NaN,100,0,0,0,6.084934234619141,17179869184,2147483648,7263059968,897122304
209,1760655161167,3228,3228,3228,3228,3228,3228,3228,3228,57.326446533203125,56.745235443115234,56.15190887451172,59.14726638793945,57.05059051513672,56.54783630371094,57.43540573120117,54.57228088378906,55.31941604614258,54.61524200439453,61.904762268066406,57.142860412597656,100,61.904762268066406,10,13.636363983154297,4.761904716491699,0,6.084934234619141,17179869184,2147483648,7263059968,897122304
8,1760655161377,3228,3228,3228,3228,3228,3228,3228,3228,57.326446533203125,56.745235443115234,56.15190887451172,59.14726638793945,57.05059051513672,56.54783630371094,57.43540573120117,54.57228088378906,55.31941604614258,54.61524200439453,66.66667175292969,65,72.7272720336914,36.3636360168457,27.272727966308594,20,4.761904716491699,9.090909004211426,6.084934234619141,17179869184,2147483648,7263059968,897122304
