Delta,Time,CPU_FREQUENCY_0,CPU_FREQUENCY_1,CPU_FREQUENCY_2,CPU_FREQUENCY_3,CPU_FREQUENCY_4,CPU_FREQUENCY_5,CPU_FREQUENCY_6,CPU_FREQUENCY_7,CPU_TEMP_0,CPU_TEMP_1,CPU_TEMP_2,CPU_TEMP_3,CPU_TEMP_4,CPU_TEMP_5,CPU_TEMP_6,CPU_TEMP_7,CPU_TEMP_8,CPU_TEMP_9,CPU_USAGE_0,CPU_USAGE_1,CPU_USAGE_2,CPU_USAGE_3,CPU_USAGE_4,CPU_USAGE_5,CPU_USAGE_6,CPU_USAGE_7,SYSTEM_POWER (Watts),TOTAL_MEMORY,TOTAL_SWAP,USED_MEMORY,USED_SWAP
0,1760634904023,3228,3228,3228,3228,3228,3228,3228,3228,52.580535888671875,51.34477996826172,51.317771911621094,52.35151672363281,52.00550842285156,50.91120910644531,52.17999267578125,49.3913459777832,50.275997161865234,50.323150634765625,100,0,0,0,0,0,0,0,3.3698365688323975,17179869184,2147483648,8999616512,922288128
204,1760634904023,3228,3228,3228,3228,3228,3228,3228,3228,52.580535888671875,51.34477996826172,51.317771911621094,52.35151672363281,52.00550842285156,50.91120910644531,52.17999267578125,49.3913459777832,50.275997161865234,50.323150634765625,0,100,NaN,100,0,0,0,0,3.3698365688323975,17179869184,2147483648,8999616512,922288128
204,1760634904227,3228,3228,3228,3228,3228,3228,3228,3228,53.04497528076172,51.559993743896484,51.53485870361328,53.30105972290039,52.445823669433594,51.56826400756836,52.35210418701172,49.553611755371094,50.40705490112305,50.837867736816406,50,57.142860412597656,45,4.761904716491699,47.619049072265625,9.523809432983398,0,0,3.3698365688323975,17179869184,2147483648,8999616512,922288128
8,1760634904432,3228,3228,3228,3228,3228,3228,3228,3228,53.04497528076172,51.559993743896484,51.53485870361328,53.30105972290039,52.445823669433594,51.56826400756836,52.35210418701172,49.553611755371094,50.40705490112305,50.837867736816406,61.904762268066406,75,0,5,0,0,0,0,3.3698365688323975,17179869184,2147483648,8999616512,922288128
