Delta,Time,CPU_FREQUENCY_0,CPU_FREQUENCY_1,CPU_FREQUENCY_2,CPU_FREQUENCY_3,CPU_FREQUENCY_4,CPU_FREQUENCY_5,CPU_FREQUENCY_6,CPU_FREQUENCY_7,CPU_TEMP_0,CPU_TEMP_1,CPU_TEMP_2,CPU_TEMP_3,CPU_TEMP_4,CPU_TEMP_5,CPU_TEMP_6,CPU_TEMP_7,CPU_TEMP_8,CPU_TEMP_9,CPU_USAGE_0,CPU_USAGE_1,CPU_USAGE_2,CPU_USAGE_3,CPU_USAGE_4,CPU_USAGE_5,CPU_USAGE_6,CPU_USAGE_7,SYSTEM_POWER (Watts),TOTAL_MEMORY,TOTAL_SWAP,USED_MEMORY,USED_SWAP
0,1760635268724,3228,3228,3228,3228,3228,3228,3228,3228,55.4343147277832,53.59184265136719,53.06121826171875,54.757469177246094,54.808380126953125,53.507423400878906,54.92340850830078,52.09840774536133,53.31932067871094,53.288673400878906,0,100,50,0,0,0,0,0,3.1954095363616943,17179869184,2147483648,6872645632,922288128
204,1760635268724,3228,3228,3228,3228,3228,3228,3228,3228,55.4343147277832,53.59184265136719,53.06121826171875,54.757469177246094,54.808380126953125,53.507423400878906,54.92340850830078,52.09840774536133,53.31932067871094,53.288673400878906,100,50,0,100,0,100,0,0,3.1954095363616943,17179869184,2147483648,6872645632,922288128
204,1760635268929,3228,3228,3228,3228,3228,3228,3228,3228,55.4343147277832,53.59184265136719,53.06121826171875,54.757469177246094,54.808380126953125,53.507423400878906,54.92340850830078,52.09840774536133,53.31932067871094,53.288673400878906,66.66667175292969,63.15789031982422,52.38095474243164,42.85714340209961,0,4.761904716491699,0,0,3.1954095363616943,17179869184,2147483648,6872645632,922288128
8,1760635269134,3228,3228,3228,3228,3228,3228,3228,3228,56.559364318847656,54.10721206665039,54.11302185058594,56.98674774169922,56.69856262207031,54.630184173583984,55.546695709228516,52.988826751708984,53.587921142578125,53.770668029785156,30.000001907348633,19.047618865966797,25,0,0,0,0,0,3.1954095363616943,17179869184,2147483648,6872645632,922288128
