Delta,Time,CPU_FREQUENCY_0,CPU_FREQUENCY_1,CPU_FREQUENCY_2,CPU_FREQUENCY_3,CPU_FREQUENCY_4,CPU_FREQUENCY_5,CPU_FREQUENCY_6,CPU_FREQUENCY_7,CPU_TEMP_0,CPU_TEMP_1,CPU_TEMP_2,CPU_TEMP_3,CPU_TEMP_4,CPU_TEMP_5,CPU_TEMP_6,CPU_TEMP_7,CPU_TEMP_8,CPU_TEMP_9,CPU_USAGE_0,CPU_USAGE_1,CPU_USAGE_2,CPU_USAGE_3,CPU_USAGE_4,CPU_USAGE_5,CPU_USAGE_6,CPU_USAGE_7,SYSTEM_POWER (Watts),TOTAL_MEMORY,TOTAL_SWAP,USED_MEMORY,USED_SWAP
0,1760617847899,3228,3228,3228,3228,3228,3228,3228,3228,53.033695220947266,52.70176696777344,52.34709930419922,53.16044235229492,53.847991943359375,51.841739654541016,53.911529541015625,50.68384552001953,51.44985580444336,51.21625518798828,100,100,0,0,0,0,0,0,2.947366952896118,17179869184,2147483648,6893273088,981008384
209,1760617847899,3228,3228,3228,3228,3228,3228,3228,3228,53.033695220947266,52.70176696777344,52.34709930419922,53.16044235229492,53.847991943359375,51.841739654541016,53.911529541015625,50.68384552001953,51.44985580444336,51.21625518798828,0,0,100,NaN,NaN,0,0,0,2.947366952896118,17179869184,2147483648,6894665728,981008384
209,1760617848109,3228,3228,3228,3228,3228,3228,3228,3228,53.21369171142578,52.83071517944336,52.26091003417969,53.31578063964844,53.824676513671875,52.00017547607422,54.10493850708008,50.79917526245117,51.33122634887695,51.40418243408203,38.095237731933594,42.85714340209961,45.45454788208008,52.38095474243164,40.90909194946289,28.571430206298828,4.545454502105713,4.761904716491699,2.947366952896118,17179869184,2147483648,6956793856,981008384
209,1760617848319,3228,3228,3228,3228,3228,3228,3228,3228,53.21369171142578,52.83071517944336,52.26091003417969,53.31578063964844,53.824676513671875,52.00017547607422,54.10493850708008,50.79917526245117,51.33122634887695,51.40418243408203,66.66667175292969,38.095237731933594,30.000001907348633,71.42857360839844,0,0,0,0,2.947366952896118,17179869184,2147483648,6955597824,981008384
10,1760617848529,3228,3228,3228,3228,3228,3228,3228,3228,53.21369171142578,52.83071517944336,52.26091003417969,53.31578063964844,53.824676513671875,52.00017547607422,54.10493850708008,50.79917526245117,51.33122634887695,51.40418243408203,100,100,9.523809432983398,45.45454788208008,0,0,0,0,3.117044687271118,17179869184,2147483648,6897123328,981008384
