Delta,Time,CPU_FREQUENCY_0,CPU_FREQUENCY_1,CPU_FREQUENCY_2,CPU_FREQUENCY_3,CPU_FREQUENCY_4,CPU_FREQUENCY_5,CPU_FREQUENCY_6,CPU_FREQUENCY_7,CPU_TEMP_0,CPU_TEMP_1,CPU_TEMP_2,CPU_TEMP_3,CPU_TEMP_4,CPU_TEMP_5,CPU_TEMP_6,CPU_TEMP_7,CPU_TEMP_8,CPU_TEMP_9,CPU_USAGE_0,CPU_USAGE_1,CPU_USAGE_2,CPU_USAGE_3,CPU_USAGE_4,CPU_USAGE_5,CPU_USAGE_6,CPU_USAGE_7,SYSTEM_POWER (Watts),TOTAL_MEMORY,TOTAL_SWAP,USED_MEMORY,USED_SWAP
0,1760655466337,3228,3228,3228,3228,3228,3228,3228,3228,57.40211868286133,57.792449951171875,56.17461395263672,58.82265090942383,57.9678955078125,57.583683013916016,58.97050857543945,55.792579650878906,56.464332580566406,55.444068908691406,100,100,100,0,0,0,0,0,8.07801628112793,17179869184,2147483648,7400636416,897122304
209,1760655466337,3228,3228,3228,3228,3228,3228,3228,3228,57.40211868286133,57.792449951171875,56.17461395263672,58.82265090942383,57.9678955078125,57.583683013916016,58.97050857543945,55.792579650878906,56.464332580566406,55.444068908691406,100,NaN,0,0,0,0,0,0,8.07801628112793,17179869184,2147483648,7400636416,897122304
209,1760655466547,3228,3228,3228,3228,3228,3228,3228,3228,57.40211868286133,57.792449951171875,56.17461395263672,58.82265090942383,57.9678955078125,57.583683013916016,58.97050857543945,55.792579650878906,56.464332580566406,55.444068908691406,100,100,60.000003814697266,27.272727966308594,15.000000953674316,0,0,0,8.07801628112793,17179869184,2147483648,7400636416,897122304
12,1760655466758,3228,3228,3228,3228,3228,3228,3228,3228,57.40211868286133,57.792449951171875,56.17461395263672,58.82265090942383,57.9678955078125,57.583683013916016,58.97050857543945,55.792579650878906,56.464332580566406,55.444068908691406,100,100,13.636363983154297,0,0,0,0,0,9.335838317871094,17179869184,2147483648,7400636416,897122304
