Delta,Time,CPU_FREQUENCY_0,CPU_FREQUENCY_1,CPU_FREQUENCY_2,CPU_FREQUENCY_3,CPU_FREQUENCY_4,CPU_FREQUENCY_5,CPU_FREQUENCY_6,CPU_FREQUENCY_7,CPU_TEMP_0,CPU_TEMP_1,CPU_TEMP_2,CPU_TEMP_3,CPU_TEMP_4,CPU_TEMP_5,CPU_TEMP_6,CPU_TEMP_7,CPU_TEMP_8,CPU_TEMP_9,CPU_USAGE_0,CPU_USAGE_1,CPU_USAGE_2,CPU_USAGE_3,CPU_USAGE_4,CPU_USAGE_5,CPU_USAGE_6,CPU_USAGE_7,SYSTEM_POWER (Watts),TOTAL_MEMORY,TOTAL_SWAP,USED_MEMORY,USED_SWAP
0,1760638436096,3228,3228,3228,3228,3228,3228,3228,3228,56.90605163574219,56.108612060546875,55.65095520019531,57.601985931396484,56.17546844482422,55.16596984863281,56.782413482666016,53.92060852050781,55.071529388427734,55.11284637451172,NaN,0,0,0,0,0,0,NaN,3.5780508518218994,17179869184,2147483648,7508180992,913899520
209,1760638436096,3228,3228,3228,3228,3228,3228,3228,3228,57.60470962524414,56.653507232666016,55.65095520019531,57.601985931396484,57.539756774902344,56.46480941772461,57.739662170410156,54.82936096191406,55.52948760986328,55.643280029296875,100,NaN,NaN,NaN,NaN,0,NaN,0,3.5780508518218994,17179869184,2147483648,7508180992,913899520
204,1760638436306,3228,3228,3228,3228,3228,3228,3228,3228,57.60470962524414,56.653507232666016,55.65095520019531,57.601985931396484,57.539756774902344,56.46480941772461,57.739662170410156,54.82936096191406,55.52948760986328,55.643280029296875,61.904762268066406,71.42857360839844,54.54545593261719,36.3636360168457,9.523809432983398,0,0,0,3.5780508518218994,17179869184,2147483648,7508180992,913899520
10,1760638436510,3228,3228,3228,3228,3228,3228,3228,3228,57.60470962524414,56.653507232666016,55.65095520019531,57.601985931396484,57.539756774902344,56.46480941772461,57.739662170410156,54.82936096191406,55.52948760986328,55.643280029296875,55,61.904762268066406,0,50,5,0,0,0,3.5780508518218994,17179869184,2147483648,7508180992,913899520
