Delta,Time,CPU_FREQUENCY_0,CPU_FREQUENCY_1,CPU_FREQUENCY_2,CPU_FREQUENCY_3,CPU_FREQUENCY_4,CPU_FREQUENCY_5,CPU_FREQUENCY_6,CPU_FREQUENCY_7,CPU_TEMP_0,CPU_TEMP_1,CPU_TEMP_2,CPU_TEMP_3,CPU_TEMP_4,CPU_TEMP_5,CPU_TEMP_6,CPU_TEMP_7,CPU_TEMP_8,CPU_TEMP_9,CPU_USAGE_0,CPU_USAGE_1,CPU_USAGE_2,CPU_USAGE_3,CPU_USAGE_4,CPU_USAGE_5,CPU_USAGE_6,CPU_USAGE_7,SYSTEM_POWER (Watts),TOTAL_MEMORY,TOTAL_SWAP,USED_MEMORY,USED_SWAP
0,1760645881801,3228,3228,3228,3228,3228,3228,3228,3228,55.400577545166016,54.58570098876953,53.318809509277344,54.974422454833984,54.53269958496094,53.70984649658203,55.49512481689453,52.49028015136719,53.30002212524414,53.173065185546875,100,100,0,0,0,0,0,0,4.448530673980713,17179869184,2147483648,7428358144,905510912
209,1760645881801,3228,3228,3228,3228,3228,3228,3228,3228,55.400577545166016,54.58570098876953,53.318809509277344,54.974422454833984,54.53269958496094,53.70984649658203,55.49512481689453,52.49028015136719,53.30002212524414,53.173065185546875,100,100,0,100,0,0,0,0,4.448530673980713,17179869184,2147483648,7429406720,905510912
201,1760645882011,3228,3228,3228,3228,3228,3228,3228,3228,55.400577545166016,54.58570098876953,53.318809509277344,54.974422454833984,54.53269958496094,53.70984649658203,55.49512481689453,52.49028015136719,53.30002212524414,53.173065185546875,100,100,95.23809814453125,4.761904716491699,0,0,0,0,4.448530673980713,17179869184,2147483648,7496400896,905510912
9,1760645882212,3228,3228,3228,3228,3228,3228,3228,3228,56.02229309082031,55.0612907409668,54.64397430419922,57.38776397705078,54.59168243408203,54.099403381347656,56.22311019897461,53.58673858642578,53.7158317565918,53.545448303222656,89.47368621826172,90,73.68421173095703,25,19.047618865966797,15.000000953674316,10,0,4.448530673980713,17179869184,2147483648,7433502720,905510912
