Delta,Time,CPU_FREQUENCY_0,CPU_FREQUENCY_1,CPU_FREQUENCY_2,CPU_FREQUENCY_3,CPU_FREQUENCY_4,CPU_FREQUENCY_5,CPU_FREQUENCY_6,CPU_FREQUENCY_7,CPU_TEMP_0,CPU_TEMP_1,CPU_TEMP_2,CPU_TEMP_3,CPU_TEMP_4,CPU_TEMP_5,CPU_TEMP_6,CPU_TEMP_7,CPU_TEMP_8,CPU_TEMP_9,CPU_USAGE_0,CPU_USAGE_1,CPU_USAGE_2,CPU_USAGE_3,CPU_USAGE_4,CPU_USAGE_5,CPU_USAGE_6,CPU_USAGE_7,SYSTEM_POWER (Watts),TOTAL_MEMORY,TOTAL_SWAP,USED_MEMORY,USED_SWAP
0,1760617054014,3228,3228,3228,3228,3228,3228,3228,3228,56.439308166503906,56.078060150146484,55.23326110839844,57.30643844604492,56.78282165527344,55.617828369140625,57.360774993896484,53.588768005371094,54.043968200683594,54.149436950683594,NaN,0,NaN,50,0,0,0,0,3.7632267475128174,17179869184,2147483648,7218675712,981008384
209,1760617054015,3228,3228,3228,3228,3228,3228,3228,3228,56.439308166503906,56.078060150146484,55.23326110839844,57.30643844604492,56.78282165527344,55.617828369140625,57.360774993896484,53.588768005371094,54.043968200683594,54.149436950683594,50,0,50,0,NaN,100,50,0,3.7632267475128174,17179869184,2147483648,7218675712,981008384
209,1760617054224,3228,3228,3228,3228,3228,3228,3228,3228,56.439308166503906,56.078060150146484,55.23326110839844,57.30643844604492,56.78282165527344,55.617828369140625,57.360774993896484,53.588768005371094,54.043968200683594,54.149436950683594,28.571430206298828,30.000001907348633,80,35,77.2727279663086,15.000000953674316,5,4.761904716491699,3.7632267475128174,17179869184,2147483648,7218675712,981008384
209,1760617054434,3228,3228,3228,3228,3228,3228,3228,3228,56.439308166503906,56.078060150146484,55.23326110839844,57.30643844604492,56.78282165527344,55.617828369140625,57.360774993896484,53.588768005371094,54.043968200683594,54.149436950683594,55,54.54545593261719,86.36363983154297,66.66667175292969,23.809524536132813,9.090909004211426,4.545454502105713,4.761904716491699,4.630604267120361,17179869184,2147483648,7218675712,981008384
7,1760617054645,3228,3228,3228,3228,3228,3228,3228,3228,56.439308166503906,56.078060150146484,55.23326110839844,57.30643844604492,56.78282165527344,55.617828369140625,57.360774993896484,53.588768005371094,54.043968200683594,54.149436950683594,36.3636360168457,30.000001907348633,50,61.904762268066406,19.047618865966797,9.523809432983398,9.523809432983398,4.761904716491699,4.630604267120361,17179869184,2147483648,7231520768,981008384
