Delta,Time,CPU_FREQUENCY_0,CPU_FREQUENCY_1,CPU_FREQUENCY_2,CPU_FREQUENCY_3,CPU_FREQUENCY_4,CPU_FREQUENCY_5,CPU_FREQUENCY_6,CPU_FREQUENCY_7,CPU_TEMP_0,CPU_TEMP_1,CPU_TEMP_2,CPU_TEMP_3,CPU_TEMP_4,CPU_TEMP_5,CPU_TEMP_6,CPU_TEMP_7,CPU_TEMP_8,CPU_TEMP_9,CPU_USAGE_0,CPU_USAGE_1,CPU_USAGE_2,CPU_USAGE_3,CPU_USAGE_4,CPU_USAGE_5,CPU_USAGE_6,CPU_USAGE_7,SYSTEM_POWER (Watts),TOTAL_MEMORY,TOTAL_SWAP,USED_MEMORY,USED_SWAP
0,1760648575526,3228,3228,3228,3228,3228,3228,3228,3228,56.71509552001953,55.415836334228516,54.41138458251953,55.68095397949219,54.98444366455078,54.66360855102539,56.354576110839844,53.49791717529297,53.540767669677734,53.98176574707031,100,50,66.66667175292969,0,0,0,0,0,4.6277265548706055,17179869184,2147483648,7879720960,905510912
199,1760648575526,3228,3228,3228,3228,3228,3228,3228,3228,56.71509552001953,55.415836334228516,54.41138458251953,55.68095397949219,54.98444366455078,54.66360855102539,56.354576110839844,53.49791717529297,53.540767669677734,53.98176574707031,0,100,NaN,100,0,NaN,0,0,4.6277265548706055,17179869184,2147483648,7881687040,905510912
203,1760648575727,3228,3228,3228,3228,3228,3228,3228,3228,56.71509552001953,55.415836334228516,54.41138458251953,55.68095397949219,54.98444366455078,54.66360855102539,56.354576110839844,53.49791717529297,53.540767669677734,53.98176574707031,47.619049072265625,50,85,72.22222137451172,19.047618865966797,23.809524536132813,9.523809432983398,0,4.6277265548706055,17179869184,2147483648,7931920384,905510912
11,1760648575931,3228,3228,3228,3228,3228,3228,3228,3228,56.71509552001953,55.415836334228516,54.41138458251953,55.68095397949219,54.98444366455078,54.66360855102539,56.354576110839844,53.49791717529297,53.540767669677734,53.98176574707031,5.263157844543457,10,60.000003814697266,54.54545593261719,10,5,5,5,4.6277265548706055,17179869184,2147483648,7871791104,905510912
