Delta,Time,CPU_FREQUENCY_0,CPU_FREQUENCY_1,CPU_FREQUENCY_2,CPU_FREQUENCY_3,CPU_FREQUENCY_4,CPU_FREQUENCY_5,CPU_FREQUENCY_6,CPU_FREQUENCY_7,CPU_TEMP_0,CPU_TEMP_1,CPU_TEMP_2,CPU_TEMP_3,CPU_TEMP_4,CPU_TEMP_5,CPU_TEMP_6,CPU_TEMP_7,CPU_TEMP_8,CPU_TEMP_9,CPU_USAGE_0,CPU_USAGE_1,CPU_USAGE_2,CPU_USAGE_3,CPU_USAGE_4,CPU_USAGE_5,CPU_USAGE_6,CPU_USAGE_7,SYSTEM_POWER (Watts),TOTAL_MEMORY,TOTAL_SWAP,USED_MEMORY,USED_SWAP
0,1760623051500,3228,3228,3228,3228,3228,3228,3228,3228,54.807125091552734,54.371150970458984,52.814666748046875,54.36894226074219,53.7869873046875,53.226558685302734,54.594825744628906,51.67516326904297,51.98153305053711,52.70844268798828,100,50,0,0,0,0,0,0,2.9070799350738525,17179869184,2147483648,7700529152,955842560
209,1760623051501,3228,3228,3228,3228,3228,3228,3228,3228,54.807125091552734,54.371150970458984,52.814666748046875,54.36894226074219,53.7869873046875,53.226558685302734,54.594825744628906,51.67516326904297,51.98153305053711,52.70844268798828,0,NaN,0,100,0,0,0,0,2.9070799350738525,17179869184,2147483648,7701889024,955842560
209,1760623051710,3228,3228,3228,3228,3228,3228,3228,3228,54.807125091552734,54.371150970458984,52.814666748046875,54.36894226074219,53.7869873046875,53.226558685302734,54.594825744628906,51.67516326904297,51.98153305053711,52.70844268798828,76.19047546386719,59.09090805053711,47.619049072265625,4.761904716491699,42.85714340209961,5,0,0,3.1656312942504883,17179869184,2147483648,7777468416,955842560
10,1760623051921,3228,3228,3228,3228,3228,3228,3228,3228,54.807125091552734,54.371150970458984,52.814666748046875,54.36894226074219,53.7869873046875,53.226558685302734,54.594825744628906,51.67516326904297,51.98153305053711,52.70844268798828,42.85714340209961,57.142860412597656,4.761904716491699,0,40,0,0,0,3.1656312942504883,17179869184,2147483648,7706525696,955842560
