Delta,Time,CPU_FREQUENCY_0,CPU_FREQUENCY_1,CPU_FREQUENCY_2,CPU_FREQUENCY_3,CPU_FREQUENCY_4,CPU_FREQUENCY_5,CPU_FREQUENCY_6,CPU_FREQUENCY_7,CPU_TEMP_0,CPU_TEMP_1,CPU_TEMP_2,CPU_TEMP_3,CPU_TEMP_4,CPU_TEMP_5,CPU_TEMP_6,CPU_TEMP_7,CPU_TEMP_8,CPU_TEMP_9,CPU_USAGE_0,CPU_USAGE_1,CPU_USAGE_2,CPU_USAGE_3,CPU_USAGE_4,CPU_USAGE_5,CPU_USAGE_6,CPU_USAGE_7,SYSTEM_POWER (Watts),TOTAL_MEMORY,TOTAL_SWAP,USED_MEMORY,USED_SWAP
0,1760625116345,3228,3228,3228,3228,3228,3228,3228,3228,55.335693359375,54.89202117919922,54.39391326904297,55.75790023803711,55.32147979736328,54.5004997253418,55.32114028930664,52.68800735473633,53.57480239868164,53.82450866699219,100,0,0,0,0,0,0,0,3.0718295574188232,17179869184,2147483648,6730219520,947453952
209,1760625116346,3228,3228,3228,3228,3228,3228,3228,3228,55.335693359375,54.89202117919922,54.39391326904297,55.75790023803711,55.32147979736328,54.5004997253418,55.32114028930664,52.68800735473633,53.57480239868164,53.82450866699219,100,100,0,0,0,0,0,0,3.0718295574188232,17179869184,2147483648,6730661888,947453952
209,1760625116556,3228,3228,3228,3228,3228,3228,3228,3228,55.335693359375,54.89202117919922,54.39391326904297,55.75790023803711,55.32147979736328,54.5004997253418,55.32114028930664,52.68800735473633,53.57480239868164,53.82450866699219,66.66667175292969,65,28.571430206298828,71.42857360839844,0,4.545454502105713,4.761904716491699,0,2.9625332355499268,17179869184,2147483648,6790447104,947453952
9,1760625116766,3228,3228,3228,3228,3228,3228,3228,3228,55.335693359375,54.89202117919922,54.39391326904297,55.75790023803711,55.32147979736328,54.5004997253418,55.32114028930664,52.68800735473633,53.57480239868164,53.82450866699219,57.142860412597656,47.619049072265625,47.619049072265625,0,0,0,0,0,2.9625332355499268,17179869184,2147483648,6790447104,947453952
