Delta,Time,CPU_FREQUENCY_0,CPU_FREQUENCY_1,CPU_FREQUENCY_2,CPU_FREQUENCY_3,CPU_FREQUENCY_4,CPU_FREQUENCY_5,CPU_FREQUENCY_6,CPU_FREQUENCY_7,CPU_TEMP_0,CPU_TEMP_1,CPU_TEMP_2,CPU_TEMP_3,CPU_TEMP_4,CPU_TEMP_5,CPU_TEMP_6,CPU_TEMP_7,CPU_TEMP_8,CPU_TEMP_9,CPU_USAGE_0,CPU_USAGE_1,CPU_USAGE_2,CPU_USAGE_3,CPU_USAGE_4,CPU_USAGE_5,CPU_USAGE_6,CPU_USAGE_7,SYSTEM_POWER (Watts),TOTAL_MEMORY,TOTAL_SWAP,USED_MEMORY,USED_SWAP
0,1760614521207,3228,3228,3228,3228,3228,3228,3228,3228,52.77344512939453,51.978546142578125,51.401893615722656,53.119361877441406,53.092498779296875,51.513267517089844,53.42530822753906,49.58495330810547,50.25338363647461,50.46239471435547,0,NaN,0,0,0,0,0,0,3.0289058685302734,17179869184,2147483648,6432538624,989396992
209,1760614521207,3228,3228,3228,3228,3228,3228,3228,3228,52.77344512939453,51.978546142578125,51.401893615722656,53.119361877441406,53.092498779296875,51.513267517089844,53.42530822753906,49.58495330810547,50.25338363647461,50.46239471435547,100,66.66667175292969,0,0,0,NaN,0,0,3.0289058685302734,17179869184,2147483648,6433275904,989396992
209,1760614521417,3228,3228,3228,3228,3228,3228,3228,3228,52.77344512939453,51.978546142578125,51.401893615722656,53.119361877441406,53.092498779296875,51.513267517089844,53.42530822753906,49.58495330810547,50.25338363647461,50.46239471435547,68.18181610107422,65,18.18181800842285,5,75,9.090909004211426,0,0,3.0289058685302734,17179869184,2147483648,6529253376,989396992
10,1760614521627,3228,3228,3228,3228,3228,3228,3228,3228,52.77344512939453,51.978546142578125,51.401893615722656,53.119361877441406,53.092498779296875,51.513267517089844,53.42530822753906,49.58495330810547,50.25338363647461,50.46239471435547,45,57.142860412597656,0,0,42.85714340209961,0,0,0,3.846644401550293,17179869184,2147483648,6529253376,989396992
