Delta,Time,CPU_FREQUENCY_0,CPU_FREQUENCY_1,CPU_FREQUENCY_2,CPU_FREQUENCY_3,CPU_FREQUENCY_4,CPU_FREQUENCY_5,CPU_FREQUENCY_6,CPU_FREQUENCY_7,CPU_TEMP_0,CPU_TEMP_1,CPU_TEMP_2,CPU_TEMP_3,CPU_TEMP_4,CPU_TEMP_5,CPU_TEMP_6,CPU_TEMP_7,CPU_TEMP_8,CPU_TEMP_9,CPU_USAGE_0,CPU_USAGE_1,CPU_USAGE_2,CPU_USAGE_3,CPU_USAGE_4,CPU_USAGE_5,CPU_USAGE_6,CPU_USAGE_7,SYSTEM_POWER (Watts),TOTAL_MEMORY,TOTAL_SWAP,USED_MEMORY,USED_SWAP
0,1760650767654,3228,3228,3228,3228,3228,3228,3228,3228,53.658111572265625,52.833457946777344,51.87914276123047,53.05683135986328,53.164512634277344,52.06547927856445,53.87059020996094,50.522796630859375,51.632625579833984,52.00859069824219,50,50,0,0,0,0,0,0,3.198172092437744,17179869184,2147483648,7920812032,897122304
209,1760650767654,3228,3228,3228,3228,3228,3228,3228,3228,53.658111572265625,52.833457946777344,51.87914276123047,53.05683135986328,53.164512634277344,52.06547927856445,53.87059020996094,50.522796630859375,51.632625579833984,52.00859069824219,NaN,NaN,50,100,0,0,0,0,3.198172092437744,17179869184,2147483648,7917912064,897122304
209,1760650767864,3228,3228,3228,3228,3228,3228,3228,3228,53.658111572265625,52.833457946777344,51.87914276123047,53.05683135986328,53.164512634277344,52.06547927856445,53.87059020996094,50.522796630859375,51.632625579833984,52.00859069824219,57.142860412597656,50,38.095237731933594,47.619049072265625,4.761904716491699,5,0,0,3.198172092437744,17179869184,2147483648,7982284800,897122304
209,1760650768074,3228,3228,3228,3228,3228,3228,3228,3228,53.658111572265625,52.833457946777344,51.87914276123047,53.05683135986328,53.164512634277344,52.06547927856445,53.87059020996094,50.522796630859375,51.632625579833984,52.00859069824219,80.95238494873047,57.142860412597656,100,0,4.545454502105713,0,0,0,3.198172092437744,17179869184,2147483648,7983087616,897122304
8,1760650768284,3228,3228,3228,3228,3228,3228,3228,3228,55.52419662475586,53.62633514404297,53.960792541503906,57.993797302246094,55.095489501953125,53.90713119506836,55.241458892822266,52.65145492553711,52.16986846923828,52.894439697265625,28.571430206298828,60.000003814697266,50,20,14.285715103149414,4.761904716491699,9.523809432983398,4.761904716491699,3.198172092437744,17179869184,2147483648,7929905152,897122304
