Delta,Time,CPU_FREQUENCY_0,CPU_FREQUENCY_1,CPU_FREQUENCY_2,CPU_FREQUENCY_3,CPU_FREQUENCY_4,CPU_FREQUENCY_5,CPU_FREQUENCY_6,CPU_FREQUENCY_7,CPU_TEMP_0,CPU_TEMP_1,CPU_TEMP_2,CPU_TEMP_3,CPU_TEMP_4,CPU_TEMP_5,CPU_TEMP_6,CPU_TEMP_7,CPU_TEMP_8,CPU_TEMP_9,CPU_USAGE_0,CPU_USAGE_1,CPU_USAGE_2,CPU_USAGE_3,CPU_USAGE_4,CPU_USAGE_5,CPU_USAGE_6,CPU_USAGE_7,SYSTEM_POWER (Watts),TOTAL_MEMORY,TOTAL_SWAP,USED_MEMORY,USED_SWAP
0,1760629382938,3228,3228,3228,3228,3228,3228,3228,3228,54.439796447753906,54.02899932861328,53.29810333251953,54.011940002441406,54.32807922363281,53.13484573364258,54.27943801879883,51.342342376708984,52.53110885620117,52.62556457519531,100,100,0,0,0,0,0,0,3.0789341926574707,17179869184,2147483648,6988496896,939065344
209,1760629382939,3228,3228,3228,3228,3228,3228,3228,3228,54.439796447753906,54.02899932861328,53.29810333251953,54.011940002441406,54.32807922363281,53.13484573364258,54.27943801879883,51.342342376708984,52.53110885620117,52.62556457519531,0,50,100,0,0,0,0,0,3.0789341926574707,17179869184,2147483648,6988333056,939065344
209,1760629383149,3228,3228,3228,3228,3228,3228,3228,3228,54.58442306518555,54.09292984008789,53.17334747314453,54.562049865722656,54.350250244140625,53.427005767822266,54.39951705932617,51.45808029174805,52.312469482421875,52.83927917480469,61.904762268066406,61.904762268066406,80,27.272727966308594,9.090909004211426,14.285715103149414,4.761904716491699,4.761904716491699,3.0789341926574707,17179869184,2147483648,6988333056,939065344
10,1760629383359,3228,3228,3228,3228,3228,3228,3228,3228,54.58442306518555,54.09292984008789,53.17334747314453,54.562049865722656,54.350250244140625,53.427005767822266,54.39951705932617,51.45808029174805,52.312469482421875,52.83927917480469,50,52.38095474243164,23.809524536132813,5,9.523809432983398,4.761904716491699,4.761904716491699,4.761904716491699,3.0789341926574707,17179869184,2147483648,6988333056,939065344
