Delta,Time,CPU_FREQUENCY_0,CPU_FREQUENCY_1,CPU_FREQUENCY_2,CPU_FREQUENCY_3,CPU_FREQUENCY_4,CPU_FREQUENCY_5,CPU_FREQUENCY_6,CPU_FREQUENCY_7,CPU_TEMP_0,CPU_TEMP_1,CPU_TEMP_2,CPU_TEMP_3,CPU_TEMP_4,CPU_TEMP_5,CPU_TEMP_6,CPU_TEMP_7,CPU_TEMP_8,CPU_TEMP_9,CPU_USAGE_0,CPU_USAGE_1,CPU_USAGE_2,CPU_USAGE_3,CPU_USAGE_4,CPU_USAGE_5,CPU_USAGE_6,CPU_USAGE_7,SYSTEM_POWER (Watts),TOTAL_MEMORY,TOTAL_SWAP,USED_MEMORY,USED_SWAP
0,1760619218966,3228,3228,3228,3228,3228,3228,3228,3228,53.481231689453125,53.093017578125,52.18243408203125,53.70144271850586,53.578346252441406,52.11268997192383,54.08905792236328,51.24992752075195,51.41294860839844,52.1602783203125,100,100,0,0,0,0,0,0,3.3094375133514404,17179869184,2147483648,6900252672,972619776
206,1760619218967,3228,3228,3228,3228,3228,3228,3228,3228,53.481231689453125,53.093017578125,52.18243408203125,53.70144271850586,53.578346252441406,52.11268997192383,54.08905792236328,51.24992752075195,51.41294860839844,52.1602783203125,50,100,0,100,0,0,0,0,3.3094375133514404,17179869184,2147483648,6900957184,972619776
209,1760619219173,3228,3228,3228,3228,3228,3228,3228,3228,53.89210891723633,53.4808349609375,52.992767333984375,55.574424743652344,53.92124938964844,52.45054244995117,54.42736053466797,51.93107986450195,51.44398498535156,52.453590393066406,52.6315803527832,47.619049072265625,95,4.761904716491699,4.761904716491699,4.761904716491699,0,0,3.3094375133514404,17179869184,2147483648,6965772288,972619776
209,1760619219383,3228,3228,3228,3228,3228,3228,3228,3228,53.89210891723633,53.4808349609375,52.992767333984375,55.574424743652344,53.92124938964844,52.45054244995117,54.42736053466797,51.93107986450195,51.44398498535156,52.453590393066406,71.42857360839844,65,47.619049072265625,42.85714340209961,0,10,0,0,3.3094375133514404,17179869184,2147483648,6966722560,972619776
10,1760619219593,3228,3228,3228,3228,3228,3228,3228,3228,53.89210891723633,53.4808349609375,52.992767333984375,55.574424743652344,53.92124938964844,52.45054244995117,54.42736053466797,51.93107986450195,51.44398498535156,52.453590393066406,63.6363639831543,45.45454788208008,85.71428680419922,10,10,4.761904716491699,4.545454502105713,0,3.4369447231292725,17179869184,2147483648,6900563968,972619776
