Delta,Time,CPU_FREQUENCY_0,CPU_FREQUENCY_1,CPU_FREQUENCY_2,CPU_FREQUENCY_3,CPU_FREQUENCY_4,CPU_FREQUENCY_5,CPU_FREQUENCY_6,CPU_FREQUENCY_7,CPU_TEMP_0,CPU_TEMP_1,CPU_TEMP_2,CPU_TEMP_3,CPU_TEMP_4,CPU_TEMP_5,CPU_TEMP_6,CPU_TEMP_7,CPU_TEMP_8,CPU_TEMP_9,CPU_USAGE_0,CPU_USAGE_1,CPU_USAGE_2,CPU_USAGE_3,CPU_USAGE_4,CPU_USAGE_5,CPU_USAGE_6,CPU_USAGE_7,SYSTEM_POWER (Watts),TOTAL_MEMORY,TOTAL_SWAP,USED_MEMORY,USED_SWAP
0,1760630359872,3228,3228,3228,3228,3228,3228,3228,3228,54.104190826416016,53.45899200439453,52.84181213378906,53.97581100463867,53.40892791748047,52.27901077270508,54.014488220214844,50.930030822753906,52.11064910888672,51.995872497558594,NaN,0,33.333335876464844,0,0,0,0,0,3.1937501430511475,17179869184,2147483648,7142522880,939065344
206,1760630359872,3228,3228,3228,3228,3228,3228,3228,3228,54.104190826416016,53.45899200439453,52.84181213378906,53.97581100463867,53.40892791748047,52.27901077270508,54.014488220214844,50.930030822753906,52.11064910888672,51.995872497558594,100,50,NaN,100,0,0,0,0,3.1937501430511475,17179869184,2147483648,7141621760,939065344
200,1760630360079,3228,3228,3228,3228,3228,3228,3228,3228,54.58649444580078,53.6483039855957,53.04237365722656,55.32240676879883,54.01776123046875,52.913909912109375,54.61814498901367,51.18382263183594,52.112892150878906,52.12696838378906,66.66667175292969,68.42105102539063,85,4.545454502105713,5,4.761904716491699,4.545454502105713,0,3.1937501430511475,17179869184,2147483648,7211810816,939065344
209,1760630360280,3228,3228,3228,3228,3228,3228,3228,3228,54.58649444580078,53.6483039855957,53.04237365722656,55.32240676879883,54.01776123046875,52.913909912109375,54.61814498901367,51.18382263183594,52.112892150878906,52.12696838378906,60.000003814697266,47.619049072265625,38.095237731933594,65,4.761904716491699,0,0,0,3.1937501430511475,17179869184,2147483648,7210975232,939065344
7,1760630360490,3228,3228,3228,3228,3228,3228,3228,3228,54.58649444580078,53.6483039855957,53.04237365722656,55.32240676879883,54.01776123046875,52.913909912109375,54.61814498901367,51.18382263183594,52.112892150878906,52.12696838378906,61.904762268066406,68.18181610107422,42.85714340209961,38.095237731933594,0,0,4.761904716491699,0,2.977398633956909,17179869184,2147483648,7148748800,939065344
