Delta,Time,CPU_FREQUENCY_0,CPU_FREQUENCY_1,CPU_FREQUENCY_2,CPU_FREQUENCY_3,CPU_FREQUENCY_4,CPU_FREQUENCY_5,CPU_FREQUENCY_6,CPU_FREQUENCY_7,CPU_TEMP_0,CPU_TEMP_1,CPU_TEMP_2,CPU_TEMP_3,CPU_TEMP_4,CPU_TEMP_5,CPU_TEMP_6,CPU_TEMP_7,CPU_TEMP_8,CPU_TEMP_9,CPU_USAGE_0,CPU_USAGE_1,CPU_USAGE_2,CPU_USAGE_3,CPU_USAGE_4,CPU_USAGE_5,CPU_USAGE_6,CPU_USAGE_7,SYSTEM_POWER (Watts),TOTAL_MEMORY,TOTAL_SWAP,USED_MEMORY,USED_SWAP
0,1760637860736,3228,3228,3228,3228,3228,3228,3228,3228,61.21993637084961,60.03274154663086,59.132408142089844,60.802913665771484,60.46788787841797,59.45365905761719,61.101016998291016,58.11669921875,58.98536682128906,59.21898651123047,NaN,100,NaN,50,0,0,0,0,4.39551305770874,17179869184,2147483648,7939096576,913899520
200,1760637860736,3228,3228,3228,3228,3228,3228,3228,3228,61.21993637084961,60.03274154663086,59.132408142089844,60.802913665771484,60.46788787841797,59.45365905761719,61.101016998291016,58.11669921875,58.98536682128906,59.21898651123047,66.66667175292969,0,100,100,0,100,0,0,4.39551305770874,17179869184,2147483648,7937097728,913899520
209,1760637860937,3228,3228,3228,3228,3228,3228,3228,3228,61.21993637084961,60.03274154663086,59.132408142089844,60.802913665771484,60.46788787841797,59.45365905761719,61.101016998291016,58.11669921875,58.98536682128906,59.21898651123047,36.842105865478516,42.85714340209961,90,55,19.047618865966797,0,0,0,4.39551305770874,17179869184,2147483648,7997145088,913899520
209,1760637861146,3228,3228,3228,3228,3228,3228,3228,3228,63.058650970458984,60.69340133666992,61.409332275390625,65.70712280273438,63.252967834472656,62.493408203125,62.180931091308594,59.51181411743164,59.584232330322266,60.194435119628906,35,35,90.47618865966797,65,38.095237731933594,21.7391300201416,9.523809432983398,4.761904716491699,4.39551305770874,17179869184,2147483648,7991197696,913899520
9,1760637861356,3228,3228,3228,3228,3228,3228,3228,3228,63.058650970458984,60.69340133666992,61.409332275390625,65.70712280273438,63.252967834472656,62.493408203125,62.180931091308594,59.51181411743164,59.584232330322266,60.194435119628906,40.90909194946289,23.809524536132813,61.904762268066406,28.571430206298828,28.571430206298828,5,0,0,4.39551305770874,17179869184,2147483648,7929544704,913899520
