Delta,Time,CPU_FREQUENCY_0,CPU_FREQUENCY_1,CPU_FREQUENCY_2,CPU_FREQUENCY_3,CPU_FREQUENCY_4,CPU_FREQUENCY_5,CPU_FREQUENCY_6,CPU_FREQUENCY_7,CPU_TEMP_0,CPU_TEMP_1,CPU_TEMP_2,CPU_TEMP_3,CPU_TEMP_4,CPU_TEMP_5,CPU_TEMP_6,CPU_TEMP_7,CPU_TEMP_8,CPU_TEMP_9,CPU_USAGE_0,CPU_USAGE_1,CPU_USAGE_2,CPU_USAGE_3,CPU_USAGE_4,CPU_USAGE_5,CPU_USAGE_6,CPU_USAGE_7,SYSTEM_POWER (Watts),TOTAL_MEMORY,TOTAL_SWAP,USED_MEMORY,USED_SWAP
0,1760651130860,3228,3228,3228,3228,3228,3228,3228,3228,55.3006706237793,54.4879264831543,53.796669006347656,54.9395637512207,54.21660614013672,53.79193878173828,56.10118103027344,52.660423278808594,53.58357238769531,53.48515319824219,0,0,NaN,50,0,0,0,0,3.964552879333496,17179869184,2147483648,8199520256,897122304
203,1760651130860,3228,3228,3228,3228,3228,3228,3228,3228,55.3006706237793,54.4879264831543,53.796669006347656,54.9395637512207,54.21660614013672,53.79193878173828,56.10118103027344,52.660423278808594,53.58357238769531,53.48515319824219,0,0,66.66667175292969,NaN,66.66667175292969,0,0,0,3.964552879333496,17179869184,2147483648,8197324800,897122304
207,1760651131063,3228,3228,3228,3228,3228,3228,3228,3228,55.3006706237793,54.4879264831543,53.796669006347656,54.9395637512207,54.21660614013672,53.79193878173828,56.10118103027344,52.660423278808594,53.58357238769531,53.48515319824219,47.36842346191406,40,63.15789031982422,85.71428680419922,31.57894515991211,14.285715103149414,0,0,3.964552879333496,17179869184,2147483648,8254504960,897122304
9,1760651131271,3228,3228,3228,3228,3228,3228,3228,3228,57.539710998535156,55.42629623413086,55.26830291748047,57.54878234863281,58.55738830566406,57.85524368286133,57.375511169433594,54.05818176269531,54.55865478515625,54.67211151123047,33.333335876464844,25,65,25,47.619049072265625,9.523809432983398,4.545454502105713,0,3.964552879333496,17179869184,2147483648,8189706240,897122304
