Delta,Time,CPU_FREQUENCY_0,CPU_FREQUENCY_1,CPU_FREQUENCY_2,CPU_FREQUENCY_3,CPU_FREQUENCY_4,CPU_FREQUENCY_5,CPU_FREQUENCY_6,CPU_FREQUENCY_7,CPU_TEMP_0,CPU_TEMP_1,CPU_TEMP_2,CPU_TEMP_3,CPU_TEMP_4,CPU_TEMP_5,CPU_TEMP_6,CPU_TEMP_7,CPU_TEMP_8,CPU_TEMP_9,CPU_USAGE_0,CPU_USAGE_1,CPU_USAGE_2,CPU_USAGE_3,CPU_USAGE_4,CPU_USAGE_5,CPU_USAGE_6,CPU_USAGE_7,SYSTEM_POWER (Watts),TOTAL_MEMORY,TOTAL_SWAP,USED_MEMORY,USED_SWAP
0,1760620168843,3228,3228,3228,3228,3228,3228,3228,3228,52.53009033203125,52.340946197509766,50.85399627685547,52.49409484863281,51.522979736328125,51.13243865966797,53.09572219848633,49.286922454833984,50.50318908691406,50.8302001953125,100,50,0,0,0,0,0,0,3.018512725830078,17179869184,2147483648,7339638784,964231168
209,1760620168843,3228,3228,3228,3228,3228,3228,3228,3228,52.53009033203125,52.340946197509766,50.85399627685547,52.49409484863281,51.522979736328125,51.13243865966797,53.09572219848633,49.286922454833984,50.50318908691406,50.8302001953125,0,100,0,100,0,0,0,0,3.018512725830078,17179869184,2147483648,7341228032,964231168
201,1760620169053,3228,3228,3228,3228,3228,3228,3228,3228,52.53009033203125,52.340946197509766,50.85399627685547,52.49409484863281,51.522979736328125,51.13243865966797,53.09572219848633,49.286922454833984,50.50318908691406,50.8302001953125,45,52.38095474243164,90.90909576416016,33.333335876464844,4.761904716491699,0,0,0,3.018512725830078,17179869184,2147483648,7430684672,964231168
9,1760620169254,3228,3228,3228,3228,3228,3228,3228,3228,53.54640197753906,52.47119903564453,52.289024353027344,55.04583740234375,52.865196228027344,52.23857116699219,53.683650970458984,50.12666320800781,50.653053283691406,51.085662841796875,38.095237731933594,52.6315803527832,35,23.809524536132813,5,10,5,5,3.018512725830078,17179869184,2147483648,7332593664,964231168
