Delta,Time,CPU_FREQUENCY_0,CPU_FREQUENCY_1,CPU_FREQUENCY_2,CPU_FREQUENCY_3,CPU_FREQUENCY_4,CPU_FREQUENCY_5,CPU_FREQUENCY_6,CPU_FREQUENCY_7,CPU_TEMP_0,CPU_TEMP_1,CPU_TEMP_2,CPU_TEMP_3,CPU_TEMP_4,CPU_TEMP_5,CPU_TEMP_6,CPU_TEMP_7,CPU_TEMP_8,CPU_TEMP_9,CPU_USAGE_0,CPU_USAGE_1,CPU_USAGE_2,CPU_USAGE_3,CPU_USAGE_4,CPU_USAGE_5,CPU_USAGE_6,CPU_USAGE_7,SYSTEM_POWER (Watts),TOTAL_MEMORY,TOTAL_SWAP,USED_MEMORY,USED_SWAP
0,1760643168141,3228,3228,3228,3228,3228,3228,3228,3228,51.77412414550781,51.0151252746582,50.364356994628906,51.52925109863281,50.4146728515625,50.59770965576172,52.2586555480957,48.884063720703125,49.09331130981445,49.380409240722656,0,NaN,NaN,100,50,0,0,0,2.8174822330474854,17179869184,2147483648,6991036416,905510912
209,1760643168142,3228,3228,3228,3228,3228,3228,3228,3228,51.77412414550781,51.0151252746582,50.364356994628906,51.52925109863281,50.4146728515625,50.59770965576172,52.2586555480957,48.884063720703125,49.09331130981445,49.380409240722656,100,0,100,0,0,0,0,0,2.8174822330474854,17179869184,2147483648,6991036416,905510912
209,1760643168352,3228,3228,3228,3228,3228,3228,3228,3228,51.77412414550781,51.0151252746582,50.364356994628906,51.52925109863281,50.4146728515625,50.59770965576172,52.2586555480957,48.884063720703125,49.09331130981445,49.380409240722656,50,61.904762268066406,35,15.000000953674316,66.66667175292969,14.285715103149414,9.523809432983398,4.761904716491699,2.8174822330474854,17179869184,2147483648,6991036416,905510912
10,1760643168562,3228,3228,3228,3228,3228,3228,3228,3228,51.77412414550781,51.0151252746582,50.364356994628906,51.52925109863281,50.4146728515625,50.59770965576172,52.2586555480957,48.884063720703125,49.09331130981445,49.380409240722656,59.09090805053711,63.6363639831543,9.090909004211426,0,25,0,0,0,3.9520602226257324,17179869184,2147483648,6991036416,905510912
