Delta,Time,CPU_FREQUENCY_0,CPU_FREQUENCY_1,CPU_FREQUENCY_2,CPU_FREQUENCY_3,CPU_FREQUENCY_4,CPU_FREQUENCY_5,CPU_FREQUENCY_6,CPU_FREQUENCY_7,CPU_TEMP_0,CPU_TEMP_1,CPU_TEMP_2,CPU_TEMP_3,CPU_TEMP_4,CPU_TEMP_5,CPU_TEMP_6,CPU_TEMP_7,CPU_TEMP_8,CPU_TEMP_9,CPU_USAGE_0,CPU_USAGE_1,CPU_USAGE_2,CPU_USAGE_3,CPU_USAGE_4,CPU_USAGE_5,CPU_USAGE_6,CPU_USAGE_7,SYSTEM_POWER (Watts),TOTAL_MEMORY,TOTAL_SWAP,USED_MEMORY,USED_SWAP
0,1760643635825,3228,3228,3228,3228,3228,3228,3228,3228,53.4100341796875,52.879634857177734,52.08458709716797,53.26945114135742,52.098289489746094,51.7326774597168,53.756893157958984,50.438228607177734,50.80720520019531,51.28411865234375,100,50,0,0,0,0,0,0,5.451980113983154,17179869184,2147483648,7366770688,905510912
209,1760643635825,3228,3228,3228,3228,3228,3228,3228,3228,53.4100341796875,52.879634857177734,52.08458709716797,53.26945114135742,52.098289489746094,51.7326774597168,53.756893157958984,50.438228607177734,50.80720520019531,51.28411865234375,100,NaN,0,100,0,0,0,0,5.451980113983154,17179869184,2147483648,7367311360,905510912
7,1760643636035,3228,3228,3228,3228,3228,3228,3228,3228,53.4100341796875,52.879634857177734,52.08458709716797,53.26945114135742,52.098289489746094,51.7326774597168,53.756893157958984,50.438228607177734,50.80720520019531,51.28411865234375,85.71428680419922,85.71428680419922,31.81818199157715,15.000000953674316,15.000000953674316,19.047618865966797,22.72727394104004,14.285715103149414,5.451980113983154,17179869184,2147483648,7365214208,905510912
