Delta,Time,CPU_FREQUENCY_0,CPU_FREQUENCY_1,CPU_FREQUENCY_2,CPU_FREQUENCY_3,CPU_FREQUENCY_4,CPU_FREQUENCY_5,CPU_FREQUENCY_6,CPU_FREQUENCY_7,CPU_TEMP_0,CPU_TEMP_1,CPU_TEMP_2,CPU_TEMP_3,CPU_TEMP_4,CPU_TEMP_5,CPU_TEMP_6,CPU_TEMP_7,CPU_TEMP_8,CPU_TEMP_9,CPU_USAGE_0,CPU_USAGE_1,CPU_USAGE_2,CPU_USAGE_3,CPU_USAGE_4,CPU_USAGE_5,CPU_USAGE_6,CPU_USAGE_7,SYSTEM_POWER (Watts),TOTAL_MEMORY,TOTAL_SWAP,USED_MEMORY,USED_SWAP
0,1760624509713,3228,3228,3228,3228,3228,3228,3228,3228,54.82742691040039,54.910560607910156,54.231781005859375,55.672462463378906,54.31311798095703,54.11191940307617,55.51430892944336,52.13429260253906,53.05329513549805,53.878578186035156,100,NaN,0,0,0,0,0,0,3.044144630432129,17179869184,2147483648,7308836864,947453952
209,1760624509713,3228,3228,3228,3228,3228,3228,3228,3228,54.82742691040039,54.910560607910156,54.231781005859375,55.672462463378906,54.31311798095703,54.11191940307617,55.51430892944336,52.13429260253906,53.05329513549805,53.878578186035156,100,100,50,0,100,0,0,0,3.044144630432129,17179869184,2147483648,7307362304,947453952
209,1760624509923,3228,3228,3228,3228,3228,3228,3228,3228,54.82742691040039,54.910560607910156,54.231781005859375,55.672462463378906,54.31311798095703,54.11191940307617,55.51430892944336,52.13429260253906,53.05329513549805,53.878578186035156,70,66.66667175292969,61.904762268066406,22.72727394104004,19.047618865966797,0,0,0,3.044144630432129,17179869184,2147483648,7307362304,947453952
7,1760624510133,3228,3228,3228,3228,3228,3228,3228,3228,56.73820877075195,55.19059371948242,55.45048522949219,57.70804977416992,56.84503173828125,55.85689163208008,56.22909164428711,53.1412353515625,53.46501541137695,54.34840393066406,57.142860412597656,47.619049072265625,0,55,0,0,0,0,3.044144630432129,17179869184,2147483648,7307362304,947453952
