Delta,Time,CPU_FREQUENCY_0,CPU_FREQUENCY_1,CPU_FREQUENCY_2,CPU_FREQUENCY_3,CPU_FREQUENCY_4,CPU_FREQUENCY_5,CPU_FREQUENCY_6,CPU_FREQUENCY_7,CPU_TEMP_0,CPU_TEMP_1,CPU_TEMP_2,CPU_TEMP_3,CPU_TEMP_4,CPU_TEMP_5,CPU_TEMP_6,CPU_TEMP_7,CPU_TEMP_8,CPU_TEMP_9,CPU_USAGE_0,CPU_USAGE_1,CPU_USAGE_2,CPU_USAGE_3,CPU_USAGE_4,CPU_USAGE_5,CPU_USAGE_6,CPU_USAGE_7,SYSTEM_POWER (Watts),TOTAL_MEMORY,TOTAL_SWAP,USED_MEMORY,USED_SWAP
0,1760649731523,3228,3228,3228,3228,3228,3228,3228,3228,52.977210998535156,52.431541442871094,51.93909454345703,52.27259063720703,52.106773376464844,51.131290435791016,52.818870544433594,49.975257873535156,50.58559036254883,51.17872619628906,0,NaN,100,100,NaN,50,NaN,100,3.472900152206421,17179869184,2147483648,7502512128,905510912
209,1760649731523,3228,3228,3228,3228,3228,3228,3228,3228,52.977210998535156,52.431541442871094,51.93909454345703,52.27259063720703,52.106773376464844,51.131290435791016,52.818870544433594,49.975257873535156,50.58559036254883,51.17872619628906,0,0,50,50,100,0,0,0,3.472900152206421,17179869184,2147483648,7502512128,905510912
10,1760649731734,3228,3228,3228,3228,3228,3228,3228,3228,52.977210998535156,52.431541442871094,51.93909454345703,52.27259063720703,52.106773376464844,51.131290435791016,52.818870544433594,49.975257873535156,50.58559036254883,51.17872619628906,42.85714340209961,60.000003814697266,15.000000953674316,15.000000953674316,0,4.545454502105713,0,0,3.472900152206421,17179869184,2147483648,7502512128,905510912
