Delta,Time,CPU_FREQUENCY_0,CPU_FREQUENCY_1,CPU_FREQUENCY_2,CPU_FREQUENCY_3,CPU_FREQUENCY_4,CPU_FREQUENCY_5,CPU_FREQUENCY_6,CPU_FREQUENCY_7,CPU_TEMP_0,CPU_TEMP_1,CPU_TEMP_2,CPU_TEMP_3,CPU_TEMP_4,CPU_TEMP_5,CPU_TEMP_6,CPU_TEMP_7,CPU_TEMP_8,CPU_TEMP_9,CPU_USAGE_0,CPU_USAGE_1,CPU_USAGE_2,CPU_USAGE_3,CPU_USAGE_4,CPU_USAGE_5,CPU_USAGE_6,CPU_USAGE_7,SYSTEM_POWER (Watts),TOTAL_MEMORY,TOTAL_SWAP,USED_MEMORY,USED_SWAP
0,1760615373751,3228,3228,3228,3228,3228,3228,3228,3228,53.101402282714844,52.99684143066406,52.36060333251953,53.216102600097656,53.474159240722656,52.46916580200195,54.03289794921875,50.33842468261719,51.754661560058594,51.68706512451172,100,50,0,0,0,0,0,0,3.1883862018585205,17179869184,2147483648,6625640448,989396992
209,1760615373751,3228,3228,3228,3228,3228,3228,3228,3228,53.101402282714844,52.99684143066406,52.36060333251953,53.216102600097656,53.474159240722656,52.46916580200195,54.03289794921875,50.33842468261719,51.754661560058594,51.68706512451172,100,0,100,100,0,0,0,0,3.1883862018585205,17179869184,2147483648,6627229696,989396992
10,1760615373962,3228,3228,3228,3228,3228,3228,3228,3228,53.101402282714844,52.99684143066406,52.36060333251953,53.216102600097656,53.474159240722656,52.46916580200195,54.03289794921875,50.33842468261719,51.754661560058594,51.68706512451172,57.142860412597656,75,4.545454502105713,10,4.761904716491699,0,0,0,3.1883862018585205,17179869184,2147483648,6627246080,989396992
