Delta,Time,CPU_FREQUENCY_0,CPU_FREQUENCY_1,CPU_FREQUENCY_2,CPU_FREQUENCY_3,CPU_FREQUENCY_4,CPU_FREQUENCY_5,CPU_FREQUENCY_6,CPU_FREQUENCY_7,CPU_TEMP_0,CPU_TEMP_1,CPU_TEMP_2,CPU_TEMP_3,CPU_TEMP_4,CPU_TEMP_5,CPU_TEMP_6,CPU_TEMP_7,CPU_TEMP_8,CPU_TEMP_9,CPU_USAGE_0,CPU_USAGE_1,CPU_USAGE_2,CPU_USAGE_3,CPU_USAGE_4,CPU_USAGE_5,CPU_USAGE_6,CPU_USAGE_7,SYSTEM_POWER (Watts),TOTAL_MEMORY,TOTAL_SWAP,USED_MEMORY,USED_SWAP
0,1760616652734,3228,3228,3228,3228,3228,3228,3228,3228,55.62489700317383,55.5893440246582,54.70906066894531,55.72060012817383,54.529937744140625,54.36027526855469,55.880889892578125,52.97739028930664,53.92654800415039,53.91564178466797,0,100,0,0,0,0,0,0,3.062312364578247,17179869184,2147483648,6865698816,981008384
209,1760616652734,3228,3228,3228,3228,3228,3228,3228,3228,55.62489700317383,55.5893440246582,54.70906066894531,55.72060012817383,54.529937744140625,54.36027526855469,55.880889892578125,52.97739028930664,53.92654800415039,53.91564178466797,100,NaN,100,0,0,0,0,0,3.062312364578247,17179869184,2147483648,6865698816,981008384
209,1760616652944,3228,3228,3228,3228,3228,3228,3228,3228,56.25587844848633,55.604774475097656,55.18065643310547,56.824092864990234,56.078330993652344,55.20620346069336,56.1718864440918,53.32007598876953,53.92264938354492,54.19596862792969,45,42.85714340209961,80.95238494873047,61.904762268066406,18.18181800842285,9.523809432983398,0,13.043478012084961,3.062312364578247,17179869184,2147483648,6865698816,981008384
209,1760616653154,3228,3228,3228,3228,3228,3228,3228,3228,56.25587844848633,55.604774475097656,55.18065643310547,56.824092864990234,56.078330993652344,55.20620346069336,56.1718864440918,53.32007598876953,53.92264938354492,54.19596862792969,55,50,52.38095474243164,45,0,4.761904716491699,0,0,3.062312364578247,17179869184,2147483648,6865698816,981008384
9,1760616653364,3228,3228,3228,3228,3228,3228,3228,3228,56.25587844848633,55.604774475097656,55.18065643310547,56.824092864990234,56.078330993652344,55.20620346069336,56.1718864440918,53.32007598876953,53.92264938354492,54.19596862792969,68.18181610107422,72.7272720336914,9.523809432983398,40.90909194946289,0,0,0,0,3.062312364578247,17179869184,2147483648,6875430912,981008384
