Delta,Time,CPU_FREQUENCY_0,CPU_FREQUENCY_1,CPU_FREQUENCY_2,CPU_FREQUENCY_3,CPU_FREQUENCY_4,CPU_FREQUENCY_5,CPU_FREQUENCY_6,CPU_FREQUENCY_7,CPU_TEMP_0,CPU_TEMP_1,CPU_TEMP_2,CPU_TEMP_3,CPU_TEMP_4,CPU_TEMP_5,CPU_TEMP_6,CPU_TEMP_7,CPU_TEMP_8,CPU_TEMP_9,CPU_USAGE_0,CPU_USAGE_1,CPU_USAGE_2,CPU_USAGE_3,CPU_USAGE_4,CPU_USAGE_5,CPU_USAGE_6,CPU_USAGE_7,SYSTEM_POWER (Watts),TOTAL_MEMORY,TOTAL_SWAP,USED_MEMORY,USED_SWAP
0,1760643156984,3228,3228,3228,3228,3228,3228,3228,3228,52.2801399230957,51.3963737487793,51.177284240722656,52.122833251953125,50.781822204589844,50.745216369628906,52.06793975830078,48.92860412597656,49.25309371948242,49.695091247558594,50,0,NaN,100,NaN,NaN,0,50,3.7099409103393555,17179869184,2147483648,6984564736,905510912
203,1760643156984,3228,3228,3228,3228,3228,3228,3228,3228,52.2801399230957,51.3963737487793,51.177284240722656,52.122833251953125,50.781822204589844,50.745216369628906,52.06793975830078,48.92860412597656,49.25309371948242,49.695091247558594,NaN,100,100,50,NaN,0,NaN,NaN,3.7099409103393555,17179869184,2147483648,6981664768,905510912
209,1760643157187,3228,3228,3228,3228,3228,3228,3228,3228,53.552513122558594,52.2186164855957,52.056488037109375,54.19977951049805,52.48541259765625,52.35697555541992,53.465171813964844,50.092559814453125,50.270912170410156,50.75323486328125,30.000001907348633,30.000001907348633,90,75,22.72727394104004,15.000000953674316,4.761904716491699,5,3.7099409103393555,17179869184,2147483648,7040319488,905510912
209,1760643157397,3228,3228,3228,3228,3228,3228,3228,3228,53.552513122558594,52.2186164855957,52.056488037109375,54.19977951049805,52.48541259765625,52.35697555541992,53.465171813964844,50.092559814453125,50.270912170410156,50.75323486328125,36.3636360168457,42.85714340209961,76.19047546386719,65,30.000001907348633,14.285715103149414,10,0,3.7099409103393555,17179869184,2147483648,7040319488,905510912
10,1760643157607,3228,3228,3228,3228,3228,3228,3228,3228,53.552513122558594,52.2186164855957,52.056488037109375,54.19977951049805,52.48541259765625,52.35697555541992,53.465171813964844,50.092559814453125,50.270912170410156,50.75323486328125,30.000001907348633,23.809524536132813,85.71428680419922,52.38095474243164,14.285715103149414,9.523809432983398,0,0,4.791793346405029,17179869184,2147483648,7014727680,905510912
