Delta,Time,CPU_FREQUENCY_0,CPU_FREQUENCY_1,CPU_FREQUENCY_2,CPU_FREQUENCY_3,CPU_FREQUENCY_4,CPU_FREQUENCY_5,CPU_FREQUENCY_6,CPU_FREQUENCY_7,CPU_TEMP_0,CPU_TEMP_1,CPU_TEMP_2,CPU_TEMP_3,CPU_TEMP_4,CPU_TEMP_5,CPU_TEMP_6,CPU_TEMP_7,CPU_TEMP_8,CPU_TEMP_9,CPU_USAGE_0,CPU_USAGE_1,CPU_USAGE_2,CPU_USAGE_3,CPU_USAGE_4,CPU_USAGE_5,CPU_USAGE_6,CPU_USAGE_7,SYSTEM_POWER (Watts),TOTAL_MEMORY,TOTAL_SWAP,USED_MEMORY,USED_SWAP
0,1760621479161,3228,3228,3228,3228,3228,3228,3228,3228,53.92734146118164,53.09437942504883,51.844688415527344,54.02831268310547,53.18780517578125,52.192378997802734,54.36079406738281,50.550987243652344,50.93017578125,51.735389709472656,50,0,0,0,0,0,0,0,5.021285533905029,17179869184,2147483648,6747488256,955842560
206,1760621479161,3228,3228,3228,3228,3228,3228,3228,3228,53.92734146118164,53.09437942504883,51.844688415527344,54.02831268310547,53.18780517578125,52.192378997802734,54.36079406738281,50.550987243652344,50.93017578125,51.735389709472656,NaN,50,0,100,0,0,0,NaN,5.021285533905029,17179869184,2147483648,6747488256,955842560
200,1760621479368,3228,3228,3228,3228,3228,3228,3228,3228,54.243350982666016,53.35639572143555,51.97753143310547,54.21412658691406,53.63573455810547,52.9376335144043,54.82744216918945,51.155860900878906,51.37733840942383,51.990760803222656,0,0,77.2727279663086,19.047618865966797,0,9.090909004211426,0,0,5.021285533905029,17179869184,2147483648,6747488256,955842560
207,1760621479569,3228,3228,3228,3228,3228,3228,3228,3228,54.243350982666016,53.35639572143555,51.97753143310547,54.21412658691406,53.63573455810547,52.9376335144043,54.82744216918945,51.155860900878906,51.37733840942383,51.990760803222656,5,35,100,0,0,0,0,0,5.021285533905029,17179869184,2147483648,6747488256,955842560
10,1760621479776,3228,3228,3228,3228,3228,3228,3228,3228,54.243350982666016,53.35639572143555,51.97753143310547,54.21412658691406,53.63573455810547,52.9376335144043,54.82744216918945,51.155860900878906,51.37733840942383,51.990760803222656,9.523809432983398,35,10,0,61.904762268066406,0,0,0,2.9786665439605713,17179869184,2147483648,6750339072,955842560
