Delta,Time,CPU_FREQUENCY_0,CPU_FREQUENCY_1,CPU_FREQUENCY_2,CPU_FREQUENCY_3,CPU_FREQUENCY_4,CPU_FREQUENCY_5,CPU_FREQUENCY_6,CPU_FREQUENCY_7,CPU_TEMP_0,CPU_TEMP_1,CPU_TEMP_2,CPU_TEMP_3,CPU_TEMP_4,CPU_TEMP_5,CPU_TEMP_6,CPU_TEMP_7,CPU_TEMP_8,CPU_TEMP_9,CPU_USAGE_0,CPU_USAGE_1,CPU_USAGE_2,CPU_USAGE_3,CPU_USAGE_4,CPU_USAGE_5,CPU_USAGE_6,CPU_USAGE_7,SYSTEM_POWER (Watts),TOTAL_MEMORY,TOTAL_SWAP,USED_MEMORY,USED_SWAP
0,1760622608922,3228,3228,3228,3228,3228,3228,3228,3228,54.9730224609375,54.061344146728516,53.57670593261719,54.86980056762695,54.443260192871094,53.44282531738281,54.96942138671875,52.36349868774414,52.42737579345703,53.469139099121094,0,0,100,0,0,0,0,0,3.202598810195923,17179869184,2147483648,8423407616,955842560
207,1760622608922,3228,3228,3228,3228,3228,3228,3228,3228,54.9730224609375,54.061344146728516,53.57670593261719,54.86980056762695,54.443260192871094,53.44282531738281,54.96942138671875,52.36349868774414,52.42737579345703,53.469139099121094,0,0,100,0,100,0,0,0,3.202598810195923,17179869184,2147483648,8423555072,955842560
209,1760622609130,3228,3228,3228,3228,3228,3228,3228,3228,54.9730224609375,54.061344146728516,53.57670593261719,54.86980056762695,54.443260192871094,53.44282531738281,54.96942138671875,52.36349868774414,52.42737579345703,53.469139099121094,50,60.000003814697266,9.523809432983398,100,0,4.761904716491699,0,0,3.202598810195923,17179869184,2147483648,8517910528,955842560
208,1760622609340,3228,3228,3228,3228,3228,3228,3228,3228,56.544830322265625,54.17330551147461,53.72074890136719,55.32710266113281,57.50506591796875,55.417598724365234,55.285888671875,52.46229553222656,52.576499938964844,53.64634704589844,80.95238494873047,52.38095474243164,20,68.18181610107422,4.761904716491699,9.523809432983398,0,0,3.202598810195923,17179869184,2147483648,8527806464,955842560
7,1760622609549,3228,3228,3228,3228,3228,3228,3228,3228,56.544830322265625,54.17330551147461,53.72074890136719,55.32710266113281,57.50506591796875,55.417598724365234,55.285888671875,52.46229553222656,52.576499938964844,53.64634704589844,55,71.42857360839844,19.047618865966797,0,42.85714340209961,0,0,0,3.202598810195923,17179869184,2147483648,8420655104,955842560
