Delta,Time,CPU_FREQUENCY_0,CPU_FREQUENCY_1,CPU_FREQUENCY_2,CPU_FREQUENCY_3,CPU_FREQUENCY_4,CPU_FREQUENCY_5,CPU_FREQUENCY_6,CPU_FREQUENCY_7,CPU_TEMP_0,CPU_TEMP_1,CPU_TEMP_2,CPU_TEMP_3,CPU_TEMP_4,CPU_TEMP_5,CPU_TEMP_6,CPU_TEMP_7,CPU_TEMP_8,CPU_TEMP_9,CPU_USAGE_0,CPU_USAGE_1,CPU_USAGE_2,CPU_USAGE_3,CPU_USAGE_4,CPU_USAGE_5,CPU_USAGE_6,CPU_USAGE_7,SYSTEM_POWER (Watts),TOTAL_MEMORY,TOTAL_SWAP,USED_MEMORY,USED_SWAP
0,1760639501464,3228,3228,3228,3228,3228,3228,3228,3228,56.412410736083984,55.495548248291016,54.928871154785156,56.59028625488281,56.779296875,55.89638900756836,57.77019500732422,54.90978240966797,54.841251373291016,55.267539978027344,100,100,0,0,0,0,0,0,5.441195011138916,17179869184,2147483648,6900482048,905510912
210,1760639501464,3228,3228,3228,3228,3228,3228,3228,3228,56.412410736083984,55.495548248291016,54.928871154785156,56.59028625488281,56.779296875,55.89638900756836,57.77019500732422,54.90978240966797,54.841251373291016,55.267539978027344,100,NaN,0,100,0,0,0,0,5.441195011138916,17179869184,2147483648,6901268480,905510912
209,1760639501674,3228,3228,3228,3228,3228,3228,3228,3228,56.412410736083984,55.495548248291016,54.928871154785156,56.59028625488281,56.779296875,55.89638900756836,57.77019500732422,54.90978240966797,54.841251373291016,55.267539978027344,100,100,95.23809814453125,90.47618865966797,95.45454406738281,85.71428680419922,90,90,5.424604415893555,17179869184,2147483648,6962757632,905510912
13,1760639501884,3228,3228,3228,3228,3228,3228,3228,3228,56.412410736083984,55.495548248291016,54.928871154785156,56.59028625488281,56.779296875,55.89638900756836,57.77019500732422,54.90978240966797,54.841251373291016,55.267539978027344,100,100,85.71428680419922,85.71428680419922,75,80,71.42857360839844,76.19047546386719,5.424604415893555,17179869184,2147483648,6902726656,905510912
