Delta,Time,CPU_FREQUENCY_0,CPU_FREQUENCY_1,CPU_FREQUENCY_2,CPU_FREQUENCY_3,CPU_FREQUENCY_4,CPU_FREQUENCY_5,CPU_FREQUENCY_6,CPU_FREQUENCY_7,CPU_TEMP_0,CPU_TEMP_1,CPU_TEMP_2,CPU_TEMP_3,CPU_TEMP_4,CPU_TEMP_5,CPU_TEMP_6,CPU_TEMP_7,CPU_TEMP_8,CPU_TEMP_9,CPU_USAGE_0,CPU_USAGE_1,CPU_USAGE_2,CPU_USAGE_3,CPU_USAGE_4,CPU_USAGE_5,CPU_USAGE_6,CPU_USAGE_7,SYSTEM_POWER (Watts),TOTAL_MEMORY,TOTAL_SWAP,USED_MEMORY,USED_SWAP
0,1760620655029,3228,3228,3228,3228,3228,3228,3228,3228,57.32292175292969,55.935813903808594,54.99725341796875,56.826297760009766,56.14733123779297,55.01729965209961,56.999141693115234,54.175048828125,54.58022689819336,54.58857727050781,50,100,NaN,NaN,0,0,0,0,3.797248363494873,17179869184,2147483648,7445069824,964231168
205,1760620655029,3228,3228,3228,3228,3228,3228,3228,3228,57.32292175292969,55.935813903808594,54.99725341796875,56.826297760009766,56.14733123779297,55.01729965209961,56.999141693115234,54.175048828125,54.58022689819336,54.58857727050781,0,50,66.66667175292969,0,100,0,0,0,3.797248363494873,17179869184,2147483648,7445053440,964231168
209,1760620655235,3228,3228,3228,3228,3228,3228,3228,3228,58.61494064331055,56.780460357666016,55.973907470703125,58.61070251464844,58.05217742919922,57.005836486816406,58.114810943603516,55.41179656982422,55.08380126953125,55.31915283203125,21.052631378173828,20,80,76.19047546386719,33.333335876464844,23.809524536132813,14.285715103149414,9.523809432983398,3.797248363494873,17179869184,2147483648,7445053440,964231168
209,1760620655445,3228,3228,3228,3228,3228,3228,3228,3228,58.61494064331055,56.780460357666016,55.973907470703125,58.61070251464844,58.05217742919922,57.005836486816406,58.114810943603516,55.41179656982422,55.08380126953125,55.31915283203125,31.81818199157715,31.81818199157715,66.66667175292969,61.904762268066406,25,9.523809432983398,4.761904716491699,0,3.797248363494873,17179869184,2147483648,7445053440,964231168
9,1760620655655,3228,3228,3228,3228,3228,3228,3228,3228,58.61494064331055,56.780460357666016,55.973907470703125,58.61070251464844,58.05217742919922,57.005836486816406,58.114810943603516,55.41179656982422,55.08380126953125,55.31915283203125,52.38095474243164,55,55,59.09090805053711,22.72727394104004,5,4.761904716491699,4.761904716491699,5.044408321380615,17179869184,2147483648,7443595264,964231168
