Delta,Time,CPU_FREQUENCY_0,CPU_FREQUENCY_1,CPU_FREQUENCY_2,CPU_FREQUENCY_3,CPU_FREQUENCY_4,CPU_FREQUENCY_5,CPU_FREQUENCY_6,CPU_FREQUENCY_7,CPU_TEMP_0,CPU_TEMP_1,CPU_TEMP_2,CPU_TEMP_3,CPU_TEMP_4,CPU_TEMP_5,CPU_TEMP_6,CPU_TEMP_7,CPU_TEMP_8,CPU_TEMP_9,CPU_USAGE_0,CPU_USAGE_1,CPU_USAGE_2,CPU_USAGE_3,CPU_USAGE_4,CPU_USAGE_5,CPU_USAGE_6,CPU_USAGE_7,SYSTEM_POWER (Watts),TOTAL_MEMORY,TOTAL_SWAP,USED_MEMORY,USED_SWAP
0,1760624533269,3228,3228,3228,3228,3228,3228,3228,3228,53.9703369140625,53.1861572265625,52.73126983642578,54.243988037109375,53.17396545410156,52.42125701904297,54.12803268432617,50.77926254272461,51.146148681640625,51.834129333496094,NaN,100,0,0,0,0,0,0,2.9278745651245117,17179869184,2147483648,7310721024,947453952
209,1760624533270,3228,3228,3228,3228,3228,3228,3228,3228,53.9703369140625,53.1861572265625,52.73126983642578,54.243988037109375,53.17396545410156,52.42125701904297,54.12803268432617,50.77926254272461,51.146148681640625,51.834129333496094,100,100,0,50,0,0,0,0,2.9278745651245117,17179869184,2147483648,7311785984,947453952
209,1760624533480,3228,3228,3228,3228,3228,3228,3228,3228,53.9703369140625,53.1861572265625,52.73126983642578,54.243988037109375,53.17396545410156,52.42125701904297,54.12803268432617,50.77926254272461,51.146148681640625,51.834129333496094,42.85714340209961,40,61.904762268066406,50,61.904762268066406,10,9.090909004211426,4.761904716491699,2.9278745651245117,17179869184,2147483648,7382335488,947453952
209,1760624533690,3228,3228,3228,3228,3228,3228,3228,3228,53.9703369140625,53.1861572265625,52.73126983642578,54.243988037109375,53.17396545410156,52.42125701904297,54.12803268432617,50.77926254272461,51.146148681640625,51.834129333496094,66.66667175292969,38.095237731933594,9.523809432983398,85.71428680419922,9.523809432983398,0,0,0,3.4026315212249756,17179869184,2147483648,7382335488,947453952
9,1760624533900,3228,3228,3228,3228,3228,3228,3228,3228,53.9703369140625,53.1861572265625,52.73126983642578,54.243988037109375,53.17396545410156,52.42125701904297,54.12803268432617,50.77926254272461,51.146148681640625,51.834129333496094,75,59.09090805053711,20,19.047618865966797,19.047618865966797,0,0,0,3.4026315212249756,17179869184,2147483648,7317405696,947453952
