Delta,Time,CPU_FREQUENCY_0,CPU_FREQUENCY_1,CPU_FREQUENCY_2,CPU_FREQUENCY_3,CPU_FREQUENCY_4,CPU_FREQUENCY_5,CPU_FREQUENCY_6,CPU_FREQUENCY_7,CPU_TEMP_0,CPU_TEMP_1,CPU_TEMP_2,CPU_TEMP_3,CPU_TEMP_4,CPU_TEMP_5,CPU_TEMP_6,CPU_TEMP_7,CPU_TEMP_8,CPU_TEMP_9,CPU_USAGE_0,CPU_USAGE_1,CPU_USAGE_2,CPU_USAGE_3,CPU_USAGE_4,CPU_USAGE_5,CPU_USAGE_6,CPU_USAGE_7,SYSTEM_POWER (Watts),TOTAL_MEMORY,TOTAL_SWAP,USED_MEMORY,USED_SWAP
0,1760643834941,3228,3228,3228,3228,3228,3228,3228,3228,55.235923767089844,54.22893524169922,53.896270751953125,54.85567092895508,53.881568908691406,53.28085708618164,55.555580139160156,52.41487503051758,52.458473205566406,53.158714294433594,NaN,0,100,50,NaN,0,100,50,5.460720062255859,17179869184,2147483648,7471742976,905510912
205,1760643834941,3228,3228,3228,3228,3228,3228,3228,3228,55.235923767089844,54.22893524169922,53.896270751953125,54.85567092895508,53.881568908691406,53.28085708618164,55.555580139160156,52.41487503051758,52.458473205566406,53.158714294433594,0,NaN,50,0,0,0,50,0,5.460720062255859,17179869184,2147483648,7471742976,905510912
202,1760643835147,3228,3228,3228,3228,3228,3228,3228,3228,56.11273193359375,54.970027923583984,54.419525146484375,55.97885513305664,55.10302734375,54.697120666503906,56.627254486083984,53.072723388671875,53.06425857543945,53.77385711669922,66.66667175292969,71.42857360839844,75,28.571430206298828,30.000001907348633,10,0,0,5.460720062255859,17179869184,2147483648,7471742976,905510912
209,1760643835350,3228,3228,3228,3228,3228,3228,3228,3228,56.11273193359375,54.970027923583984,54.419525146484375,55.97885513305664,55.10302734375,54.697120666503906,56.627254486083984,53.072723388671875,53.06425857543945,53.77385711669922,60.000003814697266,71.42857360839844,60.000003814697266,10,31.81818199157715,0,0,0,5.460720062255859,17179869184,2147483648,7471742976,905510912
8,1760643835560,3228,3228,3228,3228,3228,3228,3228,3228,56.11273193359375,54.970027923583984,54.419525146484375,55.97885513305664,55.10302734375,54.697120666503906,56.627254486083984,53.072723388671875,53.06425857543945,53.77385711669922,57.142860412597656,50,57.142860412597656,0,0,0,4.761904716491699,0,4.466498374938965,17179869184,2147483648,7496220672,905510912
