Delta,Time,CPU_FREQUENCY_0,CPU_FREQUENCY_1,CPU_FREQUENCY_2,CPU_FREQUENCY_3,CPU_FREQUENCY_4,CPU_FREQUENCY_5,CPU_FREQUENCY_6,CPU_FREQUENCY_7,CPU_TEMP_0,CPU_TEMP_1,CPU_TEMP_2,CPU_TEMP_3,CPU_TEMP_4,CPU_TEMP_5,CPU_TEMP_6,CPU_TEMP_7,CPU_TEMP_8,CPU_TEMP_9,CPU_USAGE_0,CPU_USAGE_1,CPU_USAGE_2,CPU_USAGE_3,CPU_USAGE_4,CPU_USAGE_5,CPU_USAGE_6,CPU_USAGE_7,SYSTEM_POWER (Watts),TOTAL_MEMORY,TOTAL_SWAP,USED_MEMORY,USED_SWAP
0,1760648714205,3228,3228,3228,3228,3228,3228,3228,3228,55.9758415222168,55.15914535522461,54.55278778076172,57.09446334838867,55.80290222167969,54.99089050292969,56.2403678894043,53.81947708129883,53.26899719238281,53.78789520263672,50,NaN,100,100,NaN,100,NaN,66.66667175292969,3.9268417358398438,17179869184,2147483648,7994982400,905510912
209,1760648714205,3228,3228,3228,3228,3228,3228,3228,3228,55.9758415222168,55.15914535522461,54.55278778076172,57.09446334838867,55.80290222167969,54.99089050292969,56.2403678894043,53.81947708129883,53.26899719238281,53.78789520263672,NaN,50,NaN,NaN,50,0,0,NaN,3.9268417358398438,17179869184,2147483648,7997865984,905510912
200,1760648714415,3228,3228,3228,3228,3228,3228,3228,3228,55.9758415222168,55.15914535522461,54.55278778076172,57.09446334838867,55.80290222167969,54.99089050292969,56.2403678894043,53.81947708129883,53.26899719238281,53.78789520263672,30.000001907348633,23.809524536132813,76.19047546386719,66.66667175292969,45,20,9.090909004211426,4.761904716491699,3.9268417358398438,17179869184,2147483648,8034844672,905510912
9,1760648714616,3228,3228,3228,3228,3228,3228,3228,3228,55.9758415222168,55.15914535522461,54.55278778076172,57.09446334838867,55.80290222167969,54.99089050292969,56.2403678894043,53.81947708129883,53.26899719238281,53.78789520263672,38.095237731933594,25,60.000003814697266,15.000000953674316,5,0,0,0,4.806235313415527,17179869184,2147483648,7996293120,905510912
