Delta,Time,CPU_FREQUENCY_0,CPU_FREQUENCY_1,CPU_FREQUENCY_2,CPU_FREQUENCY_3,CPU_FREQUENCY_4,CPU_FREQUENCY_5,CPU_FREQUENCY_6,CPU_FREQUENCY_7,CPU_TEMP_0,CPU_TEMP_1,CPU_TEMP_2,CPU_TEMP_3,CPU_TEMP_4,CPU_TEMP_5,CPU_TEMP_6,CPU_TEMP_7,CPU_TEMP_8,CPU_TEMP_9,CPU_USAGE_0,CPU_USAGE_1,CPU_USAGE_2,CPU_USAGE_3,CPU_USAGE_4,CPU_USAGE_5,CPU_USAGE_6,CPU_USAGE_7,SYSTEM_POWER (Watts),TOTAL_MEMORY,TOTAL_SWAP,USED_MEMORY,USED_SWAP
0,1760631760082,3228,3228,3228,3228,3228,3228,3228,3228,57.34336853027344,56.724212646484375,55.95525360107422,57.3892822265625,57.586387634277344,56.41570281982422,57.470462799072266,54.91443634033203,54.8788948059082,55.30693817138672,50,NaN,100,0,0,0,0,0,3.4594385623931885,17179869184,2147483648,7806648320,922288128
209,1760631760082,3228,3228,3228,3228,3228,3228,3228,3228,57.34336853027344,56.724212646484375,55.95525360107422,57.3892822265625,57.586387634277344,56.41570281982422,57.470462799072266,54.91443634033203,54.8788948059082,55.30693817138672,NaN,50,0,100,0,0,0,0,3.4594385623931885,17179869184,2147483648,7804911616,922288128
209,1760631760292,3228,3228,3228,3228,3228,3228,3228,3228,57.34336853027344,56.724212646484375,55.95525360107422,57.3892822265625,57.586387634277344,56.41570281982422,57.470462799072266,54.91443634033203,54.8788948059082,55.30693817138672,42.85714340209961,65,50,42.85714340209961,0,4.761904716491699,0,0,3.4594385623931885,17179869184,2147483648,7866482688,922288128
209,1760631760502,3228,3228,3228,3228,3228,3228,3228,3228,57.34336853027344,56.724212646484375,55.95525360107422,57.3892822265625,57.586387634277344,56.41570281982422,57.470462799072266,54.91443634033203,54.8788948059082,55.30693817138672,68.18181610107422,63.6363639831543,50,52.38095474243164,0,0,0,0,4.631030082702637,17179869184,2147483648,7865679872,922288128
9,1760631760711,3228,3228,3228,3228,3228,3228,3228,3228,57.34336853027344,56.724212646484375,55.95525360107422,57.3892822265625,57.586387634277344,56.41570281982422,57.470462799072266,54.91443634033203,54.8788948059082,55.30693817138672,65,70,9.523809432983398,10,40,4.761904716491699,0,0,4.631030082702637,17179869184,2147483648,7808712704,922288128
