Delta,Time,CPU_FREQUENCY_0,CPU_FREQUENCY_1,CPU_FREQUENCY_2,CPU_FREQUENCY_3,CPU_FREQUENCY_4,CPU_FREQUENCY_5,CPU_FREQUENCY_6,CPU_FREQUENCY_7,CPU_TEMP_0,CPU_TEMP_1,CPU_TEMP_2,CPU_TEMP_3,CPU_TEMP_4,CPU_TEMP_5,CPU_TEMP_6,CPU_TEMP_7,CPU_TEMP_8,CPU_TEMP_9,CPU_USAGE_0,CPU_USAGE_1,CPU_USAGE_2,CPU_USAGE_3,CPU_USAGE_4,CPU_USAGE_5,CPU_USAGE_6,CPU_USAGE_7,SYSTEM_POWER (Watts),TOTAL_MEMORY,TOTAL_SWAP,USED_MEMORY,USED_SWAP
0,1760617723729,3228,3228,3228,3228,3228,3228,3228,3228,52.78995895385742,51.86433410644531,51.634559631347656,53.332698822021484,51.997161865234375,50.99678039550781,53.38820266723633,50.16599655151367,50.56377410888672,50.379058837890625,0,50,100,100,NaN,100,NaN,50,4.218027591705322,17179869184,2147483648,6868303872,981008384
209,1760617723729,3228,3228,3228,3228,3228,3228,3228,3228,52.78995895385742,51.86433410644531,51.634559631347656,53.332698822021484,51.997161865234375,50.99678039550781,53.38820266723633,50.16599655151367,50.56377410888672,50.379058837890625,NaN,0,NaN,NaN,100,0,50,NaN,4.218027591705322,17179869184,2147483648,6868303872,981008384
209,1760617723939,3228,3228,3228,3228,3228,3228,3228,3228,52.78995895385742,51.86433410644531,51.634559631347656,53.332698822021484,51.997161865234375,50.99678039550781,53.38820266723633,50.16599655151367,50.56377410888672,50.379058837890625,4.545454502105713,0,90.90909576416016,28.571430206298828,68.18181610107422,13.043478012084961,4.761904716491699,0,4.218027591705322,17179869184,2147483648,6868303872,981008384
10,1760617724149,3228,3228,3228,3228,3228,3228,3228,3228,54.53054428100586,53.09951400756836,53.56736755371094,56.71444320678711,55.240928649902344,55.23426055908203,55.40717697143555,52.05609893798828,51.5323600769043,51.72211456298828,10,18.18181800842285,52.38095474243164,40.90909194946289,0,0,0,0,4.218027591705322,17179869184,2147483648,6868303872,981008384
