Delta,Time,CPU_FREQUENCY_0,CPU_FREQUENCY_1,CPU_FREQUENCY_2,CPU_FREQUENCY_3,CPU_FREQUENCY_4,CPU_FREQUENCY_5,CPU_FREQUENCY_6,CPU_FREQUENCY_7,CPU_TEMP_0,CPU_TEMP_1,CPU_TEMP_2,CPU_TEMP_3,CPU_TEMP_4,CPU_TEMP_5,CPU_TEMP_6,CPU_TEMP_7,CPU_TEMP_8,CPU_TEMP_9,CPU_USAGE_0,CPU_USAGE_1,CPU_USAGE_2,CPU_USAGE_3,CPU_USAGE_4,CPU_USAGE_5,CPU_USAGE_6,CPU_USAGE_7,SYSTEM_POWER (Watts),TOTAL_MEMORY,TOTAL_SWAP,USED_MEMORY,USED_SWAP
0,1760652883224,3228,3228,3228,3228,3228,3228,3228,3228,51.68229675292969,50.40061569213867,49.96534729003906,51.500728607177734,50.80072021484375,50.30565643310547,51.90201187133789,48.3922119140625,49.74293518066406,49.470985412597656,NaN,0,0,0,0,0,0,0,3.2621753215789795,17179869184,2147483648,8079228928,897122304
209,1760652883225,3228,3228,3228,3228,3228,3228,3228,3228,51.68229675292969,50.40061569213867,49.96534729003906,51.500728607177734,50.80072021484375,50.30565643310547,51.90201187133789,48.3922119140625,49.74293518066406,49.470985412597656,50,100,0,100,0,0,NaN,0,3.2621753215789795,17179869184,2147483648,8079147008,897122304
209,1760652883435,3228,3228,3228,3228,3228,3228,3228,3228,51.68229675292969,50.40061569213867,49.96534729003906,51.500728607177734,50.80072021484375,50.30565643310547,51.90201187133789,48.3922119140625,49.74293518066406,49.470985412597656,60.000003814697266,71.42857360839844,71.42857360839844,28.571430206298828,42.85714340209961,14.285715103149414,18.18181800842285,9.523809432983398,3.2621753215789795,17179869184,2147483648,8136130560,897122304
200,1760652883645,3228,3228,3228,3228,3228,3228,3228,3228,51.68229675292969,50.40061569213867,49.96534729003906,51.500728607177734,50.80072021484375,50.30565643310547,51.90201187133789,48.3922119140625,49.74293518066406,49.470985412597656,57.142860412597656,52.38095474243164,75,0,23.809524536132813,0,0,0,2.9266698360443115,17179869184,2147483648,8130117632,897122304
8,1760652883845,3228,3228,3228,3228,3228,3228,3228,3228,51.68229675292969,50.40061569213867,49.96534729003906,51.500728607177734,50.80072021484375,50.30565643310547,51.90201187133789,48.3922119140625,49.74293518066406,49.470985412597656,57.142860412597656,50,40,5.263157844543457,0,10.526315689086914,0,0,2.9266698360443115,17179869184,2147483648,8078819328,897122304
