Delta,Time,CPU_FREQUENCY_0,CPU_FREQUENCY_1,CPU_FREQUENCY_2,CPU_FREQUENCY_3,CPU_FREQUENCY_4,CPU_FREQUENCY_5,CPU_FREQUENCY_6,CPU_FREQUENCY_7,CPU_TEMP_0,CPU_TEMP_1,CPU_TEMP_2,CPU_TEMP_3,CPU_TEMP_4,CPU_TEMP_5,CPU_TEMP_6,CPU_TEMP_7,CPU_TEMP_8,CPU_TEMP_9,CPU_USAGE_0,CPU_USAGE_1,CPU_USAGE_2,CPU_USAGE_3,CPU_USAGE_4,CPU_USAGE_5,CPU_USAGE_6,CPU_USAGE_7,SYSTEM_POWER (Watts),TOTAL_MEMORY,TOTAL_SWAP,USED_MEMORY,USED_SWAP
0,1760622233439,3228,3228,3228,3228,3228,3228,3228,3228,57.43732452392578,56.88106918334961,55.999366760253906,57.71907424926758,56.877967834472656,56.032188415527344,57.46759796142578,54.53278732299805,54.88691711425781,55.700103759765625,50,0,NaN,0,0,0,0,0,3.923214912414551,17179869184,2147483648,7839727616,955842560
209,1760622233440,3228,3228,3228,3228,3228,3228,3228,3228,57.43732452392578,56.88106918334961,55.999366760253906,57.71907424926758,56.877967834472656,56.032188415527344,57.46759796142578,54.53278732299805,54.88691711425781,55.700103759765625,NaN,100,100,100,NaN,100,0,0,3.923214912414551,17179869184,2147483648,7841333248,955842560
209,1760622233649,3228,3228,3228,3228,3228,3228,3228,3228,57.43732452392578,56.88106918334961,55.999366760253906,57.71907424926758,56.877967834472656,56.032188415527344,57.46759796142578,54.53278732299805,54.88691711425781,55.700103759765625,42.85714340209961,36.3636360168457,68.18181610107422,95.23809814453125,27.272727966308594,14.285715103149414,4.761904716491699,4.545454502105713,3.978778123855591,17179869184,2147483648,7943094272,955842560
209,1760622233859,3228,3228,3228,3228,3228,3228,3228,3228,57.43732452392578,56.88106918334961,55.999366760253906,57.71907424926758,56.877967834472656,56.032188415527344,57.46759796142578,54.53278732299805,54.88691711425781,55.700103759765625,47.619049072265625,40,76.19047546386719,66.66667175292969,22.72727394104004,13.636363983154297,4.761904716491699,0,3.978778123855591,17179869184,2147483648,7938834432,955842560
9,1760622234070,3228,3228,3228,3228,3228,3228,3228,3228,57.43732452392578,56.88106918334961,55.999366760253906,57.71907424926758,56.877967834472656,56.032188415527344,57.46759796142578,54.53278732299805,54.88691711425781,55.700103759765625,33.333335876464844,28.571430206298828,57.142860412597656,57.142860412597656,35,14.285715103149414,4.761904716491699,4.761904716491699,3.978778123855591,17179869184,2147483648,7849574400,955842560
