Delta,Time,CPU_FREQUENCY_0,CPU_FREQUENCY_1,CPU_FREQUENCY_2,CPU_FREQUENCY_3,CPU_FREQUENCY_4,CPU_FREQUENCY_5,CPU_FREQUENCY_6,CPU_FREQUENCY_7,CPU_TEMP_0,CPU_TEMP_1,CPU_TEMP_2,CPU_TEMP_3,CPU_TEMP_4,CPU_TEMP_5,CPU_TEMP_6,CPU_TEMP_7,CPU_TEMP_8,CPU_TEMP_9,CPU_USAGE_0,CPU_USAGE_1,CPU_USAGE_2,CPU_USAGE_3,CPU_USAGE_4,CPU_USAGE_5,CPU_USAGE_6,CPU_USAGE_7,SYSTEM_POWER (Watts),TOTAL_MEMORY,TOTAL_SWAP,USED_MEMORY,USED_SWAP
0,1760640754338,3228,3228,3228,3228,3228,3228,3228,3228,62.08761215209961,61.09346008300781,60.486228942871094,63.638427734375,62.427085876464844,61.68796920776367,62.53402328491211,59.33816909790039,59.49346923828125,59.99281311035156,100,NaN,0,0,0,0,0,0,7.787659645080566,17179869184,2147483648,8516091904,905510912
209,1760640754338,3228,3228,3228,3228,3228,3228,3228,3228,62.08761215209961,61.09346008300781,60.486228942871094,63.638427734375,62.427085876464844,61.68796920776367,62.53402328491211,59.33816909790039,59.49346923828125,59.99281311035156,NaN,100,0,100,0,0,NaN,0,7.787659645080566,17179869184,2147483648,8517550080,905510912
202,1760640754548,3228,3228,3228,3228,3228,3228,3228,3228,62.08761215209961,61.09346008300781,60.486228942871094,63.638427734375,62.427085876464844,61.68796920776367,62.53402328491211,59.33816909790039,59.49346923828125,59.99281311035156,100,100,76.19047546386719,40,33.333335876464844,28.571430206298828,23.809524536132813,20,7.777081489562988,17179869184,2147483648,8602468352,905510912
17,1760640754753,3228,3228,3228,3228,3228,3228,3228,3228,62.08761215209961,61.09346008300781,60.486228942871094,63.638427734375,62.427085876464844,61.68796920776367,62.53402328491211,59.33816909790039,59.49346923828125,59.99281311035156,100,100,35,57.142860412597656,33.333335876464844,33.333335876464844,26.3157901763916,33.333335876464844,7.777081489562988,17179869184,2147483648,8493039616,905510912
