Delta,Time,CPU_FREQUENCY_0,CPU_FREQUENCY_1,CPU_FREQUENCY_2,CPU_FREQUENCY_3,CPU_FREQUENCY_4,CPU_FREQUENCY_5,CPU_FREQUENCY_6,CPU_FREQUENCY_7,CPU_TEMP_0,CPU_TEMP_1,CPU_TEMP_2,CPU_TEMP_3,CPU_TEMP_4,CPU_TEMP_5,CPU_TEMP_6,CPU_TEMP_7,CPU_TEMP_8,CPU_TEMP_9,CPU_USAGE_0,CPU_USAGE_1,CPU_USAGE_2,CPU_USAGE_3,CPU_USAGE_4,CPU_USAGE_5,CPU_USAGE_6,CPU_USAGE_7,SYSTEM_POWER (Watts),TOTAL_MEMORY,TOTAL_SWAP,USED_MEMORY,USED_SWAP
0,1760646509131,3228,3228,3228,3228,3228,3228,3228,3228,56.79495620727539,55.40914535522461,54.62550354003906,57.78679656982422,57.219749450683594,56.05793762207031,56.841922760009766,54.15896987915039,53.530574798583984,54.29004669189453,100,100,100,0,0,0,0,0,3.5107178688049316,17179869184,2147483648,7963246592,905510912
203,1760646509131,3228,3228,3228,3228,3228,3228,3228,3228,56.79495620727539,55.40914535522461,54.62550354003906,57.78679656982422,57.219749450683594,56.05793762207031,56.841922760009766,54.15896987915039,53.530574798583984,54.29004669189453,100,100,100,NaN,0,100,50,NaN,3.5107178688049316,17179869184,2147483648,7967621120,905510912
15,1760646509335,3228,3228,3228,3228,3228,3228,3228,3228,56.79495620727539,55.40914535522461,54.62550354003906,57.78679656982422,57.219749450683594,56.05793762207031,56.841922760009766,54.15896987915039,53.530574798583984,54.29004669189453,90.47618865966797,90.47618865966797,86.36363983154297,19.047618865966797,10,0,0,0,3.5107178688049316,17179869184,2147483648,7965032448,905510912
