Delta,Time,CPU_FREQUENCY_0,CPU_FREQUENCY_1,CPU_FREQUENCY_2,CPU_FREQUENCY_3,CPU_FREQUENCY_4,CPU_FREQUENCY_5,CPU_FREQUENCY_6,CPU_FREQUENCY_7,CPU_TEMP_0,CPU_TEMP_1,CPU_TEMP_2,CPU_TEMP_3,CPU_TEMP_4,CPU_TEMP_5,CPU_TEMP_6,CPU_TEMP_7,CPU_TEMP_8,CPU_TEMP_9,CPU_USAGE_0,CPU_USAGE_1,CPU_USAGE_2,CPU_USAGE_3,CPU_USAGE_4,CPU_USAGE_5,CPU_USAGE_6,CPU_USAGE_7,SYSTEM_POWER (Watts),TOTAL_MEMORY,TOTAL_SWAP,USED_MEMORY,USED_SWAP
0,1760650475801,3228,3228,3228,3228,3228,3228,3228,3228,53.45936965942383,52.34135818481445,51.68428039550781,52.67932891845703,52.61284637451172,51.784934997558594,53.531455993652344,50.45758056640625,51.25762176513672,51.45518493652344,50,100,0,0,0,0,0,0,2.936735153198242,17179869184,2147483648,7717502976,897122304
209,1760650475802,3228,3228,3228,3228,3228,3228,3228,3228,53.45936965942383,52.34135818481445,51.68428039550781,52.67932891845703,52.61284637451172,51.784934997558594,53.531455993652344,50.45758056640625,51.25762176513672,51.45518493652344,NaN,0,100,50,0,0,0,0,2.936735153198242,17179869184,2147483648,7716569088,897122304
209,1760650476012,3228,3228,3228,3228,3228,3228,3228,3228,54.326541900634766,52.813087463378906,52.09648132324219,54.04880905151367,53.894287109375,52.455020904541016,54.154422760009766,50.932708740234375,51.326141357421875,51.587928771972656,54.54545593261719,42.85714340209961,59.09090805053711,60.000003814697266,13.636363983154297,10,9.523809432983398,0,2.936735153198242,17179869184,2147483648,7776272384,897122304
209,1760650476222,3228,3228,3228,3228,3228,3228,3228,3228,54.326541900634766,52.813087463378906,52.09648132324219,54.04880905151367,53.894287109375,52.455020904541016,54.154422760009766,50.932708740234375,51.326141357421875,51.587928771972656,65,40.90909194946289,33.333335876464844,71.42857360839844,0,4.545454502105713,0,0,2.936735153198242,17179869184,2147483648,7782547456,897122304
9,1760650476431,3228,3228,3228,3228,3228,3228,3228,3228,54.326541900634766,52.813087463378906,52.09648132324219,54.04880905151367,53.894287109375,52.455020904541016,54.154422760009766,50.932708740234375,51.326141357421875,51.587928771972656,61.904762268066406,75,66.66667175292969,14.285715103149414,0,0,0,0,2.936735153198242,17179869184,2147483648,7697924096,897122304
