Delta,Time,CPU_FREQUENCY_0,CPU_FREQUENCY_1,CPU_FREQUENCY_2,CPU_FREQUENCY_3,CPU_FREQUENCY_4,CPU_FREQUENCY_5,CPU_FREQUENCY_6,CPU_FREQUENCY_7,CPU_TEMP_0,CPU_TEMP_1,CPU_TEMP_2,CPU_TEMP_3,CPU_TEMP_4,CPU_TEMP_5,CPU_TEMP_6,CPU_TEMP_7,CPU_TEMP_8,CPU_TEMP_9,CPU_USAGE_0,CPU_USAGE_1,CPU_USAGE_2,CPU_USAGE_3,CPU_USAGE_4,CPU_USAGE_5,CPU_USAGE_6,CPU_USAGE_7,SYSTEM_POWER (Watts),TOTAL_MEMORY,TOTAL_SWAP,USED_MEMORY,USED_SWAP
0,1760647722910,3228,3228,3228,3228,3228,3228,3228,3228,54.036033630371094,53.38832092285156,52.904937744140625,54.75904846191406,53.59181213378906,52.88239288330078,54.84140396118164,51.30951690673828,52.0499382019043,51.424827575683594,0,NaN,50,100,0,0,0,0,4.02824068069458,17179869184,2147483648,7869202432,905510912
209,1760647722910,3228,3228,3228,3228,3228,3228,3228,3228,54.036033630371094,53.38832092285156,52.904937744140625,54.75904846191406,53.59181213378906,52.88239288330078,54.84140396118164,51.30951690673828,52.0499382019043,51.424827575683594,100,66.66667175292969,100,100,100,100,50,0,4.02824068069458,17179869184,2147483648,7869759488,905510912
209,1760647723120,3228,3228,3228,3228,3228,3228,3228,3228,55.190895080566406,53.75599670410156,53.36116027832031,55.6327018737793,56.11293029785156,54.99903106689453,55.27716827392578,52.211517333984375,52.530548095703125,52.52001953125,61.904762268066406,50,20,66.66667175292969,45,9.523809432983398,5,9.523809432983398,4.02824068069458,17179869184,2147483648,7929282560,905510912
10,1760647723330,3228,3228,3228,3228,3228,3228,3228,3228,55.190895080566406,53.75599670410156,53.36116027832031,55.6327018737793,56.11293029785156,54.99903106689453,55.27716827392578,52.211517333984375,52.530548095703125,52.52001953125,70,52.38095474243164,9.523809432983398,0,4.545454502105713,9.523809432983398,0,0,4.02824068069458,17179869184,2147483648,7863943168,905510912
