Delta,Time,CPU_FREQUENCY_0,CPU_FREQUENCY_1,CPU_FREQUENCY_2,CPU_FREQUENCY_3,CPU_FREQUENCY_4,CPU_FREQUENCY_5,CPU_FREQUENCY_6,CPU_FREQUENCY_7,CPU_TEMP_0,CPU_TEMP_1,CPU_TEMP_2,CPU_TEMP_3,CPU_TEMP_4,CPU_TEMP_5,CPU_TEMP_6,CPU_TEMP_7,CPU_TEMP_8,CPU_TEMP_9,CPU_USAGE_0,CPU_USAGE_1,CPU_USAGE_2,CPU_USAGE_3,CPU_USAGE_4,CPU_USAGE_5,CPU_USAGE_6,CPU_USAGE_7,SYSTEM_POWER (Watts),TOTAL_MEMORY,TOTAL_SWAP,USED_MEMORY,USED_SWAP
0,1760645994166,3228,3228,3228,3228,3228,3228,3228,3228,56.15510177612305,55.16530990600586,54.412269592285156,56.343772888183594,55.863197326660156,55.29877853393555,56.81723403930664,53.967037200927734,54.04822540283203,54.029685974121094,100,100,50,0,50,0,0,0,11.112566947937012,17179869184,2147483648,7547748352,905510912
201,1760645994166,3228,3228,3228,3228,3228,3228,3228,3228,56.15510177612305,55.16530990600586,54.412269592285156,56.343772888183594,55.863197326660156,55.29877853393555,56.81723403930664,53.967037200927734,54.04822540283203,54.029685974121094,100,100,0,50,0,NaN,0,0,11.112566947937012,17179869184,2147483648,7547895808,905510912
202,1760645994367,3228,3228,3228,3228,3228,3228,3228,3228,56.15510177612305,55.16530990600586,54.412269592285156,56.343772888183594,55.863197326660156,55.29877853393555,56.81723403930664,53.967037200927734,54.04822540283203,54.029685974121094,89.47368621826172,80.95238494873047,47.36842346191406,42.85714340209961,42.105262756347656,55,19.047618865966797,0,11.112566947937012,17179869184,2147483648,7547895808,905510912
10,1760645994570,3228,3228,3228,3228,3228,3228,3228,3228,56.15510177612305,55.16530990600586,54.412269592285156,56.343772888183594,55.863197326660156,55.29877853393555,56.81723403930664,53.967037200927734,54.04822540283203,54.029685974121094,85.71428680419922,85,40,31.57894515991211,28.571430206298828,23.809524536132813,0,5,7.545095443725586,17179869184,2147483648,7547895808,905510912
