Delta,Time,CPU_FREQUENCY_0,CPU_FREQUENCY_1,CPU_FREQUENCY_2,CPU_FREQUENCY_3,CPU_FREQUENCY_4,CPU_FREQUENCY_5,CPU_FREQUENCY_6,CPU_FREQUENCY_7,CPU_TEMP_0,CPU_TEMP_1,CPU_TEMP_2,CPU_TEMP_3,CPU_TEMP_4,CPU_TEMP_5,CPU_TEMP_6,CPU_TEMP_7,CPU_TEMP_8,CPU_TEMP_9,CPU_USAGE_0,CPU_USAGE_1,CPU_USAGE_2,CPU_USAGE_3,CPU_USAGE_4,CPU_USAGE_5,CPU_USAGE_6,CPU_USAGE_7,SYSTEM_POWER (Watts),TOTAL_MEMORY,TOTAL_SWAP,USED_MEMORY,USED_SWAP
0,1760629249981,3228,3228,3228,3228,3228,3228,3228,3228,55.326717376708984,54.857845306396484,53.881263732910156,55.147762298583984,55.04502868652344,53.84665298461914,55.346614837646484,52.34050750732422,53.39446258544922,53.34831237792969,50,0,100,0,50,50,0,0,3.0744385719299316,17179869184,2147483648,6893682688,939065344
201,1760629249981,3228,3228,3228,3228,3228,3228,3228,3228,55.326717376708984,54.857845306396484,53.881263732910156,55.147762298583984,55.04502868652344,53.84665298461914,55.346614837646484,52.34050750732422,53.39446258544922,53.34831237792969,0,0,100,100,0,0,0,0,3.0744385719299316,17179869184,2147483648,6893584384,939065344
206,1760629250183,3228,3228,3228,3228,3228,3228,3228,3228,55.12343215942383,55.000240325927734,54.039390563964844,55.46747589111328,54.89299774169922,54.27653884887695,55.26493453979492,52.4653434753418,53.24201965332031,53.357749938964844,47.36842346191406,52.6315803527832,23.809524536132813,80.95238494873047,10.526315689086914,5.263157844543457,0,0,3.0744385719299316,17179869184,2147483648,6958170112,939065344
209,1760629250390,3228,3228,3228,3228,3228,3228,3228,3228,55.12343215942383,55.000240325927734,54.039390563964844,55.46747589111328,54.89299774169922,54.27653884887695,55.26493453979492,52.4653434753418,53.24201965332031,53.357749938964844,66.66667175292969,57.142860412597656,71.42857360839844,28.571430206298828,0,0,0,0,3.0744385719299316,17179869184,2147483648,6939787264,939065344
9,1760629250600,3228,3228,3228,3228,3228,3228,3228,3228,55.12343215942383,55.000240325927734,54.039390563964844,55.46747589111328,54.89299774169922,54.27653884887695,55.26493453979492,52.4653434753418,53.24201965332031,53.357749938964844,52.38095474243164,66.66667175292969,14.285715103149414,57.894737243652344,0,4.545454502105713,0,0,3.299396276473999,17179869184,2147483648,6893682688,939065344
