Delta,Time,CPU_FREQUENCY_0,CPU_FREQUENCY_1,CPU_FREQUENCY_2,CPU_FREQUENCY_3,CPU_FREQUENCY_4,CPU_FREQUENCY_5,CPU_FREQUENCY_6,CPU_FREQUENCY_7,CPU_TEMP_0,CPU_TEMP_1,CPU_TEMP_2,CPU_TEMP_3,CPU_TEMP_4,CPU_TEMP_5,CPU_TEMP_6,CPU_TEMP_7,CPU_TEMP_8,CPU_TEMP_9,CPU_USAGE_0,CPU_USAGE_1,CPU_USAGE_2,CPU_USAGE_3,CPU_USAGE_4,CPU_USAGE_5,CPU_USAGE_6,CPU_USAGE_7,SYSTEM_POWER (Watts),TOTAL_MEMORY,TOTAL_SWAP,USED_MEMORY,USED_SWAP
0,1760648736108,3228,3228,3228,3228,3228,3228,3228,3228,55.83000946044922,54.285789489746094,53.585662841796875,56.173221588134766,54.94434356689453,54.935482025146484,56.209842681884766,53.62533187866211,53.0190315246582,53.25654602050781,100,100,100,100,100,100,100,100,5.480803489685059,17179869184,2147483648,8013922304,905510912
209,1760648736108,3228,3228,3228,3228,3228,3228,3228,3228,55.83000946044922,54.285789489746094,53.585662841796875,56.173221588134766,54.94434356689453,54.935482025146484,56.209842681884766,53.62533187866211,53.0190315246582,53.25654602050781,100,100,100,100,100,100,100,100,5.480803489685059,17179869184,2147483648,8015478784,905510912
209,1760648736318,3228,3228,3228,3228,3228,3228,3228,3228,55.83000946044922,54.285789489746094,53.585662841796875,56.173221588134766,54.94434356689453,54.935482025146484,56.209842681884766,53.62533187866211,53.0190315246582,53.25654602050781,100,100,52.38095474243164,57.142860412597656,47.619049072265625,14.285715103149414,10,10,5.480803489685059,17179869184,2147483648,8015478784,905510912
201,1760648736528,3228,3228,3228,3228,3228,3228,3228,3228,55.83000946044922,54.285789489746094,53.585662841796875,56.173221588134766,54.94434356689453,54.935482025146484,56.209842681884766,53.62533187866211,53.0190315246582,53.25654602050781,100,100,76.19047546386719,28.571430206298828,52.38095474243164,23.809524536132813,23.809524536132813,23.809524536132813,7.006587982177734,17179869184,2147483648,8015478784,905510912
9,1760648736730,3228,3228,3228,3228,3228,3228,3228,3228,55.83000946044922,54.285789489746094,53.585662841796875,56.173221588134766,54.94434356689453,54.935482025146484,56.209842681884766,53.62533187866211,53.0190315246582,53.25654602050781,100,100,57.142860412597656,9.523809432983398,0,9.523809432983398,0,0,7.006587982177734,17179869184,2147483648,8012496896,905510912
