Delta,Time,CPU_FREQUENCY_0,CPU_FREQUENCY_1,CPU_FREQUENCY_2,CPU_FREQUENCY_3,CPU_FREQUENCY_4,CPU_FREQUENCY_5,CPU_FREQUENCY_6,CPU_FREQUENCY_7,CPU_TEMP_0,CPU_TEMP_1,CPU_TEMP_2,CPU_TEMP_3,CPU_TEMP_4,CPU_TEMP_5,CPU_TEMP_6,CPU_TEMP_7,CPU_TEMP_8,CPU_TEMP_9,CPU_USAGE_0,CPU_USAGE_1,CPU_USAGE_2,CPU_USAGE_3,CPU_USAGE_4,CPU_USAGE_5,CPU_USAGE_6,CPU_USAGE_7,SYSTEM_POWER (Watts),TOTAL_MEMORY,TOTAL_SWAP,USED_MEMORY,USED_SWAP
0,1760624313655,3228,3228,3228,3228,3228,3228,3228,3228,55.70066833496094,55.47728729248047,54.58940887451172,55.99140930175781,55.27765655517578,54.038597106933594,55.72246551513672,52.66695785522461,53.08625411987305,54.23970031738281,100,100,100,0,0,0,0,0,3.812049150466919,17179869184,2147483648,7175421952,947453952
208,1760624313655,3228,3228,3228,3228,3228,3228,3228,3228,55.70066833496094,55.47728729248047,54.58940887451172,55.99140930175781,55.27765655517578,54.038597106933594,55.72246551513672,52.66695785522461,53.08625411987305,54.23970031738281,100,100,100,100,50,100,0,0,3.812049150466919,17179869184,2147483648,7173668864,947453952
209,1760624313863,3228,3228,3228,3228,3228,3228,3228,3228,55.70066833496094,55.47728729248047,54.58940887451172,55.99140930175781,55.27765655517578,54.038597106933594,55.72246551513672,52.66695785522461,53.08625411987305,54.23970031738281,25,25,66.66667175292969,71.42857360839844,60.000003814697266,31.81818199157715,14.285715103149414,9.523809432983398,3.812049150466919,17179869184,2147483648,7229063168,947453952
6,1760624314073,3228,3228,3228,3228,3228,3228,3228,3228,55.70066833496094,55.47728729248047,54.58940887451172,55.99140930175781,55.27765655517578,54.038597106933594,55.72246551513672,52.66695785522461,53.08625411987305,54.23970031738281,42.85714340209961,38.095237731933594,52.38095474243164,19.047618865966797,4.761904716491699,4.761904716491699,0,0,3.812049150466919,17179869184,2147483648,7127072768,947453952
