Delta,Time,CPU_FREQUENCY_0,CPU_FREQUENCY_1,CPU_FREQUENCY_2,CPU_FREQUENCY_3,CPU_FREQUENCY_4,CPU_FREQUENCY_5,CPU_FREQUENCY_6,CPU_FREQUENCY_7,CPU_TEMP_0,CPU_TEMP_1,CPU_TEMP_2,CPU_TEMP_3,CPU_TEMP_4,CPU_TEMP_5,CPU_TEMP_6,CPU_TEMP_7,CPU_TEMP_8,CPU_TEMP_9,CPU_USAGE_0,CPU_USAGE_1,CPU_USAGE_2,CPU_USAGE_3,CPU_USAGE_4,CPU_USAGE_5,CPU_USAGE_6,CPU_USAGE_7,SYSTEM_POWER (Watts),TOTAL_MEMORY,TOTAL_SWAP,USED_MEMORY,USED_SWAP
0,1760641945528,3228,3228,3228,3228,3228,3228,3228,3228,51.78468704223633,50.31367492675781,50.08241271972656,50.94736862182617,50.31294250488281,50.03673553466797,51.745582580566406,48.16422653198242,49.06689453125,49.46070861816406,0,0,NaN,0,0,0,0,0,2.121894359588623,17179869184,2147483648,7352877056,905510912
209,1760641945528,3228,3228,3228,3228,3228,3228,3228,3228,51.78468704223633,50.31367492675781,50.08241271972656,50.94736862182617,50.31294250488281,50.03673553466797,51.745582580566406,48.16422653198242,49.06689453125,49.46070861816406,0,50,50,100,0,0,0,0,2.121894359588623,17179869184,2147483648,7352877056,905510912
209,1760641945738,3228,3228,3228,3228,3228,3228,3228,3228,51.78468704223633,50.31367492675781,50.08241271972656,50.94736862182617,50.31294250488281,50.03673553466797,51.745582580566406,48.16422653198242,49.06689453125,49.46070861816406,0,4.545454502105713,71.42857360839844,23.809524536132813,0,9.090909004211426,0,0,2.025346517562866,17179869184,2147483648,7418904576,905510912
10,1760641945948,3228,3228,3228,3228,3228,3228,3228,3228,51.78468704223633,50.31367492675781,50.08241271972656,50.94736862182617,50.31294250488281,50.03673553466797,51.745582580566406,48.16422653198242,49.06689453125,49.46070861816406,9.090909004211426,0,0,47.619049072265625,0,0,0,0,2.025346517562866,17179869184,2147483648,7418904576,905510912
