Delta,Time,CPU_FREQUENCY_0,CPU_FREQUENCY_1,CPU_FREQUENCY_2,CPU_FREQUENCY_3,CPU_FREQUENCY_4,CPU_FREQUENCY_5,CPU_FREQUENCY_6,CPU_FREQUENCY_7,CPU_TEMP_0,CPU_TEMP_1,CPU_TEMP_2,CPU_TEMP_3,CPU_TEMP_4,CPU_TEMP_5,CPU_TEMP_6,CPU_TEMP_7,CPU_TEMP_8,CPU_TEMP_9,CPU_USAGE_0,CPU_USAGE_1,CPU_USAGE_2,CPU_USAGE_3,CPU_USAGE_4,CPU_USAGE_5,CPU_USAGE_6,CPU_USAGE_7,SYSTEM_POWER (Watts),TOTAL_MEMORY,TOTAL_SWAP,USED_MEMORY,USED_SWAP
0,1760653700033,3228,3228,3228,3228,3228,3228,3228,3228,52.35774230957031,51.8170051574707,50.57526397705078,51.58198547363281,50.882469177246094,50.209938049316406,52.2506103515625,49.55231475830078,49.98015594482422,49.71527862548828,NaN,100,0,0,0,0,0,0,2.9036593437194824,17179869184,2147483648,7333445632,897122304
200,1760653700033,3228,3228,3228,3228,3228,3228,3228,3228,52.35774230957031,51.8170051574707,50.57526397705078,51.58198547363281,50.882469177246094,50.209938049316406,52.2506103515625,49.55231475830078,49.98015594482422,49.71527862548828,100,100,0,0,0,NaN,0,0,2.9036593437194824,17179869184,2147483648,7333445632,897122304
208,1760653700233,3228,3228,3228,3228,3228,3228,3228,3228,52.15940475463867,52.08507537841797,50.601165771484375,52.03510284423828,51.248260498046875,50.406227111816406,52.298213958740234,49.398338317871094,50.171199798583984,49.938880920410156,55,76.19047546386719,90,5,4.761904716491699,5,0,0,2.9036593437194824,17179869184,2147483648,7333445632,897122304
9,1760653700442,3228,3228,3228,3228,3228,3228,3228,3228,52.15940475463867,52.08507537841797,50.601165771484375,52.03510284423828,51.248260498046875,50.406227111816406,52.298213958740234,49.398338317871094,50.171199798583984,49.938880920410156,38.095237731933594,35,68.18181610107422,55,5,9.523809432983398,0,0,2.9036593437194824,17179869184,2147483648,7333445632,897122304
