Delta,Time,CPU_FREQUENCY_0,CPU_FREQUENCY_1,CPU_FREQUENCY_2,CPU_FREQUENCY_3,CPU_FREQUENCY_4,CPU_FREQUENCY_5,CPU_FREQUENCY_6,CPU_FREQUENCY_7,CPU_TEMP_0,CPU_TEMP_1,CPU_TEMP_2,CPU_TEMP_3,CPU_TEMP_4,CPU_TEMP_5,CPU_TEMP_6,CPU_TEMP_7,CPU_TEMP_8,CPU_TEMP_9,CPU_USAGE_0,CPU_USAGE_1,CPU_USAGE_2,CPU_USAGE_3,CPU_USAGE_4,CPU_USAGE_5,CPU_USAGE_6,CPU_USAGE_7,SYSTEM_POWER (Watts),TOTAL_MEMORY,TOTAL_SWAP,USED_MEMORY,USED_SWAP
0,1760641456677,3228,3228,3228,3228,3228,3228,3228,3228,57.346797943115234,56.825950622558594,55.51917266845703,57.91752243041992,57.23193359375,56.105323791503906,57.58375930786133,54.3556022644043,54.79412078857422,55.641517639160156,100,100,0,0,0,0,0,0,5.917198657989502,17179869184,2147483648,6966738944,905510912
204,1760641456677,3228,3228,3228,3228,3228,3228,3228,3228,57.346797943115234,56.825950622558594,55.51917266845703,57.91752243041992,57.23193359375,56.105323791503906,57.58375930786133,54.3556022644043,54.79412078857422,55.641517639160156,50,NaN,NaN,100,0,0,0,0,5.917198657989502,17179869184,2147483648,6965870592,905510912
204,1760641456882,3228,3228,3228,3228,3228,3228,3228,3228,57.346797943115234,56.825950622558594,55.51917266845703,57.91752243041992,57.23193359375,56.105323791503906,57.58375930786133,54.3556022644043,54.79412078857422,55.641517639160156,15.000000953674316,14.285715103149414,52.38095474243164,4.761904716491699,36.842105865478516,5,0,0,5.917198657989502,17179869184,2147483648,7036616704,905510912
204,1760641457087,3228,3228,3228,3228,3228,3228,3228,3228,58.31830978393555,57.450191497802734,57.192054748535156,61.3580436706543,58.13630676269531,57.864707946777344,58.80875015258789,55.53676223754883,55.25592803955078,56.180198669433594,15.000000953674316,10,95,0,4.761904716491699,4.761904716491699,0,0,5.917198657989502,17179869184,2147483648,7037075456,905510912
10,1760641457292,3228,3228,3228,3228,3228,3228,3228,3228,58.31830978393555,57.450191497802734,57.192054748535156,61.3580436706543,58.13630676269531,57.864707946777344,58.80875015258789,55.53676223754883,55.25592803955078,56.180198669433594,25,19.047618865966797,30.000001907348633,0,0,0,0,0,5.917198657989502,17179869184,2147483648,6961872896,905510912
