Delta,Time,CPU_FREQUENCY_0,CPU_FREQUENCY_1,CPU_FREQUENCY_2,CPU_FREQUENCY_3,CPU_FREQUENCY_4,CPU_FREQUENCY_5,CPU_FREQUENCY_6,CPU_FREQUENCY_7,CPU_TEMP_0,CPU_TEMP_1,CPU_TEMP_2,CPU_TEMP_3,CPU_TEMP_4,CPU_TEMP_5,CPU_TEMP_6,CPU_TEMP_7,CPU_TEMP_8,CPU_TEMP_9,CPU_USAGE_0,CPU_USAGE_1,CPU_USAGE_2,CPU_USAGE_3,CPU_USAGE_4,CPU_USAGE_5,CPU_USAGE_6,CPU_USAGE_7,SYSTEM_POWER (Watts),TOTAL_MEMORY,TOTAL_SWAP,USED_MEMORY,USED_SWAP
0,1760621099491,3228,3228,3228,3228,3228,3228,3228,3228,53.9921760559082,52.940452575683594,52.259132385253906,53.524356842041016,53.15403747558594,52.33217239379883,54.02573776245117,50.27927780151367,51.54637145996094,51.5435791015625,100,0,0,0,0,0,0,0,3.186978578567505,17179869184,2147483648,7752417280,955842560
206,1760621099491,3228,3228,3228,3228,3228,3228,3228,3228,53.9921760559082,52.940452575683594,52.259132385253906,53.524356842041016,53.15403747558594,52.33217239379883,54.02573776245117,50.27927780151367,51.54637145996094,51.5435791015625,0,0,100,100,100,0,0,0,3.186978578567505,17179869184,2147483648,7752531968,955842560
209,1760621099698,3228,3228,3228,3228,3228,3228,3228,3228,53.9921760559082,52.940452575683594,52.259132385253906,53.524356842041016,53.15403747558594,52.33217239379883,54.02573776245117,50.27927780151367,51.54637145996094,51.5435791015625,28.571430206298828,42.85714340209961,80.95238494873047,42.85714340209961,50,10,4.761904716491699,4.761904716491699,3.526082992553711,17179869184,2147483648,7848280064,955842560
10,1760621099908,3228,3228,3228,3228,3228,3228,3228,3228,53.9921760559082,52.940452575683594,52.259132385253906,53.524356842041016,53.15403747558594,52.33217239379883,54.02573776245117,50.27927780151367,51.54637145996094,51.5435791015625,61.904762268066406,42.85714340209961,28.571430206298828,14.285715103149414,0,4.761904716491699,0,0,3.526082992553711,17179869184,2147483648,7848280064,955842560
