Delta,Time,CPU_FREQUENCY_0,CPU_FREQUENCY_1,CPU_FREQUENCY_2,CPU_FREQUENCY_3,CPU_FREQUENCY_4,CPU_FREQUENCY_5,CPU_FREQUENCY_6,CPU_FREQUENCY_7,CPU_TEMP_0,CPU_TEMP_1,CPU_TEMP_2,CPU_TEMP_3,CPU_TEMP_4,CPU_TEMP_5,CPU_TEMP_6,CPU_TEMP_7,CPU_TEMP_8,CPU_TEMP_9,CPU_USAGE_0,CPU_USAGE_1,CPU_USAGE_2,CPU_USAGE_3,CPU_USAGE_4,CPU_USAGE_5,CPU_USAGE_6,CPU_USAGE_7,SYSTEM_POWER (Watts),TOTAL_MEMORY,TOTAL_SWAP,USED_MEMORY,USED_SWAP
0,1760654884261,3228,3228,3228,3228,3228,3228,3228,3228,57.68333053588867,56.74348831176758,56.46582794189453,57.638179779052734,57.00602722167969,56.83501434326172,57.45106506347656,55.39200973510742,55.330116271972656,55.40277099609375,NaN,100,0,0,0,0,0,0,10.105315208435059,17179869184,2147483648,7637467136,897122304
209,1760654884262,3228,3228,3228,3228,3228,3228,3228,3228,57.68333053588867,56.74348831176758,56.46582794189453,57.638179779052734,57.00602722167969,56.83501434326172,57.45106506347656,55.39200973510742,55.330116271972656,55.40277099609375,100,100,100,100,100,100,100,100,10.105315208435059,17179869184,2147483648,7638630400,897122304
206,1760654884472,3228,3228,3228,3228,3228,3228,3228,3228,57.68333053588867,56.74348831176758,56.46582794189453,57.638179779052734,57.00602722167969,56.83501434326172,57.45106506347656,55.39200973510742,55.330116271972656,55.40277099609375,66.66667175292969,60.000003814697266,25,77.2727279663086,18.18181800842285,13.636363983154297,13.636363983154297,5,10.105315208435059,17179869184,2147483648,7700316160,897122304
10,1760654884679,3228,3228,3228,3228,3228,3228,3228,3228,57.68333053588867,56.74348831176758,56.46582794189453,57.638179779052734,57.00602722167969,56.83501434326172,57.45106506347656,55.39200973510742,55.330116271972656,55.40277099609375,80,81.81818389892578,0,45,0,0,0,0,8.7702054977417,17179869184,2147483648,7633518592,897122304
