Delta,Time,CPU_FREQUENCY_0,CPU_FREQUENCY_1,CPU_FREQUENCY_2,CPU_FREQUENCY_3,CPU_FREQUENCY_4,CPU_FREQUENCY_5,CPU_FREQUENCY_6,CPU_FREQUENCY_7,CPU_TEMP_0,CPU_TEMP_1,CPU_TEMP_2,CPU_TEMP_3,CPU_TEMP_4,CPU_TEMP_5,CPU_TEMP_6,CPU_TEMP_7,CPU_TEMP_8,CPU_TEMP_9,CPU_USAGE_0,CPU_USAGE_1,CPU_USAGE_2,CPU_USAGE_3,CPU_USAGE_4,CPU_USAGE_5,CPU_USAGE_6,CPU_USAGE_7,SYSTEM_POWER (Watts),TOTAL_MEMORY,TOTAL_SWAP,USED_MEMORY,USED_SWAP
0,1760617102416,3228,3228,3228,3228,3228,3228,3228,3228,55.47597885131836,54.92635726928711,54.16895294189453,55.96424865722656,55.55242919921875,54.38705825805664,56.01559066772461,52.77146530151367,53.371337890625,53.723358154296875,0,50,100,0,0,50,0,0,3.7345669269561768,17179869184,2147483648,7209402368,981008384
206,1760617102416,3228,3228,3228,3228,3228,3228,3228,3228,55.47597885131836,54.92635726928711,54.16895294189453,55.96424865722656,55.55242919921875,54.38705825805664,56.01559066772461,52.77146530151367,53.371337890625,53.723358154296875,0,100,100,NaN,50,0,50,0,3.7345669269561768,17179869184,2147483648,7209402368,981008384
207,1760617102622,3228,3228,3228,3228,3228,3228,3228,3228,55.47597885131836,54.92635726928711,54.16895294189453,55.96424865722656,55.55242919921875,54.38705825805664,56.01559066772461,52.77146530151367,53.371337890625,53.723358154296875,35,30.000001907348633,70,66.66667175292969,40,38.095237731933594,14.285715103149414,4.761904716491699,3.7345669269561768,17179869184,2147483648,7209402368,981008384
10,1760617102831,3228,3228,3228,3228,3228,3228,3228,3228,55.47597885131836,54.92635726928711,54.16895294189453,55.96424865722656,55.55242919921875,54.38705825805664,56.01559066772461,52.77146530151367,53.371337890625,53.723358154296875,36.3636360168457,25,66.66667175292969,42.85714340209961,9.523809432983398,4.761904716491699,0,0,3.7345669269561768,17179869184,2147483648,7209402368,981008384
