Delta,Time,CPU_FREQUENCY_0,CPU_FREQUENCY_1,CPU_FREQUENCY_2,CPU_FREQUENCY_3,CPU_FREQUENCY_4,CPU_FREQUENCY_5,CPU_FREQUENCY_6,CPU_FREQUENCY_7,CPU_TEMP_0,CPU_TEMP_1,CPU_TEMP_2,CPU_TEMP_3,CPU_TEMP_4,CPU_TEMP_5,CPU_TEMP_6,CPU_TEMP_7,CPU_TEMP_8,CPU_TEMP_9,CPU_USAGE_0,CPU_USAGE_1,CPU_USAGE_2,CPU_USAGE_3,CPU_USAGE_4,CPU_USAGE_5,CPU_USAGE_6,CPU_USAGE_7,SYSTEM_POWER (Watts),TOTAL_MEMORY,TOTAL_SWAP,USED_MEMORY,USED_SWAP
0,1760617734680,3228,3228,3228,3228,3228,3228,3228,3228,52.81592559814453,51.754051208496094,50.778839111328125,52.252071380615234,53.247337341308594,51.654457092285156,52.856266021728516,49.603111267089844,50.46226501464844,49.69718933105469,100,NaN,50,0,0,0,0,0,3.7323646545410156,17179869184,2147483648,6835617792,981008384
209,1760617734681,3228,3228,3228,3228,3228,3228,3228,3228,52.81592559814453,51.754051208496094,50.778839111328125,52.252071380615234,53.247337341308594,51.654457092285156,52.856266021728516,49.603111267089844,50.46226501464844,49.69718933105469,100,100,NaN,100,0,0,0,0,3.7323646545410156,17179869184,2147483648,6835896320,981008384
203,1760617734891,3228,3228,3228,3228,3228,3228,3228,3228,52.81592559814453,51.754051208496094,50.778839111328125,52.252071380615234,53.247337341308594,51.654457092285156,52.856266021728516,49.603111267089844,50.46226501464844,49.69718933105469,80,76.19047546386719,71.42857360839844,75,33.333335876464844,13.636363983154297,9.090909004211426,9.090909004211426,3.7323646545410156,17179869184,2147483648,6896189440,981008384
10,1760617735095,3228,3228,3228,3228,3228,3228,3228,3228,54.43714904785156,52.61353302001953,52.677581787109375,54.90176773071289,55.72620391845703,55.055938720703125,54.00456237792969,50.661563873291016,51.385982513427734,51.24855041503906,71.42857360839844,47.619049072265625,70,31.81818199157715,4.761904716491699,0,0,0,3.7323646545410156,17179869184,2147483648,6837174272,981008384
