Delta,Time,CPU_FREQUENCY_0,CPU_FREQUENCY_1,CPU_FREQUENCY_2,CPU_FREQUENCY_3,CPU_FREQUENCY_4,CPU_FREQUENCY_5,CPU_FREQUENCY_6,CPU_FREQUENCY_7,CPU_TEMP_0,CPU_TEMP_1,CPU_TEMP_2,CPU_TEMP_3,CPU_TEMP_4,CPU_TEMP_5,CPU_TEMP_6,CPU_TEMP_7,CPU_TEMP_8,CPU_TEMP_9,CPU_USAGE_0,CPU_USAGE_1,CPU_USAGE_2,CPU_USAGE_3,CPU_USAGE_4,CPU_USAGE_5,CPU_USAGE_6,CPU_USAGE_7,SYSTEM_POWER (Watts),TOTAL_MEMORY,TOTAL_SWAP,USED_MEMORY,USED_SWAP
0,1760619083403,3228,3228,3228,3228,3228,3228,3228,3228,55.40681838989258,54.37114334106445,53.5274658203125,54.99693298339844,54.603065490722656,53.747215270996094,55.16694641113281,52.12348556518555,52.694000244140625,53.220237731933594,NaN,NaN,0,0,0,0,0,0,3.15515398979187,17179869184,2147483648,7480426496,972619776
209,1760619083404,3228,3228,3228,3228,3228,3228,3228,3228,55.40681838989258,54.37114334106445,53.5274658203125,54.99693298339844,54.603065490722656,53.747215270996094,55.16694641113281,52.12348556518555,52.694000244140625,53.220237731933594,100,100,100,100,0,0,0,0,3.15515398979187,17179869184,2147483648,7481917440,972619776
203,1760619083614,3228,3228,3228,3228,3228,3228,3228,3228,55.40681838989258,54.37114334106445,53.5274658203125,54.99693298339844,54.603065490722656,53.747215270996094,55.16694641113281,52.12348556518555,52.694000244140625,53.220237731933594,61.904762268066406,50,95.23809814453125,0,0,4.545454502105713,0,0,2.8520562648773193,17179869184,2147483648,7575093248,972619776
9,1760619083817,3228,3228,3228,3228,3228,3228,3228,3228,55.40681838989258,54.37114334106445,53.5274658203125,54.99693298339844,54.603065490722656,53.747215270996094,55.16694641113281,52.12348556518555,52.694000244140625,53.220237731933594,52.6315803527832,52.38095474243164,40,5,0,0,0,0,2.8520562648773193,17179869184,2147483648,7480557568,972619776
