Delta,Time,CPU_FREQUENCY_0,CPU_FREQUENCY_1,CPU_FREQUENCY_2,CPU_FREQUENCY_3,CPU_FREQUENCY_4,CPU_FREQUENCY_5,CPU_FREQUENCY_6,CPU_FREQUENCY_7,CPU_TEMP_0,CPU_TEMP_1,CPU_TEMP_2,CPU_TEMP_3,CPU_TEMP_4,CPU_TEMP_5,CPU_TEMP_6,CPU_TEMP_7,CPU_TEMP_8,CPU_TEMP_9,CPU_USAGE_0,CPU_USAGE_1,CPU_USAGE_2,CPU_USAGE_3,CPU_USAGE_4,CPU_USAGE_5,CPU_USAGE_6,CPU_USAGE_7,SYSTEM_POWER (Watts),TOTAL_MEMORY,TOTAL_SWAP,USED_MEMORY,USED_SWAP
0,1760641692509,3228,3228,3228,3228,3228,3228,3228,3228,52.571388244628906,52.46821594238281,51.54143524169922,52.696754455566406,52.6431884765625,51.69694519042969,53.67084884643555,50.05921936035156,50.660465240478516,51.510009765625,0,0,0,0,0,0,0,0,2.146859884262085,17179869184,2147483648,7278247936,905510912
204,1760641692509,3228,3228,3228,3228,3228,3228,3228,3228,52.571388244628906,52.46821594238281,51.54143524169922,52.696754455566406,52.6431884765625,51.69694519042969,53.67084884643555,50.05921936035156,50.660465240478516,51.510009765625,0,0,NaN,50,0,0,0,0,2.146859884262085,17179869184,2147483648,7279230976,905510912
204,1760641692714,3228,3228,3228,3228,3228,3228,3228,3228,52.571388244628906,52.46821594238281,51.54143524169922,52.696754455566406,52.6431884765625,51.69694519042969,53.67084884643555,50.05921936035156,50.660465240478516,51.510009765625,9.523809432983398,5,76.19047546386719,10,14.285715103149414,0,0,0,2.179025888442993,17179869184,2147483648,7348731904,905510912
204,1760641692920,3228,3228,3228,3228,3228,3228,3228,3228,52.571388244628906,52.46821594238281,51.54143524169922,52.696754455566406,52.6431884765625,51.69694519042969,53.67084884643555,50.05921936035156,50.660465240478516,51.510009765625,0,4.761904716491699,80,0,20,0,0,0,2.179025888442993,17179869184,2147483648,7348928512,905510912
10,1760641693125,3228,3228,3228,3228,3228,3228,3228,3228,54.4965934753418,53.24482345581055,54.442161560058594,58.445438385009766,54.1346435546875,53.82207489013672,54.97264862060547,51.8126335144043,51.40104293823242,52.67853546142578,5,5,47.619049072265625,9.523809432983398,0,0,0,0,2.179025888442993,17179869184,2147483648,7299842048,905510912
