Delta,Time,CPU_FREQUENCY_0,CPU_FREQUENCY_1,CPU_FREQUENCY_2,CPU_FREQUENCY_3,CPU_FREQUENCY_4,CPU_FREQUENCY_5,CPU_FREQUENCY_6,CPU_FREQUENCY_7,CPU_TEMP_0,CPU_TEMP_1,CPU_TEMP_2,CPU_TEMP_3,CPU_TEMP_4,CPU_TEMP_5,CPU_TEMP_6,CPU_TEMP_7,CPU_TEMP_8,CPU_TEMP_9,CPU_USAGE_0,CPU_USAGE_1,CPU_USAGE_2,CPU_USAGE_3,CPU_USAGE_4,CPU_USAGE_5,CPU_USAGE_6,CPU_USAGE_7,SYSTEM_POWER (Watts),TOTAL_MEMORY,TOTAL_SWAP,USED_MEMORY,USED_SWAP
0,1760637179909,3228,3228,3228,3228,3228,3228,3228,3228,59.064754486083984,57.50178146362305,56.853248596191406,59.180171966552734,58.796363830566406,57.629154205322266,59.03462219238281,55.93613052368164,55.91249465942383,56.39654541015625,0,0,NaN,0,0,0,0,0,9.73019027709961,17179869184,2147483648,9160392704,913899520
209,1760637179909,3228,3228,3228,3228,3228,3228,3228,3228,59.064754486083984,57.50178146362305,56.853248596191406,59.180171966552734,58.796363830566406,57.629154205322266,59.03462219238281,55.93613052368164,55.91249465942383,56.39654541015625,0,0,100,0,100,0,0,0,9.73019027709961,17179869184,2147483648,9160491008,913899520
201,1760637180119,3228,3228,3228,3228,3228,3228,3228,3228,59.064754486083984,57.50178146362305,56.853248596191406,59.180171966552734,58.796363830566406,57.629154205322266,59.03462219238281,55.93613052368164,55.91249465942383,56.39654541015625,55,50,90,71.42857360839844,20,10,9.523809432983398,0,9.73019027709961,17179869184,2147483648,9213722624,913899520
209,1760637180320,3228,3228,3228,3228,3228,3228,3228,3228,60.71172332763672,58.159507751464844,58.037322998046875,61.798797607421875,61.283660888671875,59.57457733154297,59.65003204345703,57.0828742980957,56.513031005859375,57.56327819824219,65,57.142860412597656,28.571430206298828,71.42857360839844,10,10.526315689086914,0,5,9.73019027709961,17179869184,2147483648,9222242304,913899520
9,1760637180530,3228,3228,3228,3228,3228,3228,3228,3228,60.71172332763672,58.159507751464844,58.037322998046875,61.798797607421875,61.283660888671875,59.57457733154297,59.65003204345703,57.0828742980957,56.513031005859375,57.56327819824219,45.45454788208008,40,80,40,18.18181800842285,9.090909004211426,0,0,9.73019027709961,17179869184,2147483648,9156362240,913899520
