Delta,Time,CPU_FREQUENCY_0,CPU_FREQUENCY_1,CPU_FREQUENCY_2,CPU_FREQUENCY_3,CPU_FREQUENCY_4,CPU_FREQUENCY_5,CPU_FREQUENCY_6,CPU_FREQUENCY_7,CPU_TEMP_0,CPU_TEMP_1,CPU_TEMP_2,CPU_TEMP_3,CPU_TEMP_4,CPU_TEMP_5,CPU_TEMP_6,CPU_TEMP_7,CPU_TEMP_8,CPU_TEMP_9,CPU_USAGE_0,CPU_USAGE_1,CPU_USAGE_2,CPU_USAGE_3,CPU_USAGE_4,CPU_USAGE_5,CPU_USAGE_6,CPU_USAGE_7,SYSTEM_POWER (Watts),TOTAL_MEMORY,TOTAL_SWAP,USED_MEMORY,USED_SWAP
0,1760648692089,3228,3228,3228,3228,3228,3228,3228,3228,59.48905563354492,57.962120056152344,57.300437927246094,60.43167495727539,59.97615051269531,58.79073715209961,60.403141021728516,57.476539611816406,55.71992874145508,56.27397155761719,100,100,0,NaN,0,NaN,0,0,6.233997344970703,17179869184,2147483648,8042807296,905510912
209,1760648692089,3228,3228,3228,3228,3228,3228,3228,3228,59.48905563354492,57.962120056152344,57.300437927246094,60.43167495727539,59.97615051269531,58.79073715209961,60.403141021728516,57.476539611816406,55.71992874145508,56.27397155761719,NaN,100,NaN,0,NaN,50,NaN,100,6.233997344970703,17179869184,2147483648,8042807296,905510912
209,1760648692299,3228,3228,3228,3228,3228,3228,3228,3228,59.48905563354492,57.962120056152344,57.300437927246094,60.43167495727539,59.97615051269531,58.79073715209961,60.403141021728516,57.476539611816406,55.71992874145508,56.27397155761719,95.45454406738281,95.23809814453125,47.619049072265625,42.85714340209961,28.571430206298828,23.809524536132813,15.000000953674316,13.636363983154297,6.233997344970703,17179869184,2147483648,8042807296,905510912
8,1760648692509,3228,3228,3228,3228,3228,3228,3228,3228,59.48905563354492,57.962120056152344,57.300437927246094,60.43167495727539,59.97615051269531,58.79073715209961,60.403141021728516,57.476539611816406,55.71992874145508,56.27397155761719,66.66667175292969,70,57.142860412597656,45.45454788208008,31.81818199157715,25,27.272727966308594,10,8.20495891571045,17179869184,2147483648,8042807296,905510912
