Delta,Time,CPU_FREQUENCY_0,CPU_FREQUENCY_1,CPU_FREQUENCY_2,CPU_FREQUENCY_3,CPU_FREQUENCY_4,CPU_FREQUENCY_5,CPU_FREQUENCY_6,CPU_FREQUENCY_7,CPU_TEMP_0,CPU_TEMP_1,CPU_TEMP_2,CPU_TEMP_3,CPU_TEMP_4,CPU_TEMP_5,CPU_TEMP_6,CPU_TEMP_7,CPU_TEMP_8,CPU_TEMP_9,CPU_USAGE_0,CPU_USAGE_1,CPU_USAGE_2,CPU_USAGE_3,CPU_USAGE_4,CPU_USAGE_5,CPU_USAGE_6,CPU_USAGE_7,SYSTEM_POWER (Watts),TOTAL_MEMORY,TOTAL_SWAP,USED_MEMORY,USED_SWAP
0,1760638016253,3228,3228,3228,3228,3228,3228,3228,3228,58.23013687133789,57.06386184692383,56.025543212890625,57.617374420166016,56.758872985839844,56.47264862060547,58.42576217651367,55.240631103515625,56.032772064208984,55.906585693359375,100,100,0,0,0,0,0,0,3.4227705001831055,17179869184,2147483648,8042496000,913899520
209,1760638016253,3228,3228,3228,3228,3228,3228,3228,3228,58.23013687133789,57.06386184692383,56.025543212890625,57.617374420166016,56.758872985839844,56.47264862060547,58.42576217651367,55.240631103515625,56.032772064208984,55.906585693359375,100,NaN,NaN,100,0,0,0,0,3.4227705001831055,17179869184,2147483648,8041021440,913899520
209,1760638016463,3228,3228,3228,3228,3228,3228,3228,3228,58.23013687133789,57.06386184692383,56.025543212890625,57.617374420166016,56.758872985839844,56.47264862060547,58.42576217651367,55.240631103515625,56.032772064208984,55.906585693359375,71.42857360839844,45.45454788208008,95.45454406738281,13.636363983154297,0,0,0,0,3.4227705001831055,17179869184,2147483648,8106901504,913899520
9,1760638016673,3228,3228,3228,3228,3228,3228,3228,3228,58.23013687133789,57.06386184692383,56.025543212890625,57.617374420166016,56.758872985839844,56.47264862060547,58.42576217651367,55.240631103515625,56.032772064208984,55.906585693359375,52.38095474243164,33.333335876464844,45,55,9.523809432983398,5,4.761904716491699,4.545454502105713,4.237592697143555,17179869184,2147483648,8029011968,913899520
