Delta,Time,CPU_FREQUENCY_0,CPU_FREQUENCY_1,CPU_FREQUENCY_2,CPU_FREQUENCY_3,CPU_FREQUENCY_4,CPU_FREQUENCY_5,CPU_FREQUENCY_6,CPU_FREQUENCY_7,CPU_TEMP_0,CPU_TEMP_1,CPU_TEMP_2,CPU_TEMP_3,CPU_TEMP_4,CPU_TEMP_5,CPU_TEMP_6,CPU_TEMP_7,CPU_TEMP_8,CPU_TEMP_9,CPU_USAGE_0,CPU_USAGE_1,CPU_USAGE_2,CPU_USAGE_3,CPU_USAGE_4,CPU_USAGE_5,CPU_USAGE_6,CPU_USAGE_7,SYSTEM_POWER (Watts),TOTAL_MEMORY,TOTAL_SWAP,USED_MEMORY,USED_SWAP
0,1760642281392,3228,3228,3228,3228,3228,3228,3228,3228,52.10816955566406,50.88912582397461,50.83942413330078,51.75313186645508,51.02381896972656,49.93825912475586,51.99126052856445,48.37228012084961,49.057682037353516,49.42291259765625,50,50,0,0,0,0,0,0,3.010862112045288,17179869184,2147483648,6969655296,905510912
209,1760642281392,3228,3228,3228,3228,3228,3228,3228,3228,52.10816955566406,50.88912582397461,50.83942413330078,51.75313186645508,51.02381896972656,49.93825912475586,51.99126052856445,48.37228012084961,49.057682037353516,49.42291259765625,NaN,NaN,0,100,0,0,0,0,3.010862112045288,17179869184,2147483648,6970867712,905510912
208,1760642281602,3228,3228,3228,3228,3228,3228,3228,3228,52.10816955566406,50.88912582397461,50.83942413330078,51.75313186645508,51.02381896972656,49.93825912475586,51.99126052856445,48.37228012084961,49.057682037353516,49.42291259765625,42.85714340209961,52.38095474243164,100,36.3636360168457,23.809524536132813,4.761904716491699,5,4.761904716491699,3.268885374069214,17179869184,2147483648,7025590272,905510912
10,1760642281810,3228,3228,3228,3228,3228,3228,3228,3228,52.10816955566406,50.88912582397461,50.83942413330078,51.75313186645508,51.02381896972656,49.93825912475586,51.99126052856445,48.37228012084961,49.057682037353516,49.42291259765625,30.000001907348633,85.71428680419922,28.571430206298828,0,4.545454502105713,4.761904716491699,0,0,3.268885374069214,17179869184,2147483648,6960070656,905510912
