Delta,Time,CPU_FREQUENCY_0,CPU_FREQUENCY_1,CPU_FREQUENCY_2,CPU_FREQUENCY_3,CPU_FREQUENCY_4,CPU_FREQUENCY_5,CPU_FREQUENCY_6,CPU_FREQUENCY_7,CPU_TEMP_0,CPU_TEMP_1,CPU_TEMP_2,CPU_TEMP_3,CPU_TEMP_4,CPU_TEMP_5,CPU_TEMP_6,CPU_TEMP_7,CPU_TEMP_8,CPU_TEMP_9,CPU_USAGE_0,CPU_USAGE_1,CPU_USAGE_2,CPU_USAGE_3,CPU_USAGE_4,CPU_USAGE_5,CPU_USAGE_6,CPU_USAGE_7,SYSTEM_POWER (Watts),TOTAL_MEMORY,TOTAL_SWAP,USED_MEMORY,USED_SWAP
0,1760628184931,3228,3228,3228,3228,3228,3228,3228,3228,56.704795837402344,56.38434982299805,55.152442932128906,56.23548889160156,56.245086669921875,55.21263122558594,56.445194244384766,53.44259262084961,54.413639068603516,54.292327880859375,100,0,0,0,0,0,0,0,3.253087043762207,17179869184,2147483648,7612104704,939065344
209,1760628184931,3228,3228,3228,3228,3228,3228,3228,3228,56.704795837402344,56.38434982299805,55.152442932128906,56.23548889160156,56.245086669921875,55.21263122558594,56.445194244384766,53.44259262084961,54.413639068603516,54.292327880859375,0,100,NaN,NaN,0,0,0,0,3.253087043762207,17179869184,2147483648,7612022784,939065344
11,1760628185141,3228,3228,3228,3228,3228,3228,3228,3228,57.07819366455078,56.41916275024414,55.160369873046875,56.75228500366211,56.43528747558594,55.64472198486328,56.80727767944336,53.4157829284668,54.23988723754883,54.46427917480469,57.142860412597656,47.619049072265625,13.636363983154297,10,0,4.545454502105713,0,0,3.253087043762207,17179869184,2147483648,7584448512,939065344
