Delta,Time,CPU_FREQUENCY_0,CPU_FREQUENCY_1,CPU_FREQUENCY_2,CPU_FREQUENCY_3,CPU_FREQUENCY_4,CPU_FREQUENCY_5,CPU_FREQUENCY_6,CPU_FREQUENCY_7,CPU_TEMP_0,CPU_TEMP_1,CPU_TEMP_2,CPU_TEMP_3,CPU_TEMP_4,CPU_TEMP_5,CPU_TEMP_6,CPU_TEMP_7,CPU_TEMP_8,CPU_TEMP_9,CPU_USAGE_0,CPU_USAGE_1,CPU_USAGE_2,CPU_USAGE_3,CPU_USAGE_4,CPU_USAGE_5,CPU_USAGE_6,CPU_USAGE_7,SYSTEM_POWER (Watts),TOTAL_MEMORY,TOTAL_SWAP,USED_MEMORY,USED_SWAP
0,1760625724507,3228,3228,3228,3228,3228,3228,3228,3228,56.38520812988281,55.83665466308594,55.01237487792969,56.6236686706543,55.845603942871094,55.103004455566406,56.44507598876953,53.709083557128906,53.998619079589844,54.846702575683594,100,0,0,0,0,0,0,0,3.545631170272827,17179869184,2147483648,6999293952,947453952
209,1760625724507,3228,3228,3228,3228,3228,3228,3228,3228,56.38520812988281,55.83665466308594,55.01237487792969,56.6236686706543,55.845603942871094,55.103004455566406,56.44507598876953,53.709083557128906,53.998619079589844,54.846702575683594,0,100,100,100,0,0,0,0,3.545631170272827,17179869184,2147483648,6999293952,947453952
209,1760625724717,3228,3228,3228,3228,3228,3228,3228,3228,56.38520812988281,55.83665466308594,55.01237487792969,56.6236686706543,55.845603942871094,55.103004455566406,56.44507598876953,53.709083557128906,53.998619079589844,54.846702575683594,52.38095474243164,52.38095474243164,66.66667175292969,5,23.809524536132813,0,0,0,3.340641736984253,17179869184,2147483648,6999293952,947453952
200,1760625724927,3228,3228,3228,3228,3228,3228,3228,3228,56.38520812988281,55.83665466308594,55.01237487792969,56.6236686706543,55.845603942871094,55.103004455566406,56.44507598876953,53.709083557128906,53.998619079589844,54.846702575683594,50,90.47618865966797,66.66667175292969,33.333335876464844,4.761904716491699,0,0,0,3.340641736984253,17179869184,2147483648,6999293952,947453952
9,1760625725128,3228,3228,3228,3228,3228,3228,3228,3228,58.2203369140625,56.485530853271484,57.248451232910156,61.44148635864258,58.243736267089844,57.57390594482422,57.475738525390625,55.20471954345703,54.504844665527344,55.630455017089844,28.571430206298828,52.6315803527832,90,25,9.523809432983398,5,5,5,3.340641736984253,17179869184,2147483648,6989791232,947453952
