Delta,Time,CPU_FREQUENCY_0,CPU_FREQUENCY_1,CPU_FREQUENCY_2,CPU_FREQUENCY_3,CPU_FREQUENCY_4,CPU_FREQUENCY_5,CPU_FREQUENCY_6,CPU_FREQUENCY_7,CPU_TEMP_0,CPU_TEMP_1,CPU_TEMP_2,CPU_TEMP_3,CPU_TEMP_4,CPU_TEMP_5,CPU_TEMP_6,CPU_TEMP_7,CPU_TEMP_8,CPU_TEMP_9,CPU_USAGE_0,CPU_USAGE_1,CPU_USAGE_2,CPU_USAGE_3,CPU_USAGE_4,CPU_USAGE_5,CPU_USAGE_6,CPU_USAGE_7,SYSTEM_POWER (Watts),TOTAL_MEMORY,TOTAL_SWAP,USED_MEMORY,USED_SWAP
0,1760633759046,3228,3228,3228,3228,3228,3228,3228,3228,56.61326217651367,55.67038345336914,54.916748046875,56.10968780517578,56.07109069824219,54.90552520751953,56.413211822509766,53.50415802001953,54.048194885253906,54.700340270996094,NaN,NaN,0,0,0,0,0,0,3.2122085094451904,17179869184,2147483648,7807549440,922288128
205,1760633759046,3228,3228,3228,3228,3228,3228,3228,3228,56.61326217651367,55.67038345336914,54.916748046875,56.10968780517578,56.07109069824219,54.90552520751953,56.413211822509766,53.50415802001953,54.048194885253906,54.700340270996094,0,100,0,100,0,0,0,0,3.2122085094451904,17179869184,2147483648,7805566976,922288128
206,1760633759252,3228,3228,3228,3228,3228,3228,3228,3228,57.222557067871094,56.328792572021484,55.69304656982422,57.470542907714844,56.90657043457031,56.038970947265625,57.06581497192383,54.35749816894531,54.51919937133789,55.434486389160156,76.19047546386719,60.000003814697266,90,5,0,5,0,0,3.2122085094451904,17179869184,2147483648,7871381504,922288128
10,1760633759458,3228,3228,3228,3228,3228,3228,3228,3228,57.222557067871094,56.328792572021484,55.69304656982422,57.470542907714844,56.90657043457031,56.038970947265625,57.06581497192383,54.35749816894531,54.51919937133789,55.434486389160156,28.571430206298828,75,23.809524536132813,0,0,4.761904716491699,0,0,3.2122085094451904,17179869184,2147483648,7791116288,922288128
