Delta,Time,CPU_FREQUENCY_0,CPU_FREQUENCY_1,CPU_FREQUENCY_2,CPU_FREQUENCY_3,CPU_FREQUENCY_4,CPU_FREQUENCY_5,CPU_FREQUENCY_6,CPU_FREQUENCY_7,CPU_TEMP_0,CPU_TEMP_1,CPU_TEMP_2,CPU_TEMP_3,CPU_TEMP_4,CPU_TEMP_5,CPU_TEMP_6,CPU_TEMP_7,CPU_TEMP_8,CPU_TEMP_9,CPU_USAGE_0,CPU_USAGE_1,CPU_USAGE_2,CPU_USAGE_3,CPU_USAGE_4,CPU_USAGE_5,CPU_USAGE_6,CPU_USAGE_7,SYSTEM_POWER (Watts),TOTAL_MEMORY,TOTAL_SWAP,USED_MEMORY,USED_SWAP
0,1760637365843,3228,3228,3228,3228,3228,3228,3228,3228,58.23188400268555,57.12797546386719,56.083030700683594,57.47764205932617,57.225128173828125,56.0988655090332,57.99946212768555,54.88469314575195,56.18971633911133,56.384315490722656,100,100,50,0,0,0,0,0,3.4848272800445557,17179869184,2147483648,7339130880,913899520
209,1760637365844,3228,3228,3228,3228,3228,3228,3228,3228,58.23188400268555,57.12797546386719,56.083030700683594,57.47764205932617,57.225128173828125,56.0988655090332,57.99946212768555,54.88469314575195,56.18971633911133,56.384315490722656,100,100,0,100,0,0,0,0,3.4848272800445557,17179869184,2147483648,7339130880,913899520
9,1760637366054,3228,3228,3228,3228,3228,3228,3228,3228,58.23188400268555,57.12797546386719,56.083030700683594,57.47764205932617,57.225128173828125,56.0988655090332,57.99946212768555,54.88469314575195,56.18971633911133,56.384315490722656,66.66667175292969,75,0,13.636363983154297,0,0,0,0,3.4848272800445557,17179869184,2147483648,7339130880,913899520
