Delta,Time,CPU_FREQUENCY_0,CPU_FREQUENCY_1,CPU_FREQUENCY_2,CPU_FREQUENCY_3,CPU_FREQUENCY_4,CPU_FREQUENCY_5,CPU_FREQUENCY_6,CPU_FREQUENCY_7,CPU_TEMP_0,CPU_TEMP_1,CPU_TEMP_2,CPU_TEMP_3,CPU_TEMP_4,CPU_TEMP_5,CPU_TEMP_6,CPU_TEMP_7,CPU_TEMP_8,CPU_TEMP_9,CPU_USAGE_0,CPU_USAGE_1,CPU_USAGE_2,CPU_USAGE_3,CPU_USAGE_4,CPU_USAGE_5,CPU_USAGE_6,CPU_USAGE_7,SYSTEM_POWER (Watts),TOTAL_MEMORY,TOTAL_SWAP,USED_MEMORY,USED_SWAP
0,1760638824184,3228,3228,3228,3228,3228,3228,3228,3228,56.573265075683594,55.434783935546875,55.04740905761719,56.87062454223633,56.24076843261719,55.12119674682617,57.39247512817383,53.71255874633789,54.48240661621094,54.35096740722656,0,NaN,50,0,0,0,0,0,4.7293243408203125,17179869184,2147483648,7310082048,913899520
209,1760638824184,3228,3228,3228,3228,3228,3228,3228,3228,56.573265075683594,55.434783935546875,55.04740905761719,56.87062454223633,56.24076843261719,55.12119674682617,57.39247512817383,53.71255874633789,54.48240661621094,54.35096740722656,0,100,NaN,0,0,0,0,0,4.7293243408203125,17179869184,2147483648,7310082048,913899520
203,1760638824394,3228,3228,3228,3228,3228,3228,3228,3228,56.573265075683594,55.434783935546875,55.04740905761719,56.87062454223633,56.24076843261719,55.12119674682617,57.39247512817383,53.71255874633789,54.48240661621094,54.35096740722656,66.66667175292969,57.142860412597656,42.85714340209961,76.19047546386719,23.809524536132813,27.272727966308594,9.523809432983398,4.761904716491699,4.7293243408203125,17179869184,2147483648,7310082048,913899520
209,1760638824598,3228,3228,3228,3228,3228,3228,3228,3228,56.573265075683594,55.434783935546875,55.04740905761719,56.87062454223633,56.24076843261719,55.12119674682617,57.39247512817383,53.71255874633789,54.48240661621094,54.35096740722656,95,95,47.619049072265625,66.66667175292969,25,10,10,0,6.46878719329834,17179869184,2147483648,7310082048,913899520
9,1760638824808,3228,3228,3228,3228,3228,3228,3228,3228,56.573265075683594,55.434783935546875,55.04740905761719,56.87062454223633,56.24076843261719,55.12119674682617,57.39247512817383,53.71255874633789,54.48240661621094,54.35096740722656,71.42857360839844,57.142860412597656,28.571430206298828,40,9.523809432983398,5,0,0,6.46878719329834,17179869184,2147483648,7336837120,913899520
