Delta,Time,CPU_FREQUENCY_0,CPU_FREQUENCY_1,CPU_FREQUENCY_2,CPU_FREQUENCY_3,CPU_FREQUENCY_4,CPU_FREQUENCY_5,CPU_FREQUENCY_6,CPU_FREQUENCY_7,CPU_TEMP_0,CPU_TEMP_1,CPU_TEMP_2,CPU_TEMP_3,CPU_TEMP_4,CPU_TEMP_5,CPU_TEMP_6,CPU_TEMP_7,CPU_TEMP_8,CPU_TEMP_9,CPU_USAGE_0,CPU_USAGE_1,CPU_USAGE_2,CPU_USAGE_3,CPU_USAGE_4,CPU_USAGE_5,CPU_USAGE_6,CPU_USAGE_7,SYSTEM_POWER (Watts),TOTAL_MEMORY,TOTAL_SWAP,USED_MEMORY,USED_SWAP
0,1760653324640,3228,3228,3228,3228,3228,3228,3228,3228,52.63501739501953,52.615299224853516,51.17835235595703,52.48544692993164,51.725799560546875,51.33014678955078,53.04564666748047,49.77629089355469,50.69197082519531,50.883094787597656,0,0,0,100,0,0,0,0,3.416595458984375,17179869184,2147483648,8323235840,897122304
204,1760653324640,3228,3228,3228,3228,3228,3228,3228,3228,52.63501739501953,52.615299224853516,51.17835235595703,52.48544692993164,51.725799560546875,51.33014678955078,53.04564666748047,49.77629089355469,50.69197082519531,50.883094787597656,0,0,100,100,NaN,50,0,0,3.416595458984375,17179869184,2147483648,8323350528,897122304
209,1760653324845,3228,3228,3228,3228,3228,3228,3228,3228,52.63501739501953,52.615299224853516,51.17835235595703,52.48544692993164,51.725799560546875,51.33014678955078,53.04564666748047,49.77629089355469,50.69197082519531,50.883094787597656,61.904762268066406,30.000001907348633,33.333335876464844,71.42857360839844,13.636363983154297,14.285715103149414,0,0,3.416595458984375,17179869184,2147483648,8393949184,897122304
7,1760653325055,3228,3228,3228,3228,3228,3228,3228,3228,52.63501739501953,52.615299224853516,51.17835235595703,52.48544692993164,51.725799560546875,51.33014678955078,53.04564666748047,49.77629089355469,50.69197082519531,50.883094787597656,76.19047546386719,50,0,15.000000953674316,0,0,0,0,3.416595458984375,17179869184,2147483648,8327643136,897122304
