Delta,Time,CPU_FREQUENCY_0,CPU_FREQUENCY_1,CPU_FREQUENCY_2,CPU_FREQUENCY_3,CPU_FREQUENCY_4,CPU_FREQUENCY_5,CPU_FREQUENCY_6,CPU_FREQUENCY_7,CPU_TEMP_0,CPU_TEMP_1,CPU_TEMP_2,CPU_TEMP_3,CPU_TEMP_4,CPU_TEMP_5,CPU_TEMP_6,CPU_TEMP_7,CPU_TEMP_8,CPU_TEMP_9,CPU_USAGE_0,CPU_USAGE_1,CPU_USAGE_2,CPU_USAGE_3,CPU_USAGE_4,CPU_USAGE_5,CPU_USAGE_6,CPU_USAGE_7,SYSTEM_POWER (Watts),TOTAL_MEMORY,TOTAL_SWAP,USED_MEMORY,USED_SWAP
0,1760621683916,3228,3228,3228,3228,3228,3228,3228,3228,56.86892318725586,55.72052764892578,54.6978759765625,57.250526428222656,55.91136932373047,55.43769073486328,57.105377197265625,53.63432312011719,54.19793701171875,54.57398986816406,50,0,100,50,0,0,0,0,4.224044322967529,17179869184,2147483648,7427866624,955842560
209,1760621683917,3228,3228,3228,3228,3228,3228,3228,3228,56.86892318725586,55.72052764892578,54.6978759765625,57.250526428222656,55.91136932373047,55.43769073486328,57.105377197265625,53.63432312011719,54.19793701171875,54.57398986816406,0,0,0,100,100,0,0,0,4.224044322967529,17179869184,2147483648,7427866624,955842560
209,1760621684127,3228,3228,3228,3228,3228,3228,3228,3228,56.86892318725586,55.72052764892578,54.6978759765625,57.250526428222656,55.91136932373047,55.43769073486328,57.105377197265625,53.63432312011719,54.19793701171875,54.57398986816406,42.85714340209961,33.333335876464844,60.000003814697266,71.42857360839844,31.81818199157715,9.090909004211426,0,0,4.224044322967529,17179869184,2147483648,7427866624,955842560
209,1760621684337,3228,3228,3228,3228,3228,3228,3228,3228,58.63041305541992,56.22995376586914,55.94471740722656,59.560028076171875,59.18578338623047,58.484954833984375,57.65428161621094,54.36329650878906,55.010047912597656,55.46833801269531,40,40.90909194946289,72.7272720336914,38.095237731933594,71.42857360839844,14.285715103149414,5,9.523809432983398,4.224044322967529,17179869184,2147483648,7427866624,955842560
9,1760621684547,3228,3228,3228,3228,3228,3228,3228,3228,58.63041305541992,56.22995376586914,55.94471740722656,59.560028076171875,59.18578338623047,58.484954833984375,57.65428161621094,54.36329650878906,55.010047912597656,55.46833801269531,31.81818199157715,20,61.904762268066406,14.285715103149414,52.38095474243164,0,0,0,4.224044322967529,17179869184,2147483648,7428669440,955842560
