Delta,Time,CPU_FREQUENCY_0,CPU_FREQUENCY_1,CPU_FREQUENCY_2,CPU_FREQUENCY_3,CPU_FREQUENCY_4,CPU_FREQUENCY_5,CPU_FREQUENCY_6,CPU_FREQUENCY_7,CPU_TEMP_0,CPU_TEMP_1,CPU_TEMP_2,CPU_TEMP_3,CPU_TEMP_4,CPU_TEMP_5,CPU_TEMP_6,CPU_TEMP_7,CPU_TEMP_8,CPU_TEMP_9,CPU_USAGE_0,CPU_USAGE_1,CPU_USAGE_2,CPU_USAGE_3,CPU_USAGE_4,CPU_USAGE_5,CPU_USAGE_6,CPU_USAGE_7,SYSTEM_POWER (Watts),TOTAL_MEMORY,TOTAL_SWAP,USED_MEMORY,USED_SWAP
0,1760613516602,3228,3228,3228,3228,3228,3228,3228,3228,51.70995330810547,50.90560531616211,50.1353759765625,51.28987503051758,51.36756896972656,50.280372619628906,51.165870666503906,48.2890625,48.98529052734375,49.11137390136719,50,0,0,0,0,0,0,0,3.6689038276672363,17179869184,2147483648,8316026880,1006174208
204,1760613516602,3228,3228,3228,3228,3228,3228,3228,3228,51.70995330810547,50.90560531616211,50.1353759765625,51.28987503051758,51.36756896972656,50.280372619628906,51.165870666503906,48.2890625,48.98529052734375,49.11137390136719,50,0,50,100,0,50,0,0,3.6689038276672363,17179869184,2147483648,8314093568,1006174208
204,1760613516807,3228,3228,3228,3228,3228,3228,3228,3228,51.70995330810547,50.90560531616211,50.1353759765625,51.28987503051758,51.36756896972656,50.280372619628906,51.165870666503906,48.2890625,48.98529052734375,49.11137390136719,0,4.761904716491699,65,33.333335876464844,0,4.545454502105713,0,0,3.6689038276672363,17179869184,2147483648,8381743104,1006174208
204,1760613517012,3228,3228,3228,3228,3228,3228,3228,3228,52.83883285522461,51.150970458984375,51.873069763183594,55.62323760986328,52.236549377441406,51.08073425292969,52.13409423828125,49.45765686035156,49.24936294555664,49.50373077392578,0,0,90.47618865966797,0,14.285715103149414,0,0,0,3.6689038276672363,17179869184,2147483648,8384905216,1006174208
9,1760613517217,3228,3228,3228,3228,3228,3228,3228,3228,52.83883285522461,51.150970458984375,51.873069763183594,55.62323760986328,52.236549377441406,51.08073425292969,52.13409423828125,49.45765686035156,49.24936294555664,49.50373077392578,4.761904716491699,0,14.285715103149414,38.095237731933594,33.333335876464844,5,0,0,3.6689038276672363,17179869184,2147483648,8259092480,1006174208
