Delta,Time,CPU_FREQUENCY_0,CPU_FREQUENCY_1,CPU_FREQUENCY_2,CPU_FREQUENCY_3,CPU_FREQUENCY_4,CPU_FREQUENCY_5,CPU_FREQUENCY_6,CPU_FREQUENCY_7,CPU_TEMP_0,CPU_TEMP_1,CPU_TEMP_2,CPU_TEMP_3,CPU_TEMP_4,CPU_TEMP_5,CPU_TEMP_6,CPU_TEMP_7,CPU_TEMP_8,CPU_TEMP_9,CPU_USAGE_0,CPU_USAGE_1,CPU_USAGE_2,CPU_USAGE_3,CPU_USAGE_4,CPU_USAGE_5,CPU_USAGE_6,CPU_USAGE_7,SYSTEM_POWER (Watts),TOTAL_MEMORY,TOTAL_SWAP,USED_MEMORY,USED_SWAP
0,1760623844068,3228,3228,3228,3228,3228,3228,3228,3228,53.71969985961914,53.555206298828125,52.715782165527344,53.60954666137695,53.109375,52.520755767822266,53.50721740722656,50.21684265136719,51.923736572265625,51.754905700683594,50,100,0,0,0,0,0,0,3.278825283050537,17179869184,2147483648,7675904000,947453952
209,1760623844068,3228,3228,3228,3228,3228,3228,3228,3228,53.71969985961914,53.555206298828125,52.715782165527344,53.60954666137695,53.109375,52.520755767822266,53.50721740722656,50.21684265136719,51.923736572265625,51.754905700683594,100,0,0,100,0,0,0,0,3.278825283050537,17179869184,2147483648,7675904000,947453952
209,1760623844278,3228,3228,3228,3228,3228,3228,3228,3228,54.028419494628906,53.68864822387695,52.662864685058594,54.46031188964844,53.297630310058594,52.634376525878906,54.01640701293945,50.5560417175293,51.83659362792969,52.061912536621094,47.619049072265625,61.904762268066406,65,0,23.809524536132813,18.18181800842285,0,0,3.278825283050537,17179869184,2147483648,7675904000,947453952
9,1760623844489,3228,3228,3228,3228,3228,3228,3228,3228,54.028419494628906,53.68864822387695,52.662864685058594,54.46031188964844,53.297630310058594,52.634376525878906,54.01640701293945,50.5560417175293,51.83659362792969,52.061912536621094,57.142860412597656,80.95238494873047,13.636363983154297,22.72727394104004,9.090909004211426,0,0,0,3.278825283050537,17179869184,2147483648,7675904000,947453952
