Delta,Time,CPU_FREQUENCY_0,CPU_FREQUENCY_1,CPU_FREQUENCY_2,CPU_FREQUENCY_3,CPU_FREQUENCY_4,CPU_FREQUENCY_5,CPU_FREQUENCY_6,CPU_FREQUENCY_7,CPU_TEMP_0,CPU_TEMP_1,CPU_TEMP_2,CPU_TEMP_3,CPU_TEMP_4,CPU_TEMP_5,CPU_TEMP_6,CPU_TEMP_7,CPU_TEMP_8,CPU_TEMP_9,CPU_USAGE_0,CPU_USAGE_1,CPU_USAGE_2,CPU_USAGE_3,CPU_USAGE_4,CPU_USAGE_5,CPU_USAGE_6,CPU_USAGE_7,SYSTEM_POWER (Watts),TOTAL_MEMORY,TOTAL_SWAP,USED_MEMORY,USED_SWAP
0,1760629320359,3228,3228,3228,3228,3228,3228,3228,3228,53.775665283203125,53.186912536621094,52.655799865722656,53.964969635009766,53.801353454589844,53.07249069213867,53.92583465576172,51.323402404785156,51.8580322265625,52.36164093017578,50,100,0,0,0,0,0,0,3.3093323707580566,17179869184,2147483648,6922158080,939065344
209,1760629320359,3228,3228,3228,3228,3228,3228,3228,3228,53.775665283203125,53.186912536621094,52.655799865722656,53.964969635009766,53.801353454589844,53.07249069213867,53.92583465576172,51.323402404785156,51.8580322265625,52.36164093017578,100,0,0,100,0,0,0,0,3.3093323707580566,17179869184,2147483648,6921486336,939065344
209,1760629320569,3228,3228,3228,3228,3228,3228,3228,3228,53.775665283203125,53.186912536621094,52.655799865722656,53.964969635009766,53.801353454589844,53.07249069213867,53.92583465576172,51.323402404785156,51.8580322265625,52.36164093017578,65,76.19047546386719,100,4.761904716491699,0,4.545454502105713,0,0,3.017444372177124,17179869184,2147483648,6985728000,939065344
206,1760629320779,3228,3228,3228,3228,3228,3228,3228,3228,53.775665283203125,53.186912536621094,52.655799865722656,53.964969635009766,53.801353454589844,53.07249069213867,53.92583465576172,51.323402404785156,51.8580322265625,52.36164093017578,52.38095474243164,47.619049072265625,76.19047546386719,38.095237731933594,14.285715103149414,14.285715103149414,5,4.761904716491699,3.017444372177124,17179869184,2147483648,6984646656,939065344
6,1760629320986,3228,3228,3228,3228,3228,3228,3228,3228,53.775665283203125,53.186912536621094,52.655799865722656,53.964969635009766,53.801353454589844,53.07249069213867,53.92583465576172,51.323402404785156,51.8580322265625,52.36164093017578,61.904762268066406,42.85714340209961,14.285715103149414,15.789472579956055,55,0,0,0,3.017444372177124,17179869184,2147483648,6915981312,939065344
