Delta,Time,CPU_FREQUENCY_0,CPU_FREQUENCY_1,CPU_FREQUENCY_2,CPU_FREQUENCY_3,CPU_FREQUENCY_4,CPU_FREQUENCY_5,CPU_FREQUENCY_6,CPU_FREQUENCY_7,CPU_TEMP_0,CPU_TEMP_1,CPU_TEMP_2,CPU_TEMP_3,CPU_TEMP_4,CPU_TEMP_5,CPU_TEMP_6,CPU_TEMP_7,CPU_TEMP_8,CPU_TEMP_9,CPU_USAGE_0,CPU_USAGE_1,CPU_USAGE_2,CPU_USAGE_3,CPU_USAGE_4,CPU_USAGE_5,CPU_USAGE_6,CPU_USAGE_7,SYSTEM_POWER (Watts),TOTAL_MEMORY,TOTAL_SWAP,USED_MEMORY,USED_SWAP
0,1760634976309,3228,3228,3228,3228,3228,3228,3228,3228,55.37342071533203,53.21274948120117,53.743125915527344,56.720672607421875,56.4404296875,55.27101135253906,54.434593200683594,51.91084289550781,52.81226348876953,53.0008544921875,100,50,0,NaN,0,0,0,0,6.701955795288086,17179869184,2147483648,8537784320,922288128
209,1760634976309,3228,3228,3228,3228,3228,3228,3228,3228,55.37342071533203,53.21274948120117,53.743125915527344,56.720672607421875,56.4404296875,55.27101135253906,54.434593200683594,51.91084289550781,52.81226348876953,53.0008544921875,NaN,NaN,100,0,0,50,NaN,0,6.701955795288086,17179869184,2147483648,8541880320,922288128
209,1760634976519,3228,3228,3228,3228,3228,3228,3228,3228,55.37342071533203,53.21274948120117,53.743125915527344,56.720672607421875,56.4404296875,55.27101135253906,54.434593200683594,51.91084289550781,52.81226348876953,53.0008544921875,66.66667175292969,71.42857360839844,61.904762268066406,45.45454788208008,33.333335876464844,61.904762268066406,4.761904716491699,0,6.701955795288086,17179869184,2147483648,8634318848,922288128
207,1760634976729,3228,3228,3228,3228,3228,3228,3228,3228,55.37342071533203,53.21274948120117,53.743125915527344,56.720672607421875,56.4404296875,55.27101135253906,54.434593200683594,51.91084289550781,52.81226348876953,53.0008544921875,38.095237731933594,70,19.047618865966797,5,71.42857360839844,14.285715103149414,0,0,8.769882202148438,17179869184,2147483648,8635400192,922288128
9,1760634976936,3228,3228,3228,3228,3228,3228,3228,3228,55.37342071533203,53.21274948120117,53.743125915527344,56.720672607421875,56.4404296875,55.27101135253906,54.434593200683594,51.91084289550781,52.81226348876953,53.0008544921875,38.095237731933594,72.7272720336914,14.285715103149414,25,4.761904716491699,0,0,0,8.769882202148438,17179869184,2147483648,8539439104,922288128
