Delta,Time,CPU_FREQUENCY_0,CPU_FREQUENCY_1,CPU_FREQUENCY_2,CPU_FREQUENCY_3,CPU_FREQUENCY_4,CPU_FREQUENCY_5,CPU_FREQUENCY_6,CPU_FREQUENCY_7,CPU_TEMP_0,CPU_TEMP_1,CPU_TEMP_2,CPU_TEMP_3,CPU_TEMP_4,CPU_TEMP_5,CPU_TEMP_6,CPU_TEMP_7,CPU_TEMP_8,CPU_TEMP_9,CPU_USAGE_0,CPU_USAGE_1,CPU_USAGE_2,CPU_USAGE_3,CPU_USAGE_4,CPU_USAGE_5,CPU_USAGE_6,CPU_USAGE_7,SYSTEM_POWER (Watts),TOTAL_MEMORY,TOTAL_SWAP,USED_MEMORY,USED_SWAP
0,1760639929087,3228,3228,3228,3228,3228,3228,3228,3228,56.989532470703125,56.13490295410156,55.82007598876953,56.79067611694336,56.448265075683594,54.8011360168457,57.487152099609375,54.28631591796875,54.79307174682617,54.914207458496094,100,NaN,NaN,0,0,0,NaN,0,3.386556386947632,17179869184,2147483648,7607320576,905510912
205,1760639929087,3228,3228,3228,3228,3228,3228,3228,3228,56.989532470703125,56.13490295410156,55.82007598876953,56.79067611694336,56.448265075683594,54.8011360168457,57.487152099609375,54.28631591796875,54.79307174682617,54.914207458496094,100,100,0,NaN,NaN,0,0,NaN,3.386556386947632,17179869184,2147483648,7608893440,905510912
201,1760639929292,3228,3228,3228,3228,3228,3228,3228,3228,57.53041076660156,56.49613952636719,56.15028381347656,57.70475387573242,57.18146514892578,56.03555679321289,58.36822509765625,55.12169647216797,55.47257995605469,55.469993591308594,60.000003814697266,57.142860412597656,45,27.272727966308594,27.272727966308594,10,0,0,3.386556386947632,17179869184,2147483648,7676248064,905510912
12,1760639929495,3228,3228,3228,3228,3228,3228,3228,3228,57.53041076660156,56.49613952636719,56.15028381347656,57.70475387573242,57.18146514892578,56.03555679321289,58.36822509765625,55.12169647216797,55.47257995605469,55.469993591308594,61.904762268066406,45,45,0,0,0,0,0,3.386556386947632,17179869184,2147483648,7605436416,905510912
