Delta,Time,CPU_FREQUENCY_0,CPU_FREQUENCY_1,CPU_FREQUENCY_2,CPU_FREQUENCY_3,CPU_FREQUENCY_4,CPU_FREQUENCY_5,CPU_FREQUENCY_6,CPU_FREQUENCY_7,CPU_TEMP_0,CPU_TEMP_1,CPU_TEMP_2,CPU_TEMP_3,CPU_TEMP_4,CPU_TEMP_5,CPU_TEMP_6,CPU_TEMP_7,CPU_TEMP_8,CPU_TEMP_9,CPU_USAGE_0,CPU_USAGE_1,CPU_USAGE_2,CPU_USAGE_3,CPU_USAGE_4,CPU_USAGE_5,CPU_USAGE_6,CPU_USAGE_7,SYSTEM_POWER (Watts),TOTAL_MEMORY,TOTAL_SWAP,USED_MEMORY,USED_SWAP
0,1760648907318,3228,3228,3228,3228,3228,3228,3228,3228,54.943634033203125,53.8802604675293,52.94078826904297,54.146888732910156,53.41259002685547,53.06022262573242,55.017189025878906,52.09852600097656,51.973731994628906,52.461830139160156,100,100,0,0,0,0,0,0,5.738824367523193,17179869184,2147483648,7759462400,905510912
209,1760648907318,3228,3228,3228,3228,3228,3228,3228,3228,54.943634033203125,53.8802604675293,52.94078826904297,54.146888732910156,53.41259002685547,53.06022262573242,55.017189025878906,52.09852600097656,51.973731994628906,52.461830139160156,100,0,50,100,0,0,0,0,5.738824367523193,17179869184,2147483648,7759544320,905510912
209,1760648907528,3228,3228,3228,3228,3228,3228,3228,3228,54.943634033203125,53.8802604675293,52.94078826904297,54.146888732910156,53.41259002685547,53.06022262573242,55.017189025878906,52.09852600097656,51.973731994628906,52.461830139160156,50,60.000003814697266,47.619049072265625,9.523809432983398,47.619049072265625,0,0,0,5.081171035766602,17179869184,2147483648,7831044096,905510912
10,1760648907739,3228,3228,3228,3228,3228,3228,3228,3228,54.943634033203125,53.8802604675293,52.94078826904297,54.146888732910156,53.41259002685547,53.06022262573242,55.017189025878906,52.09852600097656,51.973731994628906,52.461830139160156,50,42.85714340209961,25,0,4.545454502105713,4.761904716491699,0,0,5.081171035766602,17179869184,2147483648,7756431360,905510912
