Delta,Time,CPU_FREQUENCY_0,CPU_FREQUENCY_1,CPU_FREQUENCY_2,CPU_FREQUENCY_3,CPU_FREQUENCY_4,CPU_FREQUENCY_5,CPU_FREQUENCY_6,CPU_FREQUENCY_7,CPU_TEMP_0,CPU_TEMP_1,CPU_TEMP_2,CPU_TEMP_3,CPU_TEMP_4,CPU_TEMP_5,CPU_TEMP_6,CPU_TEMP_7,CPU_TEMP_8,CPU_TEMP_9,CPU_USAGE_0,CPU_USAGE_1,CPU_USAGE_2,CPU_USAGE_3,CPU_USAGE_4,CPU_USAGE_5,CPU_USAGE_6,CPU_USAGE_7,SYSTEM_POWER (Watts),TOTAL_MEMORY,TOTAL_SWAP,USED_MEMORY,USED_SWAP
0,1760630941046,3228,3228,3228,3228,3228,3228,3228,3228,54.409515380859375,53.187076568603516,52.811363220214844,53.65691375732422,53.41459655761719,52.229793548583984,54.116912841796875,50.93083572387695,51.73152160644531,52.585899353027344,0,0,0,0,0,0,0,0,2.13871169090271,17179869184,2147483648,7445889024,939065344
204,1760630941046,3228,3228,3228,3228,3228,3228,3228,3228,54.409515380859375,53.187076568603516,52.811363220214844,53.65691375732422,53.41459655761719,52.229793548583984,54.116912841796875,50.93083572387695,51.73152160644531,52.585899353027344,0,0,100,0,50,0,0,0,2.13871169090271,17179869184,2147483648,7445872640,939065344
204,1760630941251,3228,3228,3228,3228,3228,3228,3228,3228,54.409515380859375,53.187076568603516,52.811363220214844,53.65691375732422,53.41459655761719,52.229793548583984,54.116912841796875,50.93083572387695,51.73152160644531,52.585899353027344,4.761904716491699,4.761904716491699,25,70,0,0,0,0,2.13871169090271,17179869184,2147483648,7517880320,939065344
14,1760630941456,3228,3228,3228,3228,3228,3228,3228,3228,54.409515380859375,53.187076568603516,52.811363220214844,53.65691375732422,53.41459655761719,52.229793548583984,54.116912841796875,50.93083572387695,51.73152160644531,52.585899353027344,0,4.761904716491699,0,10,0,0,0,0,2.2824995517730713,17179869184,2147483648,7517880320,939065344
