Delta,Time,CPU_FREQUENCY_0,CPU_FREQUENCY_1,CPU_FREQUENCY_2,CPU_FREQUENCY_3,CPU_FREQUENCY_4,CPU_FREQUENCY_5,CPU_FREQUENCY_6,CPU_FREQUENCY_7,CPU_TEMP_0,CPU_TEMP_1,CPU_TEMP_2,CPU_TEMP_3,CPU_TEMP_4,CPU_TEMP_5,CPU_TEMP_6,CPU_TEMP_7,CPU_TEMP_8,CPU_TEMP_9,CPU_USAGE_0,CPU_USAGE_1,CPU_USAGE_2,CPU_USAGE_3,CPU_USAGE_4,CPU_USAGE_5,CPU_USAGE_6,CPU_USAGE_7,SYSTEM_POWER (Watts),TOTAL_MEMORY,TOTAL_SWAP,USED_MEMORY,USED_SWAP
0,1760643283860,3228,3228,3228,3228,3228,3228,3228,3228,48.870262145996094,48.23228073120117,48.15979766845703,48.260677337646484,47.83915710449219,47.655311584472656,50.37519454956055,46.239627838134766,46.814064025878906,47.085548400878906,0,100,0,0,0,0,0,0,2.883453130722046,17179869184,2147483648,7094566912,905510912
209,1760643283860,3228,3228,3228,3228,3228,3228,3228,3228,48.870262145996094,48.23228073120117,48.15979766845703,48.260677337646484,47.83915710449219,47.655311584472656,50.37519454956055,46.239627838134766,46.814064025878906,47.085548400878906,0,100,NaN,100,0,0,0,0,2.883453130722046,17179869184,2147483648,7092027392,905510912
200,1760643284070,3228,3228,3228,3228,3228,3228,3228,3228,48.870262145996094,48.23228073120117,48.15979766845703,48.260677337646484,47.83915710449219,47.655311584472656,50.37519454956055,46.239627838134766,46.814064025878906,47.085548400878906,52.38095474243164,45.45454788208008,56.52173614501953,47.619049072265625,35,9.090909004211426,4.761904716491699,4.761904716491699,2.883453130722046,17179869184,2147483648,7110541312,905510912
11,1760643284271,3228,3228,3228,3228,3228,3228,3228,3228,50.53462600708008,48.91515350341797,49.059547424316406,50.4524040222168,50.37482452392578,50.22444534301758,51.42253494262695,47.392208099365234,47.63560485839844,48.067108154296875,73.68421173095703,26.3157901763916,0,0,5,0,4.545454502105713,0,2.883453130722046,17179869184,2147483648,7110541312,905510912
