Delta,Time,CPU_FREQUENCY_0,CPU_FREQUENCY_1,CPU_FREQUENCY_2,CPU_FREQUENCY_3,CPU_FREQUENCY_4,CPU_FREQUENCY_5,CPU_FREQUENCY_6,CPU_FREQUENCY_7,CPU_TEMP_0,CPU_TEMP_1,CPU_TEMP_2,CPU_TEMP_3,CPU_TEMP_4,CPU_TEMP_5,CPU_TEMP_6,CPU_TEMP_7,CPU_TEMP_8,CPU_TEMP_9,CPU_USAGE_0,CPU_USAGE_1,CPU_USAGE_2,CPU_USAGE_3,CPU_USAGE_4,CPU_USAGE_5,CPU_USAGE_6,CPU_USAGE_7,SYSTEM_POWER (Watts),TOTAL_MEMORY,TOTAL_SWAP,USED_MEMORY,USED_SWAP
0,1760643239878,3228,3228,3228,3228,3228,3228,3228,3228,51.80446243286133,50.74094772338867,50.139312744140625,50.74100112915039,50.11585998535156,50.043296813964844,51.72596740722656,48.1602668762207,49.120094299316406,49.23506164550781,0,100,0,0,0,0,0,0,3.2123799324035645,17179869184,2147483648,7092273152,905510912
209,1760643239878,3228,3228,3228,3228,3228,3228,3228,3228,51.80446243286133,50.74094772338867,50.139312744140625,50.74100112915039,50.11585998535156,50.043296813964844,51.72596740722656,48.1602668762207,49.120094299316406,49.23506164550781,NaN,NaN,100,66.66667175292969,0,0,0,0,3.2123799324035645,17179869184,2147483648,7092273152,905510912
208,1760643240088,3228,3228,3228,3228,3228,3228,3228,3228,52.65260696411133,51.51343536376953,51.384483337402344,53.861724853515625,51.1859130859375,51.40602111816406,53.15331268310547,49.6338996887207,49.740291595458984,49.83341979980469,59.09090805053711,47.619049072265625,90,0,0,9.523809432983398,0,0,3.2123799324035645,17179869184,2147483648,7092273152,905510912
206,1760643240297,3228,3228,3228,3228,3228,3228,3228,3228,52.65260696411133,51.51343536376953,51.384483337402344,53.861724853515625,51.1859130859375,51.40602111816406,53.15331268310547,49.6338996887207,49.740291595458984,49.83341979980469,85,61.904762268066406,54.54545593261719,14.285715103149414,23.809524536132813,4.761904716491699,0,0,3.2123799324035645,17179869184,2147483648,7092273152,905510912
9,1760643240504,3228,3228,3228,3228,3228,3228,3228,3228,52.65260696411133,51.51343536376953,51.384483337402344,53.861724853515625,51.1859130859375,51.40602111816406,53.15331268310547,49.6338996887207,49.740291595458984,49.83341979980469,60.000003814697266,23.809524536132813,50,35,25,5,0,0,3.2123799324035645,17179869184,2147483648,7085555712,905510912
