Delta,Time,CPU_FREQUENCY_0,CPU_FREQUENCY_1,CPU_FREQUENCY_2,CPU_FREQUENCY_3,CPU_FREQUENCY_4,CPU_FREQUENCY_5,CPU_FREQUENCY_6,CPU_FREQUENCY_7,CPU_TEMP_0,CPU_TEMP_1,CPU_TEMP_2,CPU_TEMP_3,CPU_TEMP_4,CPU_TEMP_5,CPU_TEMP_6,CPU_TEMP_7,CPU_TEMP_8,CPU_TEMP_9,CPU_USAGE_0,CPU_USAGE_1,CPU_USAGE_2,CPU_USAGE_3,CPU_USAGE_4,CPU_USAGE_5,CPU_USAGE_6,CPU_USAGE_7,SYSTEM_POWER (Watts),TOTAL_MEMORY,TOTAL_SWAP,USED_MEMORY,USED_SWAP
0,1760633047241,3228,3228,3228,3228,3228,3228,3228,3228,56.34201431274414,55.435298919677734,54.96326446533203,56.78606414794922,56.05834197998047,55.48881912231445,56.65421676635742,53.322696685791016,54.75022888183594,54.16075134277344,66.66667175292969,100,0,0,0,0,0,0,3.2601993083953857,17179869184,2147483648,8345681920,922288128
209,1760633047241,3228,3228,3228,3228,3228,3228,3228,3228,56.34201431274414,55.435298919677734,54.96326446533203,56.78606414794922,56.05834197998047,55.48881912231445,56.65421676635742,53.322696685791016,54.75022888183594,54.16075134277344,NaN,0,NaN,100,0,0,0,NaN,3.2601993083953857,17179869184,2147483648,8345698304,922288128
200,1760633047451,3228,3228,3228,3228,3228,3228,3228,3228,56.34201431274414,55.435298919677734,54.96326446533203,56.78606414794922,56.05834197998047,55.48881912231445,56.65421676635742,53.322696685791016,54.75022888183594,54.16075134277344,42.85714340209961,61.904762268066406,18.18181800842285,38.095237731933594,47.619049072265625,0,0,0,3.2601993083953857,17179869184,2147483648,8345698304,922288128
8,1760633047651,3228,3228,3228,3228,3228,3228,3228,3228,56.34201431274414,55.435298919677734,54.96326446533203,56.78606414794922,56.05834197998047,55.48881912231445,56.65421676635742,53.322696685791016,54.75022888183594,54.16075134277344,57.142860412597656,60.000003814697266,0,42.105262756347656,4.761904716491699,0,0,0,3.8342435359954834,17179869184,2147483648,8345698304,922288128
