Delta,Time,CPU_FREQUENCY_0,CPU_FREQUENCY_1,CPU_FREQUENCY_2,CPU_FREQUENCY_3,CPU_FREQUENCY_4,CPU_FREQUENCY_5,CPU_FREQUENCY_6,CPU_FREQUENCY_7,CPU_TEMP_0,CPU_TEMP_1,CPU_TEMP_2,CPU_TEMP_3,CPU_TEMP_4,CPU_TEMP_5,CPU_TEMP_6,CPU_TEMP_7,CPU_TEMP_8,CPU_TEMP_9,CPU_USAGE_0,CPU_USAGE_1,CPU_USAGE_2,CPU_USAGE_3,CPU_USAGE_4,CPU_USAGE_5,CPU_USAGE_6,CPU_USAGE_7,SYSTEM_POWER (Watts),TOTAL_MEMORY,TOTAL_SWAP,USED_MEMORY,USED_SWAP
0,1760629707502,3228,3228,3228,3228,3228,3228,3228,3228,55.85175323486328,54.46550750732422,55.105018615722656,57.5295295715332,55.754478454589844,55.411094665527344,55.36743927001953,52.76344299316406,53.253662109375,53.953277587890625,NaN,NaN,0,0,0,0,0,0,5.72910213470459,17179869184,2147483648,7215923200,939065344
209,1760629707502,3228,3228,3228,3228,3228,3228,3228,3228,55.85175323486328,54.46550750732422,55.105018615722656,57.5295295715332,55.754478454589844,55.411094665527344,55.36743927001953,52.76344299316406,53.253662109375,53.953277587890625,100,66.66667175292969,0,100,0,0,0,0,5.72910213470459,17179869184,2147483648,7217102848,939065344
209,1760629707712,3228,3228,3228,3228,3228,3228,3228,3228,55.85175323486328,54.46550750732422,55.105018615722656,57.5295295715332,55.754478454589844,55.411094665527344,55.36743927001953,52.76344299316406,53.253662109375,53.953277587890625,72.7272720336914,70,80.95238494873047,15.000000953674316,0,4.761904716491699,0,0,5.72910213470459,17179869184,2147483648,7285391360,939065344
209,1760629707922,3228,3228,3228,3228,3228,3228,3228,3228,55.85175323486328,54.46550750732422,55.105018615722656,57.5295295715332,55.754478454589844,55.411094665527344,55.36743927001953,52.76344299316406,53.253662109375,53.953277587890625,38.095237731933594,61.904762268066406,42.85714340209961,57.142860412597656,42.85714340209961,9.090909004211426,4.761904716491699,5,5.72910213470459,17179869184,2147483648,7278084096,939065344
9,1760629708132,3228,3228,3228,3228,3228,3228,3228,3228,56.39542007446289,54.900875091552734,55.457130432128906,58.40342712402344,57.869171142578125,56.99051284790039,55.54029083251953,53.29964065551758,53.33662414550781,54.498992919921875,61.904762268066406,45.45454788208008,42.85714340209961,0,0,0,0,0,5.72910213470459,17179869184,2147483648,7215988736,939065344
