Delta,Time,CPU_FREQUENCY_0,CPU_FREQUENCY_1,CPU_FREQUENCY_2,CPU_FREQUENCY_3,CPU_FREQUENCY_4,CPU_FREQUENCY_5,CPU_FREQUENCY_6,CPU_FREQUENCY_7,CPU_TEMP_0,CPU_TEMP_1,CPU_TEMP_2,CPU_TEMP_3,CPU_TEMP_4,CPU_TEMP_5,CPU_TEMP_6,CPU_TEMP_7,CPU_TEMP_8,CPU_TEMP_9,CPU_USAGE_0,CPU_USAGE_1,CPU_USAGE_2,CPU_USAGE_3,CPU_USAGE_4,CPU_USAGE_5,CPU_USAGE_6,CPU_USAGE_7,SYSTEM_POWER (Watts),TOTAL_MEMORY,TOTAL_SWAP,USED_MEMORY,USED_SWAP
0,1760631784481,3228,3228,3228,3228,3228,3228,3228,3228,55.15065002441406,54.53489303588867,54.22704315185547,55.625762939453125,55.972206115722656,54.140350341796875,55.423763275146484,52.615413665771484,53.07111740112305,53.2589111328125,50,0,100,NaN,0,66.66667175292969,0,0,3.7889697551727295,17179869184,2147483648,7826194432,922288128
203,1760631784481,3228,3228,3228,3228,3228,3228,3228,3228,55.15065002441406,54.53489303588867,54.22704315185547,55.625762939453125,55.972206115722656,54.140350341796875,55.423763275146484,52.615413665771484,53.07111740112305,53.2589111328125,100,100,100,100,100,NaN,NaN,100,3.7889697551727295,17179869184,2147483648,7826194432,922288128
209,1760631784684,3228,3228,3228,3228,3228,3228,3228,3228,55.15065002441406,54.53489303588867,54.22704315185547,55.625762939453125,55.972206115722656,54.140350341796875,55.423763275146484,52.615413665771484,53.07111740112305,53.2589111328125,30.000001907348633,30.000001907348633,71.42857360839844,38.095237731933594,70,10,10,0,3.7889697551727295,17179869184,2147483648,7826194432,922288128
6,1760631784895,3228,3228,3228,3228,3228,3228,3228,3228,55.15065002441406,54.53489303588867,54.22704315185547,55.625762939453125,55.972206115722656,54.140350341796875,55.423763275146484,52.615413665771484,53.07111740112305,53.2589111328125,33.333335876464844,45,70,52.38095474243164,14.285715103149414,4.545454502105713,4.761904716491699,0,3.7889697551727295,17179869184,2147483648,7826194432,922288128
