Delta,Time,CPU_FREQUENCY_0,CPU_FREQUENCY_1,CPU_FREQUENCY_2,CPU_FREQUENCY_3,CPU_FREQUENCY_4,CPU_FREQUENCY_5,CPU_FREQUENCY_6,CPU_FREQUENCY_7,CPU_TEMP_0,CPU_TEMP_1,CPU_TEMP_2,CPU_TEMP_3,CPU_TEMP_4,CPU_TEMP_5,CPU_TEMP_6,CPU_TEMP_7,CPU_TEMP_8,CPU_TEMP_9,CPU_USAGE_0,CPU_USAGE_1,CPU_USAGE_2,CPU_USAGE_3,CPU_USAGE_4,CPU_USAGE_5,CPU_USAGE_6,CPU_USAGE_7,SYSTEM_POWER (Watts),TOTAL_MEMORY,TOTAL_SWAP,USED_MEMORY,USED_SWAP
0,1760634625904,3228,3228,3228,3228,3228,3228,3228,3228,54.724586486816406,53.389305114746094,52.16333770751953,53.88251495361328,53.704200744628906,52.39837646484375,53.49519729614258,50.963382720947266,52.622989654541016,51.955230712890625,0,NaN,100,100,0,0,0,0,3.5378224849700928,17179869184,2147483648,8885534720,922288128
209,1760634625905,3228,3228,3228,3228,3228,3228,3228,3228,54.724586486816406,53.389305114746094,52.16333770751953,53.88251495361328,53.704200744628906,52.39837646484375,53.49519729614258,50.963382720947266,52.622989654541016,51.955230712890625,0,0,100,0,100,100,0,0,3.5378224849700928,17179869184,2147483648,8883765248,922288128
200,1760634626115,3228,3228,3228,3228,3228,3228,3228,3228,56.410743713378906,54.49466323852539,53.309425354003906,56.02517318725586,56.399749755859375,55.56634521484375,55.47462463378906,53.06332778930664,53.87865447998047,53.333717346191406,75,72.7272720336914,72.7272720336914,55,52.38095474243164,42.85714340209961,45.45454788208008,33.333335876464844,3.5378224849700928,17179869184,2147483648,8945221632,922288128
12,1760634626315,3228,3228,3228,3228,3228,3228,3228,3228,56.410743713378906,54.49466323852539,53.309425354003906,56.02517318725586,56.399749755859375,55.56634521484375,55.47462463378906,53.06332778930664,53.87865447998047,53.333717346191406,100,100,55,38.095237731933594,47.36842346191406,33.333335876464844,31.57894515991211,15.000000953674316,3.5378224849700928,17179869184,2147483648,8881094656,922288128
