Delta,Time,CPU_FREQUENCY_0,CPU_FREQUENCY_1,CPU_FREQUENCY_2,CPU_FREQUENCY_3,CPU_FREQUENCY_4,CPU_FREQUENCY_5,CPU_FREQUENCY_6,CPU_FREQUENCY_7,CPU_TEMP_0,CPU_TEMP_1,CPU_TEMP_2,CPU_TEMP_3,CPU_TEMP_4,CPU_TEMP_5,CPU_TEMP_6,CPU_TEMP_7,CPU_TEMP_8,CPU_TEMP_9,CPU_USAGE_0,CPU_USAGE_1,CPU_USAGE_2,CPU_USAGE_3,CPU_USAGE_4,CPU_USAGE_5,CPU_USAGE_6,CPU_USAGE_7,SYSTEM_POWER (Watts),TOTAL_MEMORY,TOTAL_SWAP,USED_MEMORY,USED_SWAP
0,1760646519881,3228,3228,3228,3228,3228,3228,3228,3228,55.137691497802734,53.91459655761719,53.05928039550781,54.888450622558594,55.54143524169922,54.05628204345703,55.44377899169922,52.687618255615234,52.97251892089844,53.09337615966797,100,100,100,100,100,50,0,100,4.24384069442749,17179869184,2147483648,7459340288,905510912
209,1760646519881,3228,3228,3228,3228,3228,3228,3228,3228,55.137691497802734,53.91459655761719,53.05928039550781,54.888450622558594,55.54143524169922,54.05628204345703,55.44377899169922,52.687618255615234,52.97251892089844,53.09337615966797,100,100,50,100,0,0,0,0,4.24384069442749,17179869184,2147483648,7459340288,905510912
209,1760646520091,3228,3228,3228,3228,3228,3228,3228,3228,56.29459762573242,55.61812973022461,54.820953369140625,57.648109436035156,57.23516082763672,56.52824020385742,57.485633850097656,54.61152648925781,54.52789306640625,54.49394226074219,100,100,47.619049072265625,45.45454788208008,54.54545593261719,33.333335876464844,14.285715103149414,18.18181800842285,4.24384069442749,17179869184,2147483648,7459340288,905510912
208,1760646520301,3228,3228,3228,3228,3228,3228,3228,3228,56.29459762573242,55.61812973022461,54.820953369140625,57.648109436035156,57.23516082763672,56.52824020385742,57.485633850097656,54.61152648925781,54.52789306640625,54.49394226074219,100,100,42.85714340209961,40,45,38.095237731933594,4.761904716491699,0,4.24384069442749,17179869184,2147483648,7459340288,905510912
10,1760646520510,3228,3228,3228,3228,3228,3228,3228,3228,56.29459762573242,55.61812973022461,54.820953369140625,57.648109436035156,57.23516082763672,56.52824020385742,57.485633850097656,54.61152648925781,54.52789306640625,54.49394226074219,95.45454406738281,100,28.571430206298828,28.571430206298828,31.81818199157715,25,9.523809432983398,0,9.144299507141113,17179869184,2147483648,7490306048,905510912
