Delta,Time,CPU_FREQUENCY_0,CPU_FREQUENCY_1,CPU_FREQUENCY_2,CPU_FREQUENCY_3,CPU_FREQUENCY_4,CPU_FREQUENCY_5,CPU_FREQUENCY_6,CPU_FREQUENCY_7,CPU_TEMP_0,CPU_TEMP_1,CPU_TEMP_2,CPU_TEMP_3,CPU_TEMP_4,CPU_TEMP_5,CPU_TEMP_6,CPU_TEMP_7,CPU_TEMP_8,CPU_TEMP_9,CPU_USAGE_0,CPU_USAGE_1,CPU_USAGE_2,CPU_USAGE_3,CPU_USAGE_4,CPU_USAGE_5,CPU_USAGE_6,CPU_USAGE_7,SYSTEM_POWER (Watts),TOTAL_MEMORY,TOTAL_SWAP,USED_MEMORY,USED_SWAP
0,1760650003591,3228,3228,3228,3228,3228,3228,3228,3228,51.95932388305664,51.37923812866211,50.1033935546875,51.162593841552734,50.426353454589844,50.35459899902344,52.477317810058594,49.17211151123047,49.15753936767578,50.24760437011719,NaN,NaN,100,0,NaN,0,NaN,50,3.2979273796081543,17179869184,2147483648,7641366528,905510912
209,1760650003591,3228,3228,3228,3228,3228,3228,3228,3228,51.95932388305664,51.37923812866211,50.1033935546875,51.162593841552734,50.426353454589844,50.35459899902344,52.477317810058594,49.17211151123047,49.15753936767578,50.24760437011719,100,100,100,50,0,0,0,0,3.2979273796081543,17179869184,2147483648,7642382336,905510912
204,1760650003801,3228,3228,3228,3228,3228,3228,3228,3228,51.95932388305664,51.37923812866211,50.1033935546875,51.162593841552734,50.426353454589844,50.35459899902344,52.477317810058594,49.17211151123047,49.15753936767578,50.24760437011719,61.904762268066406,52.38095474243164,38.095237731933594,14.285715103149414,40.90909194946289,9.523809432983398,0,0,3.2979273796081543,17179869184,2147483648,7705051136,905510912
5,1760650004006,3228,3228,3228,3228,3228,3228,3228,3228,53.85780334472656,51.78150939941406,52.02771759033203,54.04638671875,52.45574951171875,52.900123596191406,53.73966979980469,50.62906265258789,50.03586196899414,51.48145294189453,47.619049072265625,55,35,0,0,0,0,0,3.2979273796081543,17179869184,2147483648,7705051136,905510912
