Delta,Time,CPU_FREQUENCY_0,CPU_FREQUENCY_1,CPU_FREQUENCY_2,CPU_FREQUENCY_3,CPU_FREQUENCY_4,CPU_FREQUENCY_5,CPU_FREQUENCY_6,CPU_FREQUENCY_7,CPU_TEMP_0,CPU_TEMP_1,CPU_TEMP_2,CPU_TEMP_3,CPU_TEMP_4,CPU_TEMP_5,CPU_TEMP_6,CPU_TEMP_7,CPU_TEMP_8,CPU_TEMP_9,CPU_USAGE_0,CPU_USAGE_1,CPU_USAGE_2,CPU_USAGE_3,CPU_USAGE_4,CPU_USAGE_5,CPU_USAGE_6,CPU_USAGE_7,SYSTEM_POWER (Watts),TOTAL_MEMORY,TOTAL_SWAP,USED_MEMORY,USED_SWAP
0,1760631455455,3228,3228,3228,3228,3228,3228,3228,3228,55.0695915222168,53.99164581298828,53.03352355957031,54.48331832885742,54.39727783203125,53.26313018798828,54.37821960449219,51.81107711791992,52.609458923339844,53.193016052246094,0,50,100,0,0,0,0,0,3.4546587467193604,17179869184,2147483648,7543734272,939065344
209,1760631455455,3228,3228,3228,3228,3228,3228,3228,3228,55.0695915222168,53.99164581298828,53.03352355957031,54.48331832885742,54.39727783203125,53.26313018798828,54.37821960449219,51.81107711791992,52.609458923339844,53.193016052246094,100,NaN,0,100,0,0,0,0,3.4546587467193604,17179869184,2147483648,7543111680,939065344
209,1760631455665,3228,3228,3228,3228,3228,3228,3228,3228,55.0695915222168,53.99164581298828,53.03352355957031,54.48331832885742,54.39727783203125,53.26313018798828,54.37821960449219,51.81107711791992,52.609458923339844,53.193016052246094,55,33.333335876464844,50,30.000001907348633,52.38095474243164,18.18181800842285,9.523809432983398,5,3.4546587467193604,17179869184,2147483648,7608762368,939065344
11,1760631455875,3228,3228,3228,3228,3228,3228,3228,3228,55.0695915222168,53.99164581298828,53.03352355957031,54.48331832885742,54.39727783203125,53.26313018798828,54.37821960449219,51.81107711791992,52.609458923339844,53.193016052246094,40.90909194946289,71.42857360839844,4.545454502105713,0,31.81818199157715,0,0,0,3.4546587467193604,17179869184,2147483648,7540899840,939065344
