Delta,Time,CPU_FREQUENCY_0,CPU_FREQUENCY_1,CPU_FREQUENCY_2,CPU_FREQUENCY_3,CPU_FREQUENCY_4,CPU_FREQUENCY_5,CPU_FREQUENCY_6,CPU_FREQUENCY_7,CPU_TEMP_0,CPU_TEMP_1,CPU_TEMP_2,CPU_TEMP_3,CPU_TEMP_4,CPU_TEMP_5,CPU_TEMP_6,CPU_TEMP_7,CPU_TEMP_8,CPU_TEMP_9,CPU_USAGE_0,CPU_USAGE_1,CPU_USAGE_2,CPU_USAGE_3,CPU_USAGE_4,CPU_USAGE_5,CPU_USAGE_6,CPU_USAGE_7,SYSTEM_POWER (Watts),TOTAL_MEMORY,TOTAL_SWAP,USED_MEMORY,USED_SWAP
0,1760647711756,3228,3228,3228,3228,3228,3228,3228,3228,54.62262725830078,54.29005432128906,52.982521057128906,54.2564697265625,53.64373016357422,53.22494888305664,55.024837493896484,51.90764617919922,52.682735443115234,52.137184143066406,100,100,0,0,0,0,0,0,8.212284088134766,17179869184,2147483648,7855226880,905510912
201,1760647711756,3228,3228,3228,3228,3228,3228,3228,3228,54.62262725830078,54.29005432128906,52.982521057128906,54.2564697265625,53.64373016357422,53.22494888305664,55.024837493896484,51.90764617919922,52.682735443115234,52.137184143066406,100,50,0,100,0,0,0,0,8.212284088134766,17179869184,2147483648,7855226880,905510912
201,1760647711958,3228,3228,3228,3228,3228,3228,3228,3228,54.62262725830078,54.29005432128906,52.982521057128906,54.2564697265625,53.64373016357422,53.22494888305664,55.024837493896484,51.90764617919922,52.682735443115234,52.137184143066406,76.19047546386719,75,95.23809814453125,0,0,5,0,0,8.212284088134766,17179869184,2147483648,7855226880,905510912
209,1760647712159,3228,3228,3228,3228,3228,3228,3228,3228,55.24198532104492,54.38633728027344,54.42456817626953,57.94148635864258,54.466773986816406,54.12696075439453,55.63768768310547,52.52699279785156,52.82595443725586,52.25807189941406,85,90,85,10,0,5,0,0,8.212284088134766,17179869184,2147483648,7855226880,905510912
8,1760647712369,3228,3228,3228,3228,3228,3228,3228,3228,55.24198532104492,54.38633728027344,54.42456817626953,57.94148635864258,54.466773986816406,54.12696075439453,55.63768768310547,52.52699279785156,52.82595443725586,52.25807189941406,80,85,0,14.285715103149414,57.142860412597656,4.761904716491699,0,0,8.212284088134766,17179869184,2147483648,7853555712,905510912
