Delta,Time,CPU_FREQUENCY_0,CPU_FREQUENCY_1,CPU_FREQUENCY_2,CPU_FREQUENCY_3,CPU_FREQUENCY_4,CPU_FREQUENCY_5,CPU_FREQUENCY_6,CPU_FREQUENCY_7,CPU_TEMP_0,CPU_TEMP_1,CPU_TEMP_2,CPU_TEMP_3,CPU_TEMP_4,CPU_TEMP_5,CPU_TEMP_6,CPU_TEMP_7,CPU_TEMP_8,CPU_TEMP_9,CPU_USAGE_0,CPU_USAGE_1,CPU_USAGE_2,CPU_USAGE_3,CPU_USAGE_4,CPU_USAGE_5,CPU_USAGE_6,CPU_USAGE_7,SYSTEM_POWER (Watts),TOTAL_MEMORY,TOTAL_SWAP,USED_MEMORY,USED_SWAP
0,1760624192294,3228,3228,3228,3228,3228,3228,3228,3228,54.50468826293945,54.608680725097656,53.322906494140625,54.25178146362305,54.3685302734375,53.35075378417969,54.597747802734375,51.17400360107422,51.55447006225586,52.502906799316406,100,100,0,NaN,NaN,0,0,0,3.114739418029785,17179869184,2147483648,6967328768,947453952
209,1760624192295,3228,3228,3228,3228,3228,3228,3228,3228,54.50468826293945,54.608680725097656,53.322906494140625,54.25178146362305,54.3685302734375,53.35075378417969,54.597747802734375,51.17400360107422,51.55447006225586,52.502906799316406,NaN,100,100,100,0,0,0,0,3.114739418029785,17179869184,2147483648,6967328768,947453952
207,1760624192505,3228,3228,3228,3228,3228,3228,3228,3228,54.50468826293945,54.608680725097656,53.322906494140625,54.25178146362305,54.3685302734375,53.35075378417969,54.597747802734375,51.17400360107422,51.55447006225586,52.502906799316406,76.19047546386719,45.45454788208008,85.71428680419922,9.090909004211426,8.69565200805664,4.761904716491699,0,0,3.114739418029785,17179869184,2147483648,6967328768,947453952
204,1760624192712,3228,3228,3228,3228,3228,3228,3228,3228,54.50468826293945,54.608680725097656,53.322906494140625,54.25178146362305,54.3685302734375,53.35075378417969,54.597747802734375,51.17400360107422,51.55447006225586,52.502906799316406,42.85714340209961,45,75,40,26.3157901763916,10,9.523809432983398,0,3.259073257446289,17179869184,2147483648,6967328768,947453952
9,1760624192917,3228,3228,3228,3228,3228,3228,3228,3228,54.50468826293945,54.608680725097656,53.322906494140625,54.25178146362305,54.3685302734375,53.35075378417969,54.597747802734375,51.17400360107422,51.55447006225586,52.502906799316406,50,61.904762268066406,33.333335876464844,33.333335876464844,4.761904716491699,4.761904716491699,0,0,3.259073257446289,17179869184,2147483648,6954860544,947453952
