Delta,Time,CPU_FREQUENCY_0,CPU_FREQUENCY_1,CPU_FREQUENCY_2,CPU_FREQUENCY_3,CPU_FREQUENCY_4,CPU_FREQUENCY_5,CPU_FREQUENCY_6,CPU_FREQUENCY_7,CPU_TEMP_0,CPU_TEMP_1,CPU_TEMP_2,CPU_TEMP_3,CPU_TEMP_4,CPU_TEMP_5,CPU_TEMP_6,CPU_TEMP_7,CPU_TEMP_8,CPU_TEMP_9,CPU_USAGE_0,CPU_USAGE_1,CPU_USAGE_2,CPU_USAGE_3,CPU_USAGE_4,CPU_USAGE_5,CPU_USAGE_6,CPU_USAGE_7,SYSTEM_POWER (Watts),TOTAL_MEMORY,TOTAL_SWAP,USED_MEMORY,USED_SWAP
0,1760632311513,3228,3228,3228,3228,3228,3228,3228,3228,55.978172302246094,55.114036560058594,54.572410583496094,56.007972717285156,56.06761932373047,54.79667663574219,55.636940002441406,53.129188537597656,54.0942497253418,54.01942443847656,NaN,50,0,0,0,0,0,0,3.519827127456665,17179869184,2147483648,7389511680,922288128
204,1760632311513,3228,3228,3228,3228,3228,3228,3228,3228,55.978172302246094,55.114036560058594,54.572410583496094,56.007972717285156,56.06761932373047,54.79667663574219,55.636940002441406,53.129188537597656,54.0942497253418,54.01942443847656,50,NaN,NaN,NaN,0,0,0,0,3.519827127456665,17179869184,2147483648,7392641024,922288128
204,1760632311717,3228,3228,3228,3228,3228,3228,3228,3228,55.978172302246094,55.114036560058594,54.572410583496094,56.007972717285156,56.06761932373047,54.79667663574219,55.636940002441406,53.129188537597656,54.0942497253418,54.01942443847656,75,42.85714340209961,66.66667175292969,38.095237731933594,0,0,0,0,3.519827127456665,17179869184,2147483648,7455653888,922288128
6,1760632311922,3228,3228,3228,3228,3228,3228,3228,3228,57.5880126953125,55.114036560058594,56.70780944824219,59.86764144897461,57.51366424560547,56.188377380371094,56.73777389526367,54.21964645385742,54.40778732299805,54.01942443847656,66.66667175292969,60.000003814697266,50,0,0,0,0,0,3.519827127456665,17179869184,2147483648,7455653888,922288128
