Delta,Time,CPU_FREQUENCY_0,CPU_FREQUENCY_1,CPU_FREQUENCY_2,CPU_FREQUENCY_3,CPU_FREQUENCY_4,CPU_FREQUENCY_5,CPU_FREQUENCY_6,CPU_FREQUENCY_7,CPU_TEMP_0,CPU_TEMP_1,CPU_TEMP_2,CPU_TEMP_3,CPU_TEMP_4,CPU_TEMP_5,CPU_TEMP_6,CPU_TEMP_7,CPU_TEMP_8,CPU_TEMP_9,CPU_USAGE_0,CPU_USAGE_1,CPU_USAGE_2,CPU_USAGE_3,CPU_USAGE_4,CPU_USAGE_5,CPU_USAGE_6,CPU_USAGE_7,SYSTEM_POWER (Watts),TOTAL_MEMORY,TOTAL_SWAP,USED_MEMORY,USED_SWAP
0,1760632035668,3228,3228,3228,3228,3228,3228,3228,3228,54.669063568115234,53.90815353393555,53.33722686767578,54.272613525390625,55.26502990722656,53.146148681640625,54.777565002441406,51.71787643432617,52.2017707824707,52.976104736328125,100,100,0,0,0,0,0,0,3.108337640762329,17179869184,2147483648,7837761536,922288128
200,1760632035668,3228,3228,3228,3228,3228,3228,3228,3228,54.669063568115234,53.90815353393555,53.33722686767578,54.272613525390625,55.26502990722656,53.146148681640625,54.777565002441406,51.71787643432617,52.2017707824707,52.976104736328125,0,100,0,100,0,0,0,0,3.108337640762329,17179869184,2147483648,7837761536,922288128
205,1760632035869,3228,3228,3228,3228,3228,3228,3228,3228,54.669063568115234,53.90815353393555,53.33722686767578,54.272613525390625,55.26502990722656,53.146148681640625,54.777565002441406,51.71787643432617,52.2017707824707,52.976104736328125,40,60.000003814697266,55,26.3157901763916,15.789472579956055,0,0,0,3.108337640762329,17179869184,2147483648,7837761536,922288128
209,1760632036075,3228,3228,3228,3228,3228,3228,3228,3228,55.643470764160156,54.18870544433594,53.881492614746094,55.99320602416992,57.259185791015625,54.68244171142578,55.37038803100586,52.27965545654297,52.52401351928711,53.599609375,85,55,47.619049072265625,47.619049072265625,0,9.523809432983398,0,0,3.108337640762329,17179869184,2147483648,7837761536,922288128
9,1760632036285,3228,3228,3228,3228,3228,3228,3228,3228,55.643470764160156,54.18870544433594,53.881492614746094,55.99320602416992,57.259185791015625,54.68244171142578,55.37038803100586,52.27965545654297,52.52401351928711,53.599609375,36.3636360168457,42.85714340209961,85.71428680419922,25,5,10,9.090909004211426,4.761904716491699,3.108337640762329,17179869184,2147483648,7831896064,922288128
