Delta,Time,CPU_FREQUENCY_0,CPU_FREQUENCY_1,CPU_FREQUENCY_2,CPU_FREQUENCY_3,CPU_FREQUENCY_4,CPU_FREQUENCY_5,CPU_FREQUENCY_6,CPU_FREQUENCY_7,CPU_TEMP_0,CPU_TEMP_1,CPU_TEMP_2,CPU_TEMP_3,CPU_TEMP_4,CPU_TEMP_5,CPU_TEMP_6,CPU_TEMP_7,CPU_TEMP_8,CPU_TEMP_9,CPU_USAGE_0,CPU_USAGE_1,CPU_USAGE_2,CPU_USAGE_3,CPU_USAGE_4,CPU_USAGE_5,CPU_USAGE_6,CPU_USAGE_7,SYSTEM_POWER (Watts),TOTAL_MEMORY,TOTAL_SWAP,USED_MEMORY,USED_SWAP
0,1760626507349,3228,3228,3228,3228,3228,3228,3228,3228,56.34379577636719,55.7286491394043,54.38550567626953,56.15167999267578,54.98997497558594,55.96877670288086,56.138389587402344,53.44070816040039,53.68076705932617,54.30738067626953,100,100,0,0,0,0,0,0,3.500087261199951,17179869184,2147483648,7747256320,947453952
209,1760626507349,3228,3228,3228,3228,3228,3228,3228,3228,56.34379577636719,55.7286491394043,54.38550567626953,56.15167999267578,54.98997497558594,55.96877670288086,56.138389587402344,53.44070816040039,53.68076705932617,54.30738067626953,50,NaN,100,50,0,0,0,0,3.500087261199951,17179869184,2147483648,7744913408,947453952
200,1760626507559,3228,3228,3228,3228,3228,3228,3228,3228,56.34379577636719,55.7286491394043,54.38550567626953,56.15167999267578,54.98997497558594,55.96877670288086,56.138389587402344,53.44070816040039,53.68076705932617,54.30738067626953,70,71.42857360839844,66.66667175292969,25,0,4.761904716491699,0,0,3.420534372329712,17179869184,2147483648,7814414336,947453952
10,1760626507759,3228,3228,3228,3228,3228,3228,3228,3228,56.34379577636719,55.7286491394043,54.38550567626953,56.15167999267578,54.98997497558594,55.96877670288086,56.138389587402344,53.44070816040039,53.68076705932617,54.30738067626953,55,60.000003814697266,33.333335876464844,0,0,0,0,0,3.420534372329712,17179869184,2147483648,7737163776,947453952
