Delta,Time,CPU_FREQUENCY_0,CPU_FREQUENCY_1,CPU_FREQUENCY_2,CPU_FREQUENCY_3,CPU_FREQUENCY_4,CPU_FREQUENCY_5,CPU_FREQUENCY_6,CPU_FREQUENCY_7,CPU_TEMP_0,CPU_TEMP_1,CPU_TEMP_2,CPU_TEMP_3,CPU_TEMP_4,CPU_TEMP_5,CPU_TEMP_6,CPU_TEMP_7,CPU_TEMP_8,CPU_TEMP_9,CPU_USAGE_0,CPU_USAGE_1,CPU_USAGE_2,CPU_USAGE_3,CPU_USAGE_4,CPU_USAGE_5,CPU_USAGE_6,CPU_USAGE_7,SYSTEM_POWER (Watts),TOTAL_MEMORY,TOTAL_SWAP,USED_MEMORY,USED_SWAP
0,1760637376589,3228,3228,3228,3228,3228,3228,3228,3228,57.09770202636719,56.30693817138672,55.168487548828125,56.886470794677734,56.511436462402344,55.27471923828125,57.07416915893555,54.00941848754883,55.247379302978516,55.38142395019531,100,NaN,0,0,0,0,0,0,3.707343578338623,17179869184,2147483648,7422132224,913899520
202,1760637376589,3228,3228,3228,3228,3228,3228,3228,3228,57.09770202636719,56.30693817138672,55.168487548828125,56.886470794677734,56.511436462402344,55.27471923828125,57.07416915893555,54.00941848754883,55.247379302978516,55.38142395019531,100,100,0,NaN,0,0,0,0,3.707343578338623,17179869184,2147483648,7422132224,913899520
9,1760637376792,3228,3228,3228,3228,3228,3228,3228,3228,57.09770202636719,56.30693817138672,55.168487548828125,56.886470794677734,56.511436462402344,55.27471923828125,57.07416915893555,54.00941848754883,55.247379302978516,55.38142395019531,66.66667175292969,47.619049072265625,35,18.18181800842285,60.000003814697266,0,0,0,3.707343578338623,17179869184,2147483648,7422132224,913899520
