Delta,Time,CPU_FREQUENCY_0,CPU_FREQUENCY_1,CPU_FREQUENCY_2,CPU_FREQUENCY_3,CPU_FREQUENCY_4,CPU_FREQUENCY_5,CPU_FREQUENCY_6,CPU_FREQUENCY_7,CPU_TEMP_0,CPU_TEMP_1,CPU_TEMP_2,CPU_TEMP_3,CPU_TEMP_4,CPU_TEMP_5,CPU_TEMP_6,CPU_TEMP_7,CPU_TEMP_8,CPU_TEMP_9,CPU_USAGE_0,CPU_USAGE_1,CPU_USAGE_2,CPU_USAGE_3,CPU_USAGE_4,CPU_USAGE_5,CPU_USAGE_6,CPU_USAGE_7,SYSTEM_POWER (Watts),TOTAL_MEMORY,TOTAL_SWAP,USED_MEMORY,USED_SWAP
0,1760640369186,3228,3228,3228,3228,3228,3228,3228,3228,57.412628173828125,55.84790802001953,54.98259735107422,57.53276824951172,56.44569396972656,55.33795928955078,57.0597038269043,53.76416015625,54.36789321899414,54.64939880371094,0,0,100,NaN,0,0,0,0,3.9520740509033203,17179869184,2147483648,7990525952,905510912
209,1760640369186,3228,3228,3228,3228,3228,3228,3228,3228,57.412628173828125,55.84790802001953,54.98259735107422,57.53276824951172,56.44569396972656,55.33795928955078,57.0597038269043,53.76416015625,54.36789321899414,54.64939880371094,50,0,0,50,100,0,0,0,3.9520740509033203,17179869184,2147483648,7990607872,905510912
201,1760640369396,3228,3228,3228,3228,3228,3228,3228,3228,57.412628173828125,55.84790802001953,54.98259735107422,57.53276824951172,56.44569396972656,55.33795928955078,57.0597038269043,53.76416015625,54.36789321899414,54.64939880371094,28.571430206298828,27.272727966308594,81.81818389892578,57.142860412597656,52.38095474243164,19.047618865966797,9.090909004211426,4.761904716491699,3.9520740509033203,17179869184,2147483648,8054390784,905510912
207,1760640369598,3228,3228,3228,3228,3228,3228,3228,3228,57.412628173828125,55.84790802001953,54.98259735107422,57.53276824951172,56.44569396972656,55.33795928955078,57.0597038269043,53.76416015625,54.36789321899414,54.64939880371094,52.6315803527832,35,84.21052551269531,47.619049072265625,36.842105865478516,0,0,0,3.9595887660980225,17179869184,2147483648,8040546304,905510912
8,1760640369805,3228,3228,3228,3228,3228,3228,3228,3228,57.412628173828125,55.84790802001953,54.98259735107422,57.53276824951172,56.44569396972656,55.33795928955078,57.0597038269043,53.76416015625,54.36789321899414,54.64939880371094,23.809524536132813,23.809524536132813,57.142860412597656,42.105262756347656,66.66667175292969,28.571430206298828,14.285715103149414,5,3.9595887660980225,17179869184,2147483648,7988330496,905510912
