Delta,Time,CPU_FREQUENCY_0,CPU_FREQUENCY_1,CPU_FREQUENCY_2,CPU_FREQUENCY_3,CPU_FREQUENCY_4,CPU_FREQUENCY_5,CPU_FREQUENCY_6,CPU_FREQUENCY_7,CPU_TEMP_0,CPU_TEMP_1,CPU_TEMP_2,CPU_TEMP_3,CPU_TEMP_4,CPU_TEMP_5,CPU_TEMP_6,CPU_TEMP_7,CPU_TEMP_8,CPU_TEMP_9,CPU_USAGE_0,CPU_USAGE_1,CPU_USAGE_2,CPU_USAGE_3,CPU_USAGE_4,CPU_USAGE_5,CPU_USAGE_6,CPU_USAGE_7,SYSTEM_POWER (Watts),TOTAL_MEMORY,TOTAL_SWAP,USED_MEMORY,USED_SWAP
0,1760630381928,3228,3228,3228,3228,3228,3228,3228,3228,52.546207427978516,52.1844482421875,51.507301330566406,52.85886001586914,52.18397521972656,51.06901168823242,52.672569274902344,50.43344497680664,50.68548583984375,50.66596984863281,NaN,50,0,0,0,0,0,0,3.3054959774017334,17179869184,2147483648,7117766656,939065344
200,1760630381929,3228,3228,3228,3228,3228,3228,3228,3228,52.546207427978516,52.1844482421875,51.507301330566406,52.85886001586914,52.18397521972656,51.06901168823242,52.672569274902344,50.43344497680664,50.68548583984375,50.66596984863281,0,100,100,NaN,NaN,0,0,0,3.3054959774017334,17179869184,2147483648,7118192640,939065344
202,1760630382129,3228,3228,3228,3228,3228,3228,3228,3228,53.17314910888672,52.92963790893555,51.982643127441406,54.110958099365234,53.10786437988281,52.37264633178711,53.690242767333984,51.34451675415039,51.222862243652344,51.5545654296875,95.23809814453125,95,31.57894515991211,45,5.263157844543457,10,0,0,3.3054959774017334,17179869184,2147483648,7177682944,939065344
10,1760630382332,3228,3228,3228,3228,3228,3228,3228,3228,53.17314910888672,52.92963790893555,51.982643127441406,54.110958099365234,53.10786437988281,52.37264633178711,53.690242767333984,51.34451675415039,51.222862243652344,51.5545654296875,100,95,20,20,0,0,0,0,3.3054959774017334,17179869184,2147483648,7104495616,939065344
