Delta,Time,CPU_FREQUENCY_0,CPU_FREQUENCY_1,CPU_FREQUENCY_2,CPU_FREQUENCY_3,CPU_FREQUENCY_4,CPU_FREQUENCY_5,CPU_FREQUENCY_6,CPU_FREQUENCY_7,CPU_TEMP_0,CPU_TEMP_1,CPU_TEMP_2,CPU_TEMP_3,CPU_TEMP_4,CPU_TEMP_5,CPU_TEMP_6,CPU_TEMP_7,CPU_TEMP_8,CPU_TEMP_9,CPU_USAGE_0,CPU_USAGE_1,CPU_USAGE_2,CPU_USAGE_3,CPU_USAGE_4,CPU_USAGE_5,CPU_USAGE_6,CPU_USAGE_7,SYSTEM_POWER (Watts),TOTAL_MEMORY,TOTAL_SWAP,USED_MEMORY,USED_SWAP
0,1760646081443,3228,3228,3228,3228,3228,3228,3228,3228,55.28047180175781,54.31904220581055,53.44994354248047,54.953758239746094,54.50672149658203,54.317420959472656,55.56101608276367,52.77140426635742,53.329036712646484,53.6036376953125,100,100,NaN,0,0,0,0,0,8.697047233581543,17179869184,2147483648,7658356736,905510912
209,1760646081443,3228,3228,3228,3228,3228,3228,3228,3228,55.28047180175781,54.31904220581055,53.44994354248047,54.953758239746094,54.50672149658203,54.317420959472656,55.56101608276367,52.77140426635742,53.329036712646484,53.6036376953125,100,100,0,0,0,0,0,0,8.697047233581543,17179869184,2147483648,7655489536,905510912
209,1760646081653,3228,3228,3228,3228,3228,3228,3228,3228,55.28047180175781,54.31904220581055,53.44994354248047,54.953758239746094,54.50672149658203,54.317420959472656,55.56101608276367,52.77140426635742,53.329036712646484,53.6036376953125,80.95238494873047,85,52.38095474243164,63.6363639831543,4.761904716491699,0,0,0,5.437648296356201,17179869184,2147483648,7719993344,905510912
209,1760646081863,3228,3228,3228,3228,3228,3228,3228,3228,55.28047180175781,54.31904220581055,53.44994354248047,54.953758239746094,54.50672149658203,54.317420959472656,55.56101608276367,52.77140426635742,53.329036712646484,53.6036376953125,80,80.95238494873047,38.095237731933594,0,76.19047546386719,0,0,0,5.437648296356201,17179869184,2147483648,7719190528,905510912
7,1760646082073,3228,3228,3228,3228,3228,3228,3228,3228,58.08406448364258,55.58619689941406,55.73738098144531,58.77531814575195,58.99005889892578,59.06652069091797,57.281131744384766,54.60066223144531,54.482181549072266,55.29461669921875,80.95238494873047,85.71428680419922,47.619049072265625,30.000001907348633,19.047618865966797,19.047618865966797,15.000000953674316,15.000000953674316,5.437648296356201,17179869184,2147483648,7650508800,905510912
