Delta,Time,CPU_FREQUENCY_0,CPU_FREQUENCY_1,CPU_FREQUENCY_2,CPU_FREQUENCY_3,CPU_FREQUENCY_4,CPU_FREQUENCY_5,CPU_FREQUENCY_6,CPU_FREQUENCY_7,CPU_TEMP_0,CPU_TEMP_1,CPU_TEMP_2,CPU_TEMP_3,CPU_TEMP_4,CPU_TEMP_5,CPU_TEMP_6,CPU_TEMP_7,CPU_TEMP_8,CPU_TEMP_9,CPU_USAGE_0,CPU_USAGE_1,CPU_USAGE_2,CPU_USAGE_3,CPU_USAGE_4,CPU_USAGE_5,CPU_USAGE_6,CPU_USAGE_7,SYSTEM_POWER (Watts),TOTAL_MEMORY,TOTAL_SWAP,USED_MEMORY,USED_SWAP
0,1760637778240,3228,3228,3228,3228,3228,3228,3228,3228,61.38810348510742,60.51487731933594,59.74816131591797,62.30796813964844,60.84297180175781,60.132232666015625,61.47090148925781,57.8471565246582,59.08906555175781,59.403778076171875,0,NaN,100,NaN,100,0,0,100,4.0774617195129395,17179869184,2147483648,7816740864,913899520
209,1760637778240,3228,3228,3228,3228,3228,3228,3228,3228,61.38810348510742,60.51487731933594,59.74816131591797,62.30796813964844,60.84297180175781,60.132232666015625,61.47090148925781,57.8471565246582,59.08906555175781,59.403778076171875,100,50,0,0,NaN,NaN,50,0,4.0774617195129395,17179869184,2147483648,7817216000,913899520
209,1760637778450,3228,3228,3228,3228,3228,3228,3228,3228,61.38810348510742,60.51487731933594,59.74816131591797,62.30796813964844,60.84297180175781,60.132232666015625,61.47090148925781,57.8471565246582,59.08906555175781,59.403778076171875,25,23.809524536132813,76.19047546386719,76.19047546386719,15.000000953674316,18.18181800842285,4.761904716491699,0,4.0774617195129395,17179869184,2147483648,7817216000,913899520
209,1760637778660,3228,3228,3228,3228,3228,3228,3228,3228,61.38810348510742,60.51487731933594,59.74816131591797,62.30796813964844,60.84297180175781,60.132232666015625,61.47090148925781,57.8471565246582,59.08906555175781,59.403778076171875,47.619049072265625,47.619049072265625,66.66667175292969,90.47618865966797,31.81818199157715,10,4.761904716491699,4.761904716491699,4.964631080627441,17179869184,2147483648,7817216000,913899520
9,1760637778870,3228,3228,3228,3228,3228,3228,3228,3228,61.38810348510742,60.51487731933594,59.74816131591797,62.30796813964844,60.84297180175781,60.132232666015625,61.47090148925781,57.8471565246582,59.08906555175781,59.403778076171875,35,33.333335876464844,47.619049072265625,47.619049072265625,36.3636360168457,18.18181800842285,4.761904716491699,0,4.964631080627441,17179869184,2147483648,7818133504,913899520
