Delta,Time,CPU_FREQUENCY_0,CPU_FREQUENCY_1,CPU_FREQUENCY_2,CPU_FREQUENCY_3,CPU_FREQUENCY_4,CPU_FREQUENCY_5,CPU_FREQUENCY_6,CPU_FREQUENCY_7,CPU_TEMP_0,CPU_TEMP_1,CPU_TEMP_2,CPU_TEMP_3,CPU_TEMP_4,CPU_TEMP_5,CPU_TEMP_6,CPU_TEMP_7,CPU_TEMP_8,CPU_TEMP_9,CPU_USAGE_0,CPU_USAGE_1,CPU_USAGE_2,CPU_USAGE_3,CPU_USAGE_4,CPU_USAGE_5,CPU_USAGE_6,CPU_USAGE_7,SYSTEM_POWER (Watts),TOTAL_MEMORY,TOTAL_SWAP,USED_MEMORY,USED_SWAP
0,1760655356616,3228,3228,3228,3228,3228,3228,3228,3228,54.60133361816406,54.447731018066406,53.297157287597656,55.633296966552734,54.42189025878906,53.689308166503906,55.15625762939453,51.816673278808594,53.05888366699219,52.18138885498047,100,100,100,100,NaN,0,0,0,3.679783582687378,17179869184,2147483648,7456194560,897122304
209,1760655356616,3228,3228,3228,3228,3228,3228,3228,3228,54.60133361816406,54.447731018066406,53.297157287597656,55.633296966552734,54.42189025878906,53.689308166503906,55.15625762939453,51.816673278808594,53.05888366699219,52.18138885498047,NaN,0,100,0,0,0,50,50,3.679783582687378,17179869184,2147483648,7457980416,897122304
209,1760655356826,3228,3228,3228,3228,3228,3228,3228,3228,54.60133361816406,54.447731018066406,53.297157287597656,55.633296966552734,54.42189025878906,53.689308166503906,55.15625762939453,51.816673278808594,53.05888366699219,52.18138885498047,47.619049072265625,52.38095474243164,71.42857360839844,28.571430206298828,45.45454788208008,19.047618865966797,4.761904716491699,0,3.679783582687378,17179869184,2147483648,7511834624,897122304
204,1760655357036,3228,3228,3228,3228,3228,3228,3228,3228,54.60133361816406,54.447731018066406,53.297157287597656,55.633296966552734,54.42189025878906,53.689308166503906,55.15625762939453,51.816673278808594,53.05888366699219,52.18138885498047,38.095237731933594,65,47.619049072265625,4.761904716491699,52.38095474243164,0,0,0,3.679783582687378,17179869184,2147483648,7513751552,897122304
9,1760655357241,3228,3228,3228,3228,3228,3228,3228,3228,56.48963928222656,55.32737350463867,55.56126403808594,59.86949920654297,56.31934356689453,57.23503112792969,56.374046325683594,53.040130615234375,53.70090103149414,53.79167175292969,57.142860412597656,90,65,5,0,0,0,0,3.679783582687378,17179869184,2147483648,7474331648,897122304
