Delta,Time,CPU_FREQUENCY_0,CPU_FREQUENCY_1,CPU_FREQUENCY_2,CPU_FREQUENCY_3,CPU_FREQUENCY_4,CPU_FREQUENCY_5,CPU_FREQUENCY_6,CPU_FREQUENCY_7,CPU_TEMP_0,CPU_TEMP_1,CPU_TEMP_2,CPU_TEMP_3,CPU_TEMP_4,CPU_TEMP_5,CPU_TEMP_6,CPU_TEMP_7,CPU_TEMP_8,CPU_TEMP_9,CPU_USAGE_0,CPU_USAGE_1,CPU_USAGE_2,CPU_USAGE_3,CPU_USAGE_4,CPU_USAGE_5,CPU_USAGE_6,CPU_USAGE_7,SYSTEM_POWER (Watts),TOTAL_MEMORY,TOTAL_SWAP,USED_MEMORY,USED_SWAP
0,1760653193021,3228,3228,3228,3228,3228,3228,3228,3228,50.8530158996582,50.601829528808594,48.96397399902344,50.576454162597656,49.153953552246094,49.6062126159668,50.94361877441406,48.14857864379883,48.23402404785156,48.76026153564453,50,0,0,0,0,0,0,0,2.876805543899536,17179869184,2147483648,8287649792,897122304
209,1760653193022,3228,3228,3228,3228,3228,3228,3228,3228,50.8530158996582,50.601829528808594,48.96397399902344,50.576454162597656,49.153953552246094,49.6062126159668,50.94361877441406,48.14857864379883,48.23402404785156,48.76026153564453,0,0,100,0,0,0,0,0,2.876805543899536,17179869184,2147483648,8287649792,897122304
209,1760653193232,3228,3228,3228,3228,3228,3228,3228,3228,51.03641891479492,50.67740249633789,48.983154296875,51.09602355957031,49.581809997558594,49.863365173339844,51.0788688659668,48.224308013916016,48.16487121582031,48.942222595214844,0,4.545454502105713,80.95238494873047,15.000000953674316,0,0,4.761904716491699,0,2.876805543899536,17179869184,2147483648,8287649792,897122304
13,1760653193442,3228,3228,3228,3228,3228,3228,3228,3228,51.03641891479492,50.67740249633789,48.983154296875,51.09602355957031,49.581809997558594,49.863365173339844,51.0788688659668,48.224308013916016,48.16487121582031,48.942222595214844,4.761904716491699,0,4.761904716491699,17.39130401611328,0,0,0,0,2.876805543899536,17179869184,2147483648,8287649792,897122304
