Delta,Time,CPU_FREQUENCY_0,CPU_FREQUENCY_1,CPU_FREQUENCY_2,CPU_FREQUENCY_3,CPU_FREQUENCY_4,CPU_FREQUENCY_5,CPU_FREQUENCY_6,CPU_FREQUENCY_7,CPU_TEMP_0,CPU_TEMP_1,CPU_TEMP_2,CPU_TEMP_3,CPU_TEMP_4,CPU_TEMP_5,CPU_TEMP_6,CPU_TEMP_7,CPU_TEMP_8,CPU_TEMP_9,CPU_USAGE_0,CPU_USAGE_1,CPU_USAGE_2,CPU_USAGE_3,CPU_USAGE_4,CPU_USAGE_5,CPU_USAGE_6,CPU_USAGE_7,SYSTEM_POWER (Watts),TOTAL_MEMORY,TOTAL_SWAP,USED_MEMORY,USED_SWAP
0,1760645351934,3228,3228,3228,3228,3228,3228,3228,3228,54.562583923339844,53.822505950927734,52.89567565917969,54.29317855834961,53.824302673339844,52.91280746459961,55.13829803466797,51.915985107421875,52.32164001464844,53.392822265625,100,0,NaN,NaN,0,NaN,0,0,3.3973538875579834,17179869184,2147483648,7372849152,905510912
209,1760645351934,3228,3228,3228,3228,3228,3228,3228,3228,54.562583923339844,53.822505950927734,52.89567565917969,54.29317855834961,53.824302673339844,52.91280746459961,55.13829803466797,51.915985107421875,52.32164001464844,53.392822265625,0,0,100,50,100,0,0,0,3.3973538875579834,17179869184,2147483648,7373815808,905510912
209,1760645352143,3228,3228,3228,3228,3228,3228,3228,3228,55.71604919433594,54.54884719848633,53.444358825683594,55.631595611572266,55.85016632080078,54.77398681640625,55.771217346191406,52.495304107666016,52.7685546875,54.143104553222656,30.000001907348633,59.09090805053711,28.571430206298828,100,23.809524536132813,13.636363983154297,5,0,3.3973538875579834,17179869184,2147483648,7373815808,905510912
10,1760645352353,3228,3228,3228,3228,3228,3228,3228,3228,55.71604919433594,54.54884719848633,53.444358825683594,55.631595611572266,55.85016632080078,54.77398681640625,55.771217346191406,52.495304107666016,52.7685546875,54.143104553222656,59.09090805053711,42.105262756347656,4.761904716491699,0,20,0,0,0,3.3973538875579834,17179869184,2147483648,7373815808,905510912
