Delta,Time,CPU_FREQUENCY_0,CPU_FREQUENCY_1,CPU_FREQUENCY_2,CPU_FREQUENCY_3,CPU_FREQUENCY_4,CPU_FREQUENCY_5,CPU_FREQUENCY_6,CPU_FREQUENCY_7,CPU_TEMP_0,CPU_TEMP_1,CPU_TEMP_2,CPU_TEMP_3,CPU_TEMP_4,CPU_TEMP_5,CPU_TEMP_6,CPU_TEMP_7,CPU_TEMP_8,CPU_TEMP_9,CPU_USAGE_0,CPU_USAGE_1,CPU_USAGE_2,CPU_USAGE_3,CPU_USAGE_4,CPU_USAGE_5,CPU_USAGE_6,CPU_USAGE_7,SYSTEM_POWER (Watts),TOTAL_MEMORY,TOTAL_SWAP,USED_MEMORY,USED_SWAP
0,1760637923907,3228,3228,3228,3228,3228,3228,3228,3228,61.94061279296875,61.030479431152344,60.432579040527344,62.85993194580078,62.54064178466797,61.869972229003906,62.20131301879883,58.949127197265625,59.978031158447266,60.40705871582031,0,0,100,66.66667175292969,50,NaN,50,0,8.901482582092285,17179869184,2147483648,7948386304,913899520
209,1760637923907,3228,3228,3228,3228,3228,3228,3228,3228,61.94061279296875,61.030479431152344,60.432579040527344,62.85993194580078,62.54064178466797,61.869972229003906,62.20131301879883,58.949127197265625,59.978031158447266,60.40705871582031,100,NaN,NaN,NaN,NaN,0,100,NaN,8.901482582092285,17179869184,2147483648,7944503296,913899520
209,1760637924117,3228,3228,3228,3228,3228,3228,3228,3228,62.4376220703125,61.19387435913086,60.41792297363281,63.35906982421875,62.87559509277344,62.85376739501953,62.73981857299805,59.345516204833984,60.36220169067383,60.755218505859375,25,31.81818199157715,77.2727279663086,40.90909194946289,68.18181610107422,9.523809432983398,0,0,8.901482582092285,17179869184,2147483648,7987249152,913899520
10,1760637924327,3228,3228,3228,3228,3228,3228,3228,3228,62.4376220703125,61.19387435913086,60.41792297363281,63.35906982421875,62.87559509277344,62.85376739501953,62.73981857299805,59.345516204833984,60.36220169067383,60.755218505859375,36.3636360168457,28.571430206298828,65,15.789472579956055,4.761904716491699,0,0,0,8.901482582092285,17179869184,2147483648,7939325952,913899520
