Delta,Time,CPU_FREQUENCY_0,CPU_FREQUENCY_1,CPU_FREQUENCY_2,CPU_FREQUENCY_3,CPU_FREQUENCY_4,CPU_FREQUENCY_5,CPU_FREQUENCY_6,CPU_FREQUENCY_7,CPU_TEMP_0,CPU_TEMP_1,CPU_TEMP_2,CPU_TEMP_3,CPU_TEMP_4,CPU_TEMP_5,CPU_TEMP_6,CPU_TEMP_7,CPU_TEMP_8,CPU_TEMP_9,CPU_USAGE_0,CPU_USAGE_1,CPU_USAGE_2,CPU_USAGE_3,CPU_USAGE_4,CPU_USAGE_5,CPU_USAGE_6,CPU_USAGE_7,SYSTEM_POWER (Watts),TOTAL_MEMORY,TOTAL_SWAP,USED_MEMORY,USED_SWAP
0,1760640358025,3228,3228,3228,3228,3228,3228,3228,3228,57.25991439819336,56.69554901123047,55.52668762207031,57.70890426635742,56.759925842285156,55.068702697753906,57.28917694091797,54.022396087646484,55.06690216064453,55.216880798339844,0,0,100,100,0,0,0,0,4.012797832489014,17179869184,2147483648,7972634624,905510912
209,1760640358025,3228,3228,3228,3228,3228,3228,3228,3228,57.25991439819336,56.69554901123047,55.52668762207031,57.70890426635742,56.759925842285156,55.068702697753906,57.28917694091797,54.022396087646484,55.06690216064453,55.216880798339844,0,0,50,100,50,100,0,0,4.012797832489014,17179869184,2147483648,7970619392,905510912
209,1760640358235,3228,3228,3228,3228,3228,3228,3228,3228,57.99626541137695,56.59189987182617,55.9664306640625,58.33576583862305,57.48786926269531,55.97129440307617,57.58900451660156,54.43657684326172,55.14833068847656,55.60292053222656,40.90909194946289,40.90909194946289,95,65,42.85714340209961,14.285715103149414,4.761904716491699,0,4.012797832489014,17179869184,2147483648,8030109696,905510912
204,1760640358445,3228,3228,3228,3228,3228,3228,3228,3228,57.99626541137695,56.59189987182617,55.9664306640625,58.33576583862305,57.48786926269531,55.97129440307617,57.58900451660156,54.43657684326172,55.14833068847656,55.60292053222656,38.095237731933594,30.000001907348633,50,86.36363983154297,23.809524536132813,0,0,0,4.012797832489014,17179869184,2147483648,8029323264,905510912
9,1760640358650,3228,3228,3228,3228,3228,3228,3228,3228,57.99626541137695,56.59189987182617,55.9664306640625,58.33576583862305,57.48786926269531,55.97129440307617,57.58900451660156,54.43657684326172,55.14833068847656,55.60292053222656,45,38.095237731933594,50,90,20,14.285715103149414,5,4.761904716491699,4.119898796081543,17179869184,2147483648,7966670848,905510912
