Delta,Time,CPU_FREQUENCY_0,CPU_FREQUENCY_1,CPU_FREQUENCY_2,CPU_FREQUENCY_3,CPU_FREQUENCY_4,CPU_FREQUENCY_5,CPU_FREQUENCY_6,CPU_FREQUENCY_7,CPU_TEMP_0,CPU_TEMP_1,CPU_TEMP_2,CPU_TEMP_3,CPU_TEMP_4,CPU_TEMP_5,CPU_TEMP_6,CPU_TEMP_7,CPU_TEMP_8,CPU_TEMP_9,CPU_USAGE_0,CPU_USAGE_1,CPU_USAGE_2,CPU_USAGE_3,CPU_USAGE_4,CPU_USAGE_5,CPU_USAGE_6,CPU_USAGE_7,SYSTEM_POWER (Watts),TOTAL_MEMORY,TOTAL_SWAP,USED_MEMORY,USED_SWAP
0,1760648861955,3228,3228,3228,3228,3228,3228,3228,3228,51.67108917236328,50.97492218017578,50.090736389160156,51.40793991088867,50.97511291503906,49.884498596191406,51.68864440917969,49.0936393737793,48.94664001464844,49.51704406738281,0,0,0,0,0,0,0,0,2.8934857845306396,17179869184,2147483648,7710523392,905510912
203,1760648861955,3228,3228,3228,3228,3228,3228,3228,3228,51.67108917236328,50.97492218017578,50.090736389160156,51.40793991088867,50.97511291503906,49.884498596191406,51.68864440917969,49.0936393737793,48.94664001464844,49.51704406738281,50,50,NaN,50,50,0,0,0,2.8934857845306396,17179869184,2147483648,7710703616,905510912
205,1760648862158,3228,3228,3228,3228,3228,3228,3228,3228,52.22296142578125,51.358009338378906,50.45502471923828,52.374874114990234,51.441810607910156,50.88257598876953,52.46772766113281,49.885013580322266,49.420650482177734,49.959259033203125,0,4.761904716491699,76.19047546386719,5.263157844543457,10.526315689086914,0,0,0,2.8934857845306396,17179869184,2147483648,7794819072,905510912
12,1760648862364,3228,3228,3228,3228,3228,3228,3228,3228,52.22296142578125,51.358009338378906,50.45502471923828,52.374874114990234,51.441810607910156,50.88257598876953,52.46772766113281,49.885013580322266,49.420650482177734,49.959259033203125,0,0,5,0,22.72727394104004,0,0,0,2.8934857845306396,17179869184,2147483648,7707066368,905510912
