Delta,Time,CPU_FREQUENCY_0,CPU_FREQUENCY_1,CPU_FREQUENCY_2,CPU_FREQUENCY_3,CPU_FREQUENCY_4,CPU_FREQUENCY_5,CPU_FREQUENCY_6,CPU_FREQUENCY_7,CPU_TEMP_0,CPU_TEMP_1,CPU_TEMP_2,CPU_TEMP_3,CPU_TEMP_4,CPU_TEMP_5,CPU_TEMP_6,CPU_TEMP_7,CPU_TEMP_8,CPU_TEMP_9,CPU_USAGE_0,CPU_USAGE_1,CPU_USAGE_2,CPU_USAGE_3,CPU_USAGE_4,CPU_USAGE_5,CPU_USAGE_6,CPU_USAGE_7,SYSTEM_POWER (Watts),TOTAL_MEMORY,TOTAL_SWAP,USED_MEMORY,USED_SWAP
0,1760622361464,3228,3228,3228,3228,3228,3228,3228,3228,57.07288360595703,56.525238037109375,55.73918151855469,56.71341323852539,56.50852966308594,55.6983528137207,57.27721405029297,53.969268798828125,54.77161407470703,55.22950744628906,0,100,0,0,0,0,0,0,3.4049453735351563,17179869184,2147483648,8322138112,955842560
209,1760622361464,3228,3228,3228,3228,3228,3228,3228,3228,57.07288360595703,56.525238037109375,55.73918151855469,56.71341323852539,56.50852966308594,55.6983528137207,57.27721405029297,53.969268798828125,54.77161407470703,55.22950744628906,100,NaN,100,NaN,0,0,0,0,3.4049453735351563,17179869184,2147483648,8323694592,955842560
209,1760622361674,3228,3228,3228,3228,3228,3228,3228,3228,57.07288360595703,56.525238037109375,55.73918151855469,56.71341323852539,56.50852966308594,55.6983528137207,57.27721405029297,53.969268798828125,54.77161407470703,55.22950744628906,50,47.619049072265625,0,68.18181610107422,33.333335876464844,0,0,0,3.9797143936157227,17179869184,2147483648,8417935360,955842560
10,1760622361884,3228,3228,3228,3228,3228,3228,3228,3228,57.07288360595703,56.525238037109375,55.73918151855469,56.71341323852539,56.50852966308594,55.6983528137207,57.27721405029297,53.969268798828125,54.77161407470703,55.22950744628906,57.142860412597656,60.000003814697266,4.761904716491699,0,9.523809432983398,0,0,0,3.9797143936157227,17179869184,2147483648,8322482176,955842560
