Delta,Time,CPU_FREQUENCY_0,CPU_FREQUENCY_1,CPU_FREQUENCY_2,CPU_FREQUENCY_3,CPU_FREQUENCY_4,CPU_FREQUENCY_5,CPU_FREQUENCY_6,CPU_FREQUENCY_7,CPU_TEMP_0,CPU_TEMP_1,CPU_TEMP_2,CPU_TEMP_3,CPU_TEMP_4,CPU_TEMP_5,CPU_TEMP_6,CPU_TEMP_7,CPU_TEMP_8,CPU_TEMP_9,CPU_USAGE_0,CPU_USAGE_1,CPU_USAGE_2,CPU_USAGE_3,CPU_USAGE_4,CPU_USAGE_5,CPU_USAGE_6,CPU_USAGE_7,SYSTEM_POWER (Watts),TOTAL_MEMORY,TOTAL_SWAP,USED_MEMORY,USED_SWAP
0,1760628538926,3228,3228,3228,3228,3228,3228,3228,3228,55.18547821044922,54.53239059448242,53.928871154785156,56.07585144042969,54.432090759277344,53.33260726928711,54.884464263916016,52.34141159057617,52.25614929199219,53.30876159667969,100,100,0,0,0,0,0,0,3.823883295059204,17179869184,2147483648,6821625856,939065344
209,1760628538926,3228,3228,3228,3228,3228,3228,3228,3228,55.18547821044922,54.53239059448242,53.928871154785156,56.07585144042969,54.432090759277344,53.33260726928711,54.884464263916016,52.34141159057617,52.25614929199219,53.30876159667969,100,100,100,0,0,0,0,0,3.823883295059204,17179869184,2147483648,6821625856,939065344
209,1760628539136,3228,3228,3228,3228,3228,3228,3228,3228,55.270362854003906,54.97609329223633,53.878929138183594,55.4976692199707,54.936851501464844,53.68806457519531,55.03478240966797,51.996681213378906,52.80421447753906,53.54480743408203,63.6363639831543,54.54545593261719,76.19047546386719,35,19.047618865966797,13.636363983154297,4.545454502105713,0,3.823883295059204,17179869184,2147483648,6821625856,939065344
209,1760628539346,3228,3228,3228,3228,3228,3228,3228,3228,55.270362854003906,54.97609329223633,53.878929138183594,55.4976692199707,54.936851501464844,53.68806457519531,55.03478240966797,51.996681213378906,52.80421447753906,53.54480743408203,0,0,38.095237731933594,77.2727279663086,76.19047546386719,4.761904716491699,0,0,3.823883295059204,17179869184,2147483648,6821625856,939065344
9,1760628539556,3228,3228,3228,3228,3228,3228,3228,3228,55.270362854003906,54.97609329223633,53.878929138183594,55.4976692199707,54.936851501464844,53.68806457519531,55.03478240966797,51.996681213378906,52.80421447753906,53.54480743408203,23.809524536132813,0,66.66667175292969,66.66667175292969,9.523809432983398,4.761904716491699,0,4.545454502105713,3.8022501468658447,17179869184,2147483648,6814466048,939065344
