Delta,Time,CPU_FREQUENCY_0,CPU_FREQUENCY_1,CPU_FREQUENCY_2,CPU_FREQUENCY_3,CPU_FREQUENCY_4,CPU_FREQUENCY_5,CPU_FREQUENCY_6,CPU_FREQUENCY_7,CPU_TEMP_0,CPU_TEMP_1,CPU_TEMP_2,CPU_TEMP_3,CPU_TEMP_4,CPU_TEMP_5,CPU_TEMP_6,CPU_TEMP_7,CPU_TEMP_8,CPU_TEMP_9,CPU_USAGE_0,CPU_USAGE_1,CPU_USAGE_2,CPU_USAGE_3,CPU_USAGE_4,CPU_USAGE_5,CPU_USAGE_6,CPU_USAGE_7,SYSTEM_POWER (Watts),TOTAL_MEMORY,TOTAL_SWAP,USED_MEMORY,USED_SWAP
0,1760629107820,3228,3228,3228,3228,3228,3228,3228,3228,53.306983947753906,53.139984130859375,52.26286315917969,53.47470474243164,52.77989196777344,52.097015380859375,52.961936950683594,51.002201080322266,51.37093734741211,51.4107666015625,NaN,100,0,0,0,0,0,0,3.224581480026245,17179869184,2147483648,6753878016,939065344
206,1760629107820,3228,3228,3228,3228,3228,3228,3228,3228,53.306983947753906,53.139984130859375,52.26286315917969,53.47470474243164,52.77989196777344,52.097015380859375,52.961936950683594,51.002201080322266,51.37093734741211,51.4107666015625,50,66.66667175292969,100,50,0,0,0,0,3.224581480026245,17179869184,2147483648,6753878016,939065344
209,1760629108027,3228,3228,3228,3228,3228,3228,3228,3228,54.139259338378906,53.564674377441406,52.995361328125,55.395118713378906,54.13452911376953,53.159095764160156,53.5898551940918,51.692298889160156,51.762996673583984,51.927703857421875,80,60.000003814697266,61.904762268066406,40,0,0,0,0,3.224581480026245,17179869184,2147483648,6753878016,939065344
206,1760629108237,3228,3228,3228,3228,3228,3228,3228,3228,54.139259338378906,53.564674377441406,52.995361328125,55.395118713378906,54.13452911376953,53.159095764160156,53.5898551940918,51.692298889160156,51.762996673583984,51.927703857421875,57.142860412597656,47.619049072265625,50,57.142860412597656,9.523809432983398,13.636363983154297,4.761904716491699,0,3.224581480026245,17179869184,2147483648,6753878016,939065344
9,1760629108444,3228,3228,3228,3228,3228,3228,3228,3228,54.139259338378906,53.564674377441406,52.995361328125,55.395118713378906,54.13452911376953,53.159095764160156,53.5898551940918,51.692298889160156,51.762996673583984,51.927703857421875,61.904762268066406,55,47.619049072265625,4.761904716491699,9.523809432983398,0,0,0,3.224581480026245,17179869184,2147483648,6748553216,939065344
