Delta,Time,CPU_FREQUENCY_0,CPU_FREQUENCY_1,CPU_FREQUENCY_2,CPU_FREQUENCY_3,CPU_FREQUENCY_4,CPU_FREQUENCY_5,CPU_FREQUENCY_6,CPU_FREQUENCY_7,CPU_TEMP_0,CPU_TEMP_1,CPU_TEMP_2,CPU_TEMP_3,CPU_TEMP_4,CPU_TEMP_5,CPU_TEMP_6,CPU_TEMP_7,CPU_TEMP_8,CPU_TEMP_9,CPU_USAGE_0,CPU_USAGE_1,CPU_USAGE_2,CPU_USAGE_3,CPU_USAGE_4,CPU_USAGE_5,CPU_USAGE_6,CPU_USAGE_7,SYSTEM_POWER (Watts),TOTAL_MEMORY,TOTAL_SWAP,USED_MEMORY,USED_SWAP
0,1760632160491,3228,3228,3228,3228,3228,3228,3228,3228,57.032066345214844,56.51099395751953,55.905067443847656,57.90080261230469,57.74970245361328,56.045814514160156,57.07823181152344,54.50017166137695,55.37195587158203,55.238861083984375,NaN,100,100,100,100,100,100,100,3.8612284660339355,17179869184,2147483648,7226441728,922288128
209,1760632160491,3228,3228,3228,3228,3228,3228,3228,3228,57.032066345214844,56.51099395751953,55.905067443847656,57.90080261230469,57.74970245361328,56.045814514160156,57.07823181152344,54.50017166137695,55.37195587158203,55.238861083984375,100,100,100,100,100,100,100,100,3.8612284660339355,17179869184,2147483648,7228309504,922288128
209,1760632160701,3228,3228,3228,3228,3228,3228,3228,3228,57.032066345214844,56.51099395751953,55.905067443847656,57.90080261230469,57.74970245361328,56.045814514160156,57.07823181152344,54.50017166137695,55.37195587158203,55.238861083984375,100,100,95.23809814453125,47.619049072265625,42.85714340209961,33.333335876464844,31.81818199157715,23.809524536132813,3.8612284660339355,17179869184,2147483648,7228309504,922288128
5,1760632160911,3228,3228,3228,3228,3228,3228,3228,3228,57.032066345214844,56.51099395751953,55.905067443847656,57.90080261230469,57.74970245361328,56.045814514160156,57.07823181152344,54.50017166137695,55.37195587158203,55.238861083984375,100,100,57.142860412597656,4.761904716491699,4.545454502105713,4.761904716491699,0,0,3.8612284660339355,17179869184,2147483648,7228309504,922288128
