Delta,Time,CPU_FREQUENCY_0,CPU_FREQUENCY_1,CPU_FREQUENCY_2,CPU_FREQUENCY_3,CPU_FREQUENCY_4,CPU_FREQUENCY_5,CPU_FREQUENCY_6,CPU_FREQUENCY_7,CPU_TEMP_0,CPU_TEMP_1,CPU_TEMP_2,CPU_TEMP_3,CPU_TEMP_4,CPU_TEMP_5,CPU_TEMP_6,CPU_TEMP_7,CPU_TEMP_8,CPU_TEMP_9,CPU_USAGE_0,CPU_USAGE_1,CPU_USAGE_2,CPU_USAGE_3,CPU_USAGE_4,CPU_USAGE_5,CPU_USAGE_6,CPU_USAGE_7,SYSTEM_POWER (Watts),TOTAL_MEMORY,TOTAL_SWAP,USED_MEMORY,USED_SWAP
0,1760649412891,3228,3228,3228,3228,3228,3228,3228,3228,54.71677780151367,53.49652099609375,52.91679382324219,53.96564865112305,53.51873779296875,52.83104705810547,54.27386474609375,51.61714553833008,51.898529052734375,52.19867706298828,0,50,100,100,50,NaN,0,NaN,6.311185359954834,17179869184,2147483648,7180730368,905510912
209,1760649412891,3228,3228,3228,3228,3228,3228,3228,3228,54.71677780151367,53.49652099609375,52.91679382324219,53.96564865112305,53.51873779296875,52.83104705810547,54.27386474609375,51.61714553833008,51.898529052734375,52.19867706298828,NaN,NaN,50,0,100,0,0,0,6.311185359954834,17179869184,2147483648,7183859712,905510912
209,1760649413101,3228,3228,3228,3228,3228,3228,3228,3228,56.03164291381836,54.19304275512695,53.788795471191406,55.848636627197266,56.09150695800781,54.851375579833984,55.333961486816406,52.69607162475586,52.54070281982422,52.90196228027344,45.45454788208008,47.619049072265625,80.95238494873047,95.23809814453125,20,14.285715103149414,4.761904716491699,4.761904716491699,6.311185359954834,17179869184,2147483648,7230390272,905510912
209,1760649413311,3228,3228,3228,3228,3228,3228,3228,3228,56.03164291381836,54.19304275512695,53.788795471191406,55.848636627197266,56.09150695800781,54.851375579833984,55.333961486816406,52.69607162475586,52.54070281982422,52.90196228027344,35,38.095237731933594,75,30.000001907348633,54.54545593261719,22.72727394104004,0,0,6.311185359954834,17179869184,2147483648,7230390272,905510912
9,1760649413521,3228,3228,3228,3228,3228,3228,3228,3228,56.03164291381836,54.19304275512695,53.788795471191406,55.848636627197266,56.09150695800781,54.851375579833984,55.333961486816406,52.69607162475586,52.54070281982422,52.90196228027344,63.6363639831543,61.904762268066406,57.142860412597656,81.81818389892578,10,18.18181800842285,4.761904716491699,4.761904716491699,5.894473075866699,17179869184,2147483648,7211810816,905510912
