Delta,Time,CPU_FREQUENCY_0,CPU_FREQUENCY_1,CPU_FREQUENCY_2,CPU_FREQUENCY_3,CPU_FREQUENCY_4,CPU_FREQUENCY_5,CPU_FREQUENCY_6,CPU_FREQUENCY_7,CPU_TEMP_0,CPU_TEMP_1,CPU_TEMP_2,CPU_TEMP_3,CPU_TEMP_4,CPU_TEMP_5,CPU_TEMP_6,CPU_TEMP_7,CPU_TEMP_8,CPU_TEMP_9,CPU_USAGE_0,CPU_USAGE_1,CPU_USAGE_2,CPU_USAGE_3,CPU_USAGE_4,CPU_USAGE_5,CPU_USAGE_6,CPU_USAGE_7,SYSTEM_POWER (Watts),TOTAL_MEMORY,TOTAL_SWAP,USED_MEMORY,USED_SWAP
0,1760627430240,3228,3228,3228,3228,3228,3228,3228,3228,54.951656341552734,55.308448791503906,53.927040100097656,55.69338607788086,55.515892028808594,54.687252044677734,55.99483871459961,52.795677185058594,53.50621795654297,53.68359375,100,100,50,0,0,0,0,0,2.6052911281585693,17179869184,2147483648,7234650112,939065344
204,1760627430240,3228,3228,3228,3228,3228,3228,3228,3228,54.951656341552734,55.308448791503906,53.927040100097656,55.69338607788086,55.515892028808594,54.687252044677734,55.99483871459961,52.795677185058594,53.50621795654297,53.68359375,100,100,NaN,100,50,0,0,0,2.6052911281585693,17179869184,2147483648,7235026944,939065344
202,1760627430445,3228,3228,3228,3228,3228,3228,3228,3228,54.951656341552734,55.308448791503906,53.927040100097656,55.69338607788086,55.515892028808594,54.687252044677734,55.99483871459961,52.795677185058594,53.50621795654297,53.68359375,100,100,95,30.000001907348633,40,20,23.809524536132813,15.000000953674316,2.6052911281585693,17179869184,2147483648,7304888320,939065344
13,1760627430648,3228,3228,3228,3228,3228,3228,3228,3228,54.951656341552734,55.308448791503906,53.927040100097656,55.69338607788086,55.515892028808594,54.687252044677734,55.99483871459961,52.795677185058594,53.50621795654297,53.68359375,66.66667175292969,65,68.18181610107422,60.000003814697266,15.000000953674316,9.523809432983398,5.263157844543457,0,8.597254753112793,17179869184,2147483648,7230341120,939065344
