Delta,Time,CPU_FREQUENCY_0,CPU_FREQUENCY_1,CPU_FREQUENCY_2,CPU_FREQUENCY_3,CPU_FREQUENCY_4,CPU_FREQUENCY_5,CPU_FREQUENCY_6,CPU_FREQUENCY_7,CPU_TEMP_0,CPU_TEMP_1,CPU_TEMP_2,CPU_TEMP_3,CPU_TEMP_4,CPU_TEMP_5,CPU_TEMP_6,CPU_TEMP_7,CPU_TEMP_8,CPU_TEMP_9,CPU_USAGE_0,CPU_USAGE_1,CPU_USAGE_2,CPU_USAGE_3,CPU_USAGE_4,CPU_USAGE_5,CPU_USAGE_6,CPU_USAGE_7,SYSTEM_POWER (Watts),TOTAL_MEMORY,TOTAL_SWAP,USED_MEMORY,USED_SWAP
0,1760616344610,3228,3228,3228,3228,3228,3228,3228,3228,53.69499969482422,53.986141204833984,52.70355987548828,53.795249938964844,53.17237091064453,52.6807975769043,54.3278923034668,51.428279876708984,51.993202209472656,51.78087615966797,50,0,50,0,0,0,0,0,3.0164427757263184,17179869184,2147483648,6736117760,981008384
209,1760616344610,3228,3228,3228,3228,3228,3228,3228,3228,53.69499969482422,53.986141204833984,52.70355987548828,53.795249938964844,53.17237091064453,52.6807975769043,54.3278923034668,51.428279876708984,51.993202209472656,51.78087615966797,100,NaN,0,100,0,0,0,0,3.0164427757263184,17179869184,2147483648,6736117760,981008384
202,1760616344820,3228,3228,3228,3228,3228,3228,3228,3228,53.69499969482422,53.986141204833984,52.70355987548828,53.795249938964844,53.17237091064453,52.6807975769043,54.3278923034668,51.428279876708984,51.993202209472656,51.78087615966797,47.619049072265625,47.619049072265625,71.42857360839844,50,31.57894515991211,13.636363983154297,0,0,3.0164427757263184,17179869184,2147483648,6736117760,981008384
11,1760616345023,3228,3228,3228,3228,3228,3228,3228,3228,55.03448486328125,54.44413757324219,53.72425079345703,55.49802780151367,55.59234619140625,54.819766998291016,54.816688537597656,52.227088928222656,52.410858154296875,52.491485595703125,50,61.904762268066406,0,19.047618865966797,0,0,0,0,3.0164427757263184,17179869184,2147483648,6736117760,981008384
