Delta,Time,CPU_FREQUENCY_0,CPU_FREQUENCY_1,CPU_FREQUENCY_2,CPU_FREQUENCY_3,CPU_FREQUENCY_4,CPU_FREQUENCY_5,CPU_FREQUENCY_6,CPU_FREQUENCY_7,CPU_TEMP_0,CPU_TEMP_1,CPU_TEMP_2,CPU_TEMP_3,CPU_TEMP_4,CPU_TEMP_5,CPU_TEMP_6,CPU_TEMP_7,CPU_TEMP_8,CPU_TEMP_9,CPU_USAGE_0,CPU_USAGE_1,CPU_USAGE_2,CPU_USAGE_3,CPU_USAGE_4,CPU_USAGE_5,CPU_USAGE_6,CPU_USAGE_7,SYSTEM_POWER (Watts),TOTAL_MEMORY,TOTAL_SWAP,USED_MEMORY,USED_SWAP
0,1760643262184,3228,3228,3228,3228,3228,3228,3228,3228,50.69319152832031,49.99565124511719,49.24360656738281,50.40135955810547,49.8514404296875,49.29127883911133,51.75638961791992,47.676734924316406,48.30643844604492,48.60432434082031,100,100,0,0,0,0,0,0,3.2249667644500732,17179869184,2147483648,7134330880,905510912
209,1760643262184,3228,3228,3228,3228,3228,3228,3228,3228,50.69319152832031,49.99565124511719,49.24360656738281,50.40135955810547,49.8514404296875,49.29127883911133,51.75638961791992,47.676734924316406,48.30643844604492,48.60432434082031,100,100,100,100,0,0,0,0,3.2249667644500732,17179869184,2147483648,7134330880,905510912
8,1760643262394,3228,3228,3228,3228,3228,3228,3228,3228,50.69319152832031,49.99565124511719,49.24360656738281,50.40135955810547,49.8514404296875,49.29127883911133,51.75638961791992,47.676734924316406,48.30643844604492,48.60432434082031,100,95,75,18.18181800842285,4.761904716491699,4.761904716491699,0,0,3.2249667644500732,17179869184,2147483648,7134330880,905510912
