Delta,Time,CPU_FREQUENCY_0,CPU_FREQUENCY_1,CPU_FREQUENCY_2,CPU_FREQUENCY_3,CPU_FREQUENCY_4,CPU_FREQUENCY_5,CPU_FREQUENCY_6,CPU_FREQUENCY_7,CPU_TEMP_0,CPU_TEMP_1,CPU_TEMP_2,CPU_TEMP_3,CPU_TEMP_4,CPU_TEMP_5,CPU_TEMP_6,CPU_TEMP_7,CPU_TEMP_8,CPU_TEMP_9,CPU_USAGE_0,CPU_USAGE_1,CPU_USAGE_2,CPU_USAGE_3,CPU_USAGE_4,CPU_USAGE_5,CPU_USAGE_6,CPU_USAGE_7,SYSTEM_POWER (Watts),TOTAL_MEMORY,TOTAL_SWAP,USED_MEMORY,USED_SWAP
0,1760635930003,3228,3228,3228,3228,3228,3228,3228,3228,56.57063293457031,55.28662872314453,54.97888946533203,56.51601028442383,55.68658447265625,54.82056427001953,56.50883483886719,53.756046295166016,54.84229278564453,54.88395690917969,50,100,0,0,0,0,0,0,6.112476825714111,17179869184,2147483648,8052178944,913899520
209,1760635930003,3228,3228,3228,3228,3228,3228,3228,3228,56.57063293457031,55.28662872314453,54.97888946533203,56.51601028442383,55.68658447265625,54.82056427001953,56.50883483886719,53.756046295166016,54.84229278564453,54.88395690917969,NaN,NaN,NaN,50,0,0,0,0,6.112476825714111,17179869184,2147483648,8054439936,913899520
200,1760635930212,3228,3228,3228,3228,3228,3228,3228,3228,57.705135345458984,55.99472427368164,55.29496765136719,57.60139083862305,57.52049255371094,56.214542388916016,57.44112777709961,54.324188232421875,55.21816635131836,55.36891174316406,85.71428680419922,80.95238494873047,22.72727394104004,76.19047546386719,0,9.090909004211426,0,0,6.112476825714111,17179869184,2147483648,8120844288,913899520
10,1760635930413,3228,3228,3228,3228,3228,3228,3228,3228,57.705135345458984,55.99472427368164,55.29496765136719,57.60139083862305,57.52049255371094,56.214542388916016,57.44112777709961,54.324188232421875,55.21816635131836,55.36891174316406,90,85,15.000000953674316,0,0,5,0,0,6.112476825714111,17179869184,2147483648,8051179520,913899520
