Delta,Time,CPU_FREQUENCY_0,CPU_FREQUENCY_1,CPU_FREQUENCY_2,CPU_FREQUENCY_3,CPU_FREQUENCY_4,CPU_FREQUENCY_5,CPU_FREQUENCY_6,CPU_FREQUENCY_7,CPU_TEMP_0,CPU_TEMP_1,CPU_TEMP_2,CPU_TEMP_3,CPU_TEMP_4,CPU_TEMP_5,CPU_TEMP_6,CPU_TEMP_7,CPU_TEMP_8,CPU_TEMP_9,CPU_USAGE_0,CPU_USAGE_1,CPU_USAGE_2,CPU_USAGE_3,CPU_USAGE_4,CPU_USAGE_5,CPU_USAGE_6,CPU_USAGE_7,SYSTEM_POWER (Watts),TOTAL_MEMORY,TOTAL_SWAP,USED_MEMORY,USED_SWAP
0,1760616157320,3228,3228,3228,3228,3228,3228,3228,3228,54.25828170776367,53.66767120361328,52.510986328125,53.84745407104492,52.615142822265625,52.28736114501953,54.175594329833984,50.37125015258789,52.02057647705078,51.67939758300781,NaN,100,0,0,0,0,0,0,3.2154972553253174,17179869184,2147483648,7267434496,989396992
209,1760616157320,3228,3228,3228,3228,3228,3228,3228,3228,54.25828170776367,53.66767120361328,52.510986328125,53.84745407104492,52.615142822265625,52.28736114501953,54.175594329833984,50.37125015258789,52.02057647705078,51.67939758300781,0,100,100,50,0,0,0,0,3.2154972553253174,17179869184,2147483648,7267434496,989396992
207,1760616157530,3228,3228,3228,3228,3228,3228,3228,3228,54.25828170776367,53.66767120361328,52.510986328125,53.84745407104492,52.615142822265625,52.28736114501953,54.175594329833984,50.37125015258789,52.02057647705078,51.67939758300781,77.2727279663086,80,95,4.761904716491699,9.090909004211426,0,0,0,3.2154972553253174,17179869184,2147483648,7267434496,989396992
10,1760616157738,3228,3228,3228,3228,3228,3228,3228,3228,54.25828170776367,53.66767120361328,52.510986328125,53.84745407104492,52.615142822265625,52.28736114501953,54.175594329833984,50.37125015258789,52.02057647705078,51.67939758300781,55,40.90909194946289,71.42857360839844,5,0,4.761904716491699,0,0,3.163142204284668,17179869184,2147483648,7267434496,989396992
