Delta,Time,CPU_FREQUENCY_0,CPU_FREQUENCY_1,CPU_FREQUENCY_2,CPU_FREQUENCY_3,CPU_FREQUENCY_4,CPU_FREQUENCY_5,CPU_FREQUENCY_6,CPU_FREQUENCY_7,CPU_TEMP_0,CPU_TEMP_1,CPU_TEMP_2,CPU_TEMP_3,CPU_TEMP_4,CPU_TEMP_5,CPU_TEMP_6,CPU_TEMP_7,CPU_TEMP_8,CPU_TEMP_9,CPU_USAGE_0,CPU_USAGE_1,CPU_USAGE_2,CPU_USAGE_3,CPU_USAGE_4,CPU_USAGE_5,CPU_USAGE_6,CPU_USAGE_7,SYSTEM_POWER (Watts),TOTAL_MEMORY,TOTAL_SWAP,USED_MEMORY,USED_SWAP
0,1760653773249,3228,3228,3228,3228,3228,3228,3228,3228,52.08159637451172,52.09080123901367,50.797874450683594,51.372467041015625,50.85430908203125,50.89337158203125,52.56290054321289,49.17433166503906,49.776824951171875,50.22020721435547,50,NaN,50,0,0,0,0,0,2.9066193103790283,17179869184,2147483648,7159709696,897122304
209,1760653773250,3228,3228,3228,3228,3228,3228,3228,3228,52.08159637451172,52.09080123901367,50.797874450683594,51.372467041015625,50.85430908203125,50.89337158203125,52.56290054321289,49.17433166503906,49.776824951171875,50.22020721435547,NaN,100,NaN,100,0,0,0,0,2.9066193103790283,17179869184,2147483648,7159709696,897122304
209,1760653773460,3228,3228,3228,3228,3228,3228,3228,3228,52.08159637451172,52.09080123901367,50.797874450683594,51.372467041015625,50.85430908203125,50.89337158203125,52.56290054321289,49.17433166503906,49.776824951171875,50.22020721435547,77.2727279663086,54.54545593261719,59.09090805053711,4.761904716491699,40.90909194946289,0,0,0,2.9066193103790283,17179869184,2147483648,7159709696,897122304
209,1760653773670,3228,3228,3228,3228,3228,3228,3228,3228,52.08159637451172,52.09080123901367,50.797874450683594,51.372467041015625,50.85430908203125,50.89337158203125,52.56290054321289,49.17433166503906,49.776824951171875,50.22020721435547,57.894737243652344,45,0,0,100,0,0,0,3.0327773094177246,17179869184,2147483648,7159709696,897122304
10,1760653773880,3228,3228,3228,3228,3228,3228,3228,3228,52.08159637451172,52.09080123901367,50.797874450683594,51.372467041015625,50.85430908203125,50.89337158203125,52.56290054321289,49.17433166503906,49.776824951171875,50.22020721435547,54.54545593261719,66.66667175292969,42.85714340209961,0,13.636363983154297,5,0,0,3.0327773094177246,17179869184,2147483648,7158333440,897122304
