Delta,Time,CPU_FREQUENCY_0,CPU_FREQUENCY_1,CPU_FREQUENCY_2,CPU_FREQUENCY_3,CPU_FREQUENCY_4,CPU_FREQUENCY_5,CPU_FREQUENCY_6,CPU_FREQUENCY_7,CPU_TEMP_0,CPU_TEMP_1,CPU_TEMP_2,CPU_TEMP_3,CPU_TEMP_4,CPU_TEMP_5,CPU_TEMP_6,CPU_TEMP_7,CPU_TEMP_8,CPU_TEMP_9,CPU_USAGE_0,CPU_USAGE_1,CPU_USAGE_2,CPU_USAGE_3,CPU_USAGE_4,CPU_USAGE_5,CPU_USAGE_6,CPU_USAGE_7,SYSTEM_POWER (Watts),TOTAL_MEMORY,TOTAL_SWAP,USED_MEMORY,USED_SWAP
0,1760621011768,3228,3228,3228,3228,3228,3228,3228,3228,54.94614028930664,54.03114318847656,53.207313537597656,54.733768463134766,54.44249725341797,53.36976623535156,55.100318908691406,51.40896987915039,52.64992141723633,53.03673553466797,0,0,0,50,100,100,0,0,3.5133585929870605,17179869184,2147483648,7694368768,964231168
209,1760621011768,3228,3228,3228,3228,3228,3228,3228,3228,54.94614028930664,54.03114318847656,53.207313537597656,54.733768463134766,54.44249725341797,53.36976623535156,55.100318908691406,51.40896987915039,52.64992141723633,53.03673553466797,0,0,50,100,0,50,0,0,3.5133585929870605,17179869184,2147483648,7694467072,964231168
10,1760621011978,3228,3228,3228,3228,3228,3228,3228,3228,54.94614028930664,54.03114318847656,53.207313537597656,54.733768463134766,54.44249725341797,53.36976623535156,55.100318908691406,51.40896987915039,52.64992141723633,53.03673553466797,52.38095474243164,42.85714340209961,70,25,25,0,9.090909004211426,0,3.5133585929870605,17179869184,2147483648,7750385664,964231168
