Delta,Time,CPU_FREQUENCY_0,CPU_FREQUENCY_1,CPU_FREQUENCY_2,CPU_FREQUENCY_3,CPU_FREQUENCY_4,CPU_FREQUENCY_5,CPU_FREQUENCY_6,CPU_FREQUENCY_7,CPU_TEMP_0,CPU_TEMP_1,CPU_TEMP_2,CPU_TEMP_3,CPU_TEMP_4,CPU_TEMP_5,CPU_TEMP_6,CPU_TEMP_7,CPU_TEMP_8,CPU_TEMP_9,CPU_USAGE_0,CPU_USAGE_1,CPU_USAGE_2,CPU_USAGE_3,CPU_USAGE_4,CPU_USAGE_5,CPU_USAGE_6,CPU_USAGE_7,SYSTEM_POWER (Watts),TOTAL_MEMORY,TOTAL_SWAP,USED_MEMORY,USED_SWAP
0,1760630995247,3228,3228,3228,3228,3228,3228,3228,3228,54.09856414794922,53.024967193603516,52.41564178466797,54.29867172241211,53.20066833496094,52.818580627441406,54.27192687988281,51.28325271606445,51.58460998535156,52.502899169921875,0,0,0,0,0,0,0,0,3.6391613483428955,17179869184,2147483648,7435223040,939065344
204,1760630995248,3228,3228,3228,3228,3228,3228,3228,3228,54.09856414794922,53.024967193603516,52.41564178466797,54.29867172241211,53.20066833496094,52.818580627441406,54.27192687988281,51.28325271606445,51.58460998535156,52.502899169921875,100,0,50,NaN,0,0,0,0,3.6391613483428955,17179869184,2147483648,7433224192,939065344
204,1760630995453,3228,3228,3228,3228,3228,3228,3228,3228,54.09856414794922,53.024967193603516,52.41564178466797,54.29867172241211,53.20066833496094,52.818580627441406,54.27192687988281,51.28325271606445,51.58460998535156,52.502899169921875,0,4.761904716491699,30.000001907348633,61.904762268066406,4.761904716491699,4.761904716491699,0,0,2.320017099380493,17179869184,2147483648,7499956224,939065344
204,1760630995658,3228,3228,3228,3228,3228,3228,3228,3228,54.09856414794922,53.024967193603516,52.41564178466797,54.29867172241211,53.20066833496094,52.818580627441406,54.27192687988281,51.28325271606445,51.58460998535156,52.502899169921875,5,5,71.42857360839844,15.000000953674316,0,15.000000953674316,0,0,2.320017099380493,17179869184,2147483648,7499956224,939065344
10,1760630995863,3228,3228,3228,3228,3228,3228,3228,3228,54.09856414794922,53.024967193603516,52.41564178466797,54.29867172241211,53.20066833496094,52.818580627441406,54.27192687988281,51.28325271606445,51.58460998535156,52.502899169921875,4.761904716491699,4.761904716491699,71.42857360839844,9.523809432983398,9.523809432983398,4.545454502105713,0,0,2.320017099380493,17179869184,2147483648,7438041088,939065344
