Delta,Time,CPU_FREQUENCY_0,CPU_FREQUENCY_1,CPU_FREQUENCY_2,CPU_FREQUENCY_3,CPU_FREQUENCY_4,CPU_FREQUENCY_5,CPU_FREQUENCY_6,CPU_FREQUENCY_7,CPU_TEMP_0,CPU_TEMP_1,CPU_TEMP_2,CPU_TEMP_3,CPU_TEMP_4,CPU_TEMP_5,CPU_TEMP_6,CPU_TEMP_7,CPU_TEMP_8,CPU_TEMP_9,CPU_USAGE_0,CPU_USAGE_1,CPU_USAGE_2,CPU_USAGE_3,CPU_USAGE_4,CPU_USAGE_5,CPU_USAGE_6,CPU_USAGE_7,SYSTEM_POWER (Watts),TOTAL_MEMORY,TOTAL_SWAP,USED_MEMORY,USED_SWAP
0,1760628609819,3228,3228,3228,3228,3228,3228,3228,3228,56.517112731933594,56.02680969238281,55.529937744140625,56.58455276489258,55.834510803222656,55.169124603271484,56.46611022949219,53.62999725341797,54.815391540527344,54.596900939941406,100,0,0,0,0,0,0,0,3.2084591388702393,17179869184,2147483648,6778929152,939065344
209,1760628609819,3228,3228,3228,3228,3228,3228,3228,3228,56.517112731933594,56.02680969238281,55.529937744140625,56.58455276489258,55.834510803222656,55.169124603271484,56.46611022949219,53.62999725341797,54.815391540527344,54.596900939941406,0,100,NaN,0,0,0,0,0,3.2084591388702393,17179869184,2147483648,6780436480,939065344
209,1760628610029,3228,3228,3228,3228,3228,3228,3228,3228,57.03730773925781,56.27824401855469,56.40094757080078,58.090667724609375,56.01251220703125,55.91064453125,57.107505798339844,54.31124496459961,54.83613204956055,54.798072814941406,50,59.09090805053711,66.66667175292969,9.090909004211426,28.571430206298828,0,0,0,3.2084591388702393,17179869184,2147483648,6780436480,939065344
201,1760628610239,3228,3228,3228,3228,3228,3228,3228,3228,57.03730773925781,56.27824401855469,56.40094757080078,58.090667724609375,56.01251220703125,55.91064453125,57.107505798339844,54.31124496459961,54.83613204956055,54.798072814941406,45,55,31.81818199157715,47.619049072265625,20,4.761904716491699,0,0,3.2084591388702393,17179869184,2147483648,6780436480,939065344
8,1760628610441,3228,3228,3228,3228,3228,3228,3228,3228,57.03730773925781,56.27824401855469,56.40094757080078,58.090667724609375,56.01251220703125,55.91064453125,57.107505798339844,54.31124496459961,54.83613204956055,54.798072814941406,71.42857360839844,75,10.526315689086914,0,54.54545593261719,0,0,0,3.2084591388702393,17179869184,2147483648,6806028288,939065344
