Delta,Time,CPU_FREQUENCY_0,CPU_FREQUENCY_1,CPU_FREQUENCY_2,CPU_FREQUENCY_3,CPU_FREQUENCY_4,CPU_FREQUENCY_5,CPU_FREQUENCY_6,CPU_FREQUENCY_7,CPU_TEMP_0,CPU_TEMP_1,CPU_TEMP_2,CPU_TEMP_3,CPU_TEMP_4,CPU_TEMP_5,CPU_TEMP_6,CPU_TEMP_7,CPU_TEMP_8,CPU_TEMP_9,CPU_USAGE_0,CPU_USAGE_1,CPU_USAGE_2,CPU_USAGE_3,CPU_USAGE_4,CPU_USAGE_5,CPU_USAGE_6,CPU_USAGE_7,SYSTEM_POWER (Watts),TOTAL_MEMORY,TOTAL_SWAP,USED_MEMORY,USED_SWAP
0,1760634486273,3228,3228,3228,3228,3228,3228,3228,3228,53.988739013671875,52.357913970947266,51.87413024902344,53.596214294433594,53.12543487548828,52.202415466308594,53.60115051269531,50.164520263671875,50.62223815917969,51.51494598388672,50,100,0,0,0,0,0,0,3.209115743637085,17179869184,2147483648,8804859904,922288128
206,1760634486273,3228,3228,3228,3228,3228,3228,3228,3228,53.988739013671875,52.357913970947266,51.87413024902344,53.596214294433594,53.12543487548828,52.202415466308594,53.60115051269531,50.164520263671875,50.62223815917969,51.51494598388672,0,100,100,50,100,0,0,0,3.209115743637085,17179869184,2147483648,8803975168,922288128
202,1760634486480,3228,3228,3228,3228,3228,3228,3228,3228,53.988739013671875,52.357913970947266,51.87413024902344,53.596214294433594,53.12543487548828,52.202415466308594,53.60115051269531,50.164520263671875,50.62223815917969,51.51494598388672,47.619049072265625,57.142860412597656,55,14.285715103149414,26.3157901763916,0,0,0,3.209115743637085,17179869184,2147483648,8875114496,922288128
10,1760634486682,3228,3228,3228,3228,3228,3228,3228,3228,53.988739013671875,52.357913970947266,51.87413024902344,53.596214294433594,53.12543487548828,52.202415466308594,53.60115051269531,50.164520263671875,50.62223815917969,51.51494598388672,70,63.15789031982422,4.761904716491699,0,36.3636360168457,0,0,0,3.1787335872650146,17179869184,2147483648,8804352000,922288128
