Delta,Time,CPU_FREQUENCY_0,CPU_FREQUENCY_1,CPU_FREQUENCY_2,CPU_FREQUENCY_3,CPU_FREQUENCY_4,CPU_FREQUENCY_5,CPU_FREQUENCY_6,CPU_FREQUENCY_7,CPU_TEMP_0,CPU_TEMP_1,CPU_TEMP_2,CPU_TEMP_3,CPU_TEMP_4,CPU_TEMP_5,CPU_TEMP_6,CPU_TEMP_7,CPU_TEMP_8,CPU_TEMP_9,CPU_USAGE_0,CPU_USAGE_1,CPU_USAGE_2,CPU_USAGE_3,CPU_USAGE_4,CPU_USAGE_5,CPU_USAGE_6,CPU_USAGE_7,SYSTEM_POWER (Watts),TOTAL_MEMORY,TOTAL_SWAP,USED_MEMORY,USED_SWAP
0,1760633401400,3228,3228,3228,3228,3228,3228,3228,3228,57.711910247802734,56.788330078125,56.13628387451172,57.85397720336914,56.834686279296875,56.26239013671875,57.31023406982422,54.83625030517578,55.59187316894531,55.42827606201172,100,0,50,0,0,0,0,0,5.500064849853516,17179869184,2147483648,7387037696,922288128
207,1760633401400,3228,3228,3228,3228,3228,3228,3228,3228,57.711910247802734,56.788330078125,56.13628387451172,57.85397720336914,56.834686279296875,56.26239013671875,57.31023406982422,54.83625030517578,55.59187316894531,55.42827606201172,100,100,50,50,0,0,0,0,5.500064849853516,17179869184,2147483648,7388069888,922288128
201,1760633401608,3228,3228,3228,3228,3228,3228,3228,3228,57.711910247802734,56.788330078125,56.13628387451172,57.85397720336914,56.834686279296875,56.26239013671875,57.31023406982422,54.83625030517578,55.59187316894531,55.42827606201172,80.95238494873047,85,57.894737243652344,40,0,5,0,0,5.673883438110352,17179869184,2147483648,7455604736,922288128
10,1760633401810,3228,3228,3228,3228,3228,3228,3228,3228,57.711910247802734,56.788330078125,56.13628387451172,57.85397720336914,56.834686279296875,56.26239013671875,57.31023406982422,54.83625030517578,55.59187316894531,55.42827606201172,80,90,38.095237731933594,0,0,4.761904716491699,0,0,5.673883438110352,17179869184,2147483648,7455604736,922288128
