Delta,Time,CPU_FREQUENCY_0,CPU_FREQUENCY_1,CPU_FREQUENCY_2,CPU_FREQUENCY_3,CPU_FREQUENCY_4,CPU_FREQUENCY_5,CPU_FREQUENCY_6,CPU_FREQUENCY_7,CPU_TEMP_0,CPU_TEMP_1,CPU_TEMP_2,CPU_TEMP_3,CPU_TEMP_4,CPU_TEMP_5,CPU_TEMP_6,CPU_TEMP_7,CPU_TEMP_8,CPU_TEMP_9,CPU_USAGE_0,CPU_USAGE_1,CPU_USAGE_2,CPU_USAGE_3,CPU_USAGE_4,CPU_USAGE_5,CPU_USAGE_6,CPU_USAGE_7,SYSTEM_POWER (Watts),TOTAL_MEMORY,TOTAL_SWAP,USED_MEMORY,USED_SWAP
0,1760627466520,3228,3228,3228,3228,3228,3228,3228,3228,52.466941833496094,52.00517272949219,51.53655242919922,52.42763900756836,52.225433349609375,51.25812530517578,52.4706916809082,49.86323547363281,50.58366394042969,50.88983154296875,0,0,0,0,0,0,0,0,2.389826774597168,17179869184,2147483648,7282262016,939065344
205,1760627466521,3228,3228,3228,3228,3228,3228,3228,3228,52.466941833496094,52.00517272949219,51.53655242919922,52.42763900756836,52.225433349609375,51.25812530517578,52.4706916809082,49.86323547363281,50.58366394042969,50.88983154296875,50,0,100,0,0,0,0,0,2.389826774597168,17179869184,2147483648,7282262016,939065344
209,1760627466726,3228,3228,3228,3228,3228,3228,3228,3228,52.466941833496094,52.00517272949219,51.53655242919922,52.42763900756836,52.225433349609375,51.25812530517578,52.4706916809082,49.86323547363281,50.58366394042969,50.88983154296875,0,4.761904716491699,55,35,13.043478012084961,9.523809432983398,0,0,2.389826774597168,17179869184,2147483648,7282262016,939065344
209,1760627466936,3228,3228,3228,3228,3228,3228,3228,3228,52.466941833496094,52.00517272949219,51.53655242919922,52.42763900756836,52.225433349609375,51.25812530517578,52.4706916809082,49.86323547363281,50.58366394042969,50.88983154296875,4.761904716491699,14.285715103149414,90.47618865966797,19.047618865966797,0,0,0,0,2.389826774597168,17179869184,2147483648,7282262016,939065344
10,1760627467146,3228,3228,3228,3228,3228,3228,3228,3228,54.24515151977539,52.5990104675293,53.47727966308594,56.8430061340332,54.30857849121094,53.419166564941406,53.6036262512207,51.24795150756836,50.864166259765625,51.57709503173828,23.809524536132813,23.809524536132813,27.272727966308594,23.809524536132813,30.000001907348633,0,0,0,2.389826774597168,17179869184,2147483648,7281082368,939065344
