Delta,Time,CPU_FREQUENCY_0,CPU_FREQUENCY_1,CPU_FREQUENCY_2,CPU_FREQUENCY_3,CPU_FREQUENCY_4,CPU_FREQUENCY_5,CPU_FREQUENCY_6,CPU_FREQUENCY_7,CPU_TEMP_0,CPU_TEMP_1,CPU_TEMP_2,CPU_TEMP_3,CPU_TEMP_4,CPU_TEMP_5,CPU_TEMP_6,CPU_TEMP_7,CPU_TEMP_8,CPU_TEMP_9,CPU_USAGE_0,CPU_USAGE_1,CPU_USAGE_2,CPU_USAGE_3,CPU_USAGE_4,CPU_USAGE_5,CPU_USAGE_6,CPU_USAGE_7,SYSTEM_POWER (Watts),TOTAL_MEMORY,TOTAL_SWAP,USED_MEMORY,USED_SWAP
0,1760624366779,3228,3228,3228,3228,3228,3228,3228,3228,55.9833869934082,55.4068603515625,54.31462860107422,56.36528778076172,54.87964630126953,54.47681427001953,55.62725067138672,52.24891662597656,52.84587097167969,53.82958984375,0,0,100,100,0,0,0,0,3.7835922241210938,17179869184,2147483648,7260045312,947453952
209,1760624366779,3228,3228,3228,3228,3228,3228,3228,3228,55.9833869934082,55.4068603515625,54.31462860107422,56.36528778076172,54.87964630126953,54.47681427001953,55.62725067138672,52.24891662597656,52.84587097167969,53.82958984375,0,50,100,100,0,0,0,0,3.7835922241210938,17179869184,2147483648,7256997888,947453952
209,1760624366989,3228,3228,3228,3228,3228,3228,3228,3228,55.9833869934082,55.4068603515625,54.31462860107422,56.36528778076172,54.87964630126953,54.47681427001953,55.62725067138672,52.24891662597656,52.84587097167969,53.82958984375,47.619049072265625,47.619049072265625,85.71428680419922,80.95238494873047,22.72727394104004,14.285715103149414,4.761904716491699,0,3.7835922241210938,17179869184,2147483648,7320453120,947453952
9,1760624367200,3228,3228,3228,3228,3228,3228,3228,3228,57.810829162597656,56.029056549072266,55.77976989746094,59.48881530761719,58.78742218017578,58.04440689086914,56.506858825683594,53.52743911743164,53.453529357910156,54.748207092285156,27.272727966308594,20,66.66667175292969,20,50,13.636363983154297,0,0,3.7835922241210938,17179869184,2147483648,7212957696,947453952
