Delta,Time,CPU_FREQUENCY_0,CPU_FREQUENCY_1,CPU_FREQUENCY_2,CPU_FREQUENCY_3,CPU_FREQUENCY_4,CPU_FREQUENCY_5,CPU_FREQUENCY_6,CPU_FREQUENCY_7,CPU_TEMP_0,CPU_TEMP_1,CPU_TEMP_2,CPU_TEMP_3,CPU_TEMP_4,CPU_TEMP_5,CPU_TEMP_6,CPU_TEMP_7,CPU_TEMP_8,CPU_TEMP_9,CPU_USAGE_0,CPU_USAGE_1,CPU_USAGE_2,CPU_USAGE_3,CPU_USAGE_4,CPU_USAGE_5,CPU_USAGE_6,CPU_USAGE_7,SYSTEM_POWER (Watts),TOTAL_MEMORY,TOTAL_SWAP,USED_MEMORY,USED_SWAP
0,1760620086803,3228,3228,3228,3228,3228,3228,3228,3228,56.43657302856445,55.65074157714844,55.129493713378906,57.24982833862305,55.505096435546875,55.077125549316406,56.705360412597656,53.583702087402344,54.024749755859375,54.32707977294922,100,50,0,0,0,0,0,0,3.0854835510253906,17179869184,2147483648,7203192832,964231168
209,1760620086803,3228,3228,3228,3228,3228,3228,3228,3228,56.43657302856445,55.65074157714844,55.129493713378906,57.24982833862305,55.505096435546875,55.077125549316406,56.705360412597656,53.583702087402344,54.024749755859375,54.32707977294922,0,100,0,NaN,0,0,0,0,3.0854835510253906,17179869184,2147483648,7204798464,964231168
200,1760620087013,3228,3228,3228,3228,3228,3228,3228,3228,56.43657302856445,55.65074157714844,55.129493713378906,57.24982833862305,55.505096435546875,55.077125549316406,56.705360412597656,53.583702087402344,54.024749755859375,54.32707977294922,47.619049072265625,57.142860412597656,80.95238494873047,40.90909194946289,0,0,0,0,3.0854835510253906,17179869184,2147483648,7293566976,964231168
8,1760620087213,3228,3228,3228,3228,3228,3228,3228,3228,57.59480667114258,56.214725494384766,56.305824279785156,59.70282745361328,57.05952453613281,56.23552703857422,57.3884391784668,54.328651428222656,54.155792236328125,54.85765075683594,55,40,55,35,15.000000953674316,15.000000953674316,5,4.761904716491699,3.0854835510253906,17179869184,2147483648,7293566976,964231168
