Delta,Time,CPU_FREQUENCY_0,CPU_FREQUENCY_1,CPU_FREQUENCY_2,CPU_FREQUENCY_3,CPU_FREQUENCY_4,CPU_FREQUENCY_5,CPU_FREQUENCY_6,CPU_FREQUENCY_7,CPU_TEMP_0,CPU_TEMP_1,CPU_TEMP_2,CPU_TEMP_3,CPU_TEMP_4,CPU_TEMP_5,CPU_TEMP_6,CPU_TEMP_7,CPU_TEMP_8,CPU_TEMP_9,CPU_USAGE_0,CPU_USAGE_1,CPU_USAGE_2,CPU_USAGE_3,CPU_USAGE_4,CPU_USAGE_5,CPU_USAGE_6,CPU_USAGE_7,SYSTEM_POWER (Watts),TOTAL_MEMORY,TOTAL_SWAP,USED_MEMORY,USED_SWAP
0,1760630463406,3228,3228,3228,3228,3228,3228,3228,3228,52.642913818359375,51.65573501586914,51.37322235107422,52.21192169189453,52.22626495361328,50.77410888671875,52.551475524902344,49.76627731323242,50.68495178222656,50.49787139892578,50,100,0,0,0,0,0,0,3.163968324661255,17179869184,2147483648,7206977536,939065344
207,1760630463407,3228,3228,3228,3228,3228,3228,3228,3228,52.642913818359375,51.65573501586914,51.37322235107422,52.21192169189453,52.22626495361328,50.77410888671875,52.551475524902344,49.76627731323242,50.68495178222656,50.49787139892578,100,50,0,100,0,0,0,0,3.163968324661255,17179869184,2147483648,7206977536,939065344
199,1760630463614,3228,3228,3228,3228,3228,3228,3228,3228,52.642913818359375,51.65573501586914,51.37322235107422,52.21192169189453,52.22626495361328,50.77410888671875,52.551475524902344,49.76627731323242,50.68495178222656,50.49787139892578,52.38095474243164,35,61.904762268066406,20,70,14.285715103149414,4.761904716491699,4.761904716491699,3.2521510124206543,17179869184,2147483648,7206977536,939065344
9,1760630463815,3228,3228,3228,3228,3228,3228,3228,3228,52.642913818359375,51.65573501586914,51.37322235107422,52.21192169189453,52.22626495361328,50.77410888671875,52.551475524902344,49.76627731323242,50.68495178222656,50.49787139892578,83.33332824707031,20,28.571430206298828,19.047618865966797,5,0,0,0,3.2521510124206543,17179869184,2147483648,7206977536,939065344
