Delta,Time,CPU_FREQUENCY_0,CPU_FREQUENCY_1,CPU_FREQUENCY_2,CPU_FREQUENCY_3,CPU_FREQUENCY_4,CPU_FREQUENCY_5,CPU_FREQUENCY_6,CPU_FREQUENCY_7,CPU_TEMP_0,CPU_TEMP_1,CPU_TEMP_2,CPU_TEMP_3,CPU_TEMP_4,CPU_TEMP_5,CPU_TEMP_6,CPU_TEMP_7,CPU_TEMP_8,CPU_TEMP_9,CPU_USAGE_0,CPU_USAGE_1,CPU_USAGE_2,CPU_USAGE_3,CPU_USAGE_4,CPU_USAGE_5,CPU_USAGE_6,CPU_USAGE_7,SYSTEM_POWER (Watts),TOTAL_MEMORY,TOTAL_SWAP,USED_MEMORY,USED_SWAP
0,1760649401933,3228,3228,3228,3228,3228,3228,3228,3228,55.925048828125,54.22605895996094,54.00653839111328,55.8781852722168,55.422088623046875,54.27143478393555,55.61555480957031,52.964595794677734,52.88082504272461,53.101219177246094,NaN,NaN,50,0,0,NaN,0,0,6.520416736602783,17179869184,2147483648,6847496192,905510912
209,1760649401933,3228,3228,3228,3228,3228,3228,3228,3228,55.925048828125,54.22605895996094,54.00653839111328,55.8781852722168,55.422088623046875,54.27143478393555,55.61555480957031,52.964595794677734,52.88082504272461,53.101219177246094,100,0,NaN,NaN,50,0,0,0,6.520416736602783,17179869184,2147483648,6847496192,905510912
209,1760649402143,3228,3228,3228,3228,3228,3228,3228,3228,56.29926681518555,54.668025970458984,54.86578369140625,57.32948684692383,55.967750549316406,55.14853286743164,56.61370086669922,53.9466552734375,53.24534225463867,53.60314178466797,57.142860412597656,57.142860412597656,85.71428680419922,45.45454788208008,45,5,9.523809432983398,0,6.520416736602783,17179869184,2147483648,6847496192,905510912
10,1760649402353,3228,3228,3228,3228,3228,3228,3228,3228,56.29926681518555,54.668025970458984,54.86578369140625,57.32948684692383,55.967750549316406,55.14853286743164,56.61370086669922,53.9466552734375,53.24534225463867,53.60314178466797,50,47.619049072265625,52.38095474243164,65,23.809524536132813,9.523809432983398,4.761904716491699,4.761904716491699,6.520416736602783,17179869184,2147483648,6847496192,905510912
