Delta,Time,CPU_FREQUENCY_0,CPU_FREQUENCY_1,CPU_FREQUENCY_2,CPU_FREQUENCY_3,CPU_FREQUENCY_4,CPU_FREQUENCY_5,CPU_FREQUENCY_6,CPU_FREQUENCY_7,CPU_TEMP_0,CPU_TEMP_1,CPU_TEMP_2,CPU_TEMP_3,CPU_TEMP_4,CPU_TEMP_5,CPU_TEMP_6,CPU_TEMP_7,CPU_TEMP_8,CPU_TEMP_9,CPU_USAGE_0,CPU_USAGE_1,CPU_USAGE_2,CPU_USAGE_3,CPU_USAGE_4,CPU_USAGE_5,CPU_USAGE_6,CPU_USAGE_7,SYSTEM_POWER (Watts),TOTAL_MEMORY,TOTAL_SWAP,USED_MEMORY,USED_SWAP
0,1760628620968,3228,3228,3228,3228,3228,3228,3228,3228,55.06077575683594,54.55235290527344,54.00074768066406,55.16850280761719,54.413612365722656,53.872703552246094,55.19062423706055,52.40618896484375,53.277610778808594,53.441566467285156,100,100,0,0,0,0,0,0,3.204056739807129,17179869184,2147483648,6806618112,939065344
200,1760628620968,3228,3228,3228,3228,3228,3228,3228,3228,55.06077575683594,54.55235290527344,54.00074768066406,55.16850280761719,54.413612365722656,53.872703552246094,55.19062423706055,52.40618896484375,53.277610778808594,53.441566467285156,0,50,100,NaN,NaN,0,0,0,3.204056739807129,17179869184,2147483648,6806339584,939065344
10,1760628621169,3228,3228,3228,3228,3228,3228,3228,3228,54.87037658691406,54.6201057434082,54.071075439453125,55.17328643798828,54.6888427734375,53.916934967041016,54.87580490112305,52.51569747924805,53.18008041381836,53.58734893798828,57.142860412597656,57.894737243652344,0,19.047618865966797,0,0,0,0,3.204056739807129,17179869184,2147483648,6805127168,939065344
