Delta,Time,CPU_FREQUENCY_0,CPU_FREQUENCY_1,CPU_FREQUENCY_2,CPU_FREQUENCY_3,CPU_FREQUENCY_4,CPU_FREQUENCY_5,CPU_FREQUENCY_6,CPU_FREQUENCY_7,CPU_TEMP_0,CPU_TEMP_1,CPU_TEMP_2,CPU_TEMP_3,CPU_TEMP_4,CPU_TEMP_5,CPU_TEMP_6,CPU_TEMP_7,CPU_TEMP_8,CPU_TEMP_9,CPU_USAGE_0,CPU_USAGE_1,CPU_USAGE_2,CPU_USAGE_3,CPU_USAGE_4,CPU_USAGE_5,CPU_USAGE_6,CPU_USAGE_7,SYSTEM_POWER (Watts),TOTAL_MEMORY,TOTAL_SWAP,USED_MEMORY,USED_SWAP
0,1760649611836,3228,3228,3228,3228,3228,3228,3228,3228,53.22460174560547,52.314510345458984,51.745643615722656,52.78654479980469,52.289390563964844,51.252845764160156,53.373817443847656,50.18841552734375,50.91426467895508,50.65020751953125,0,0,NaN,0,100,0,0,0,2.974597215652466,17179869184,2147483648,7340638208,905510912
209,1760649611836,3228,3228,3228,3228,3228,3228,3228,3228,53.22460174560547,52.314510345458984,51.745643615722656,52.78654479980469,52.289390563964844,51.252845764160156,53.373817443847656,50.18841552734375,50.91426467895508,50.65020751953125,0,0,50,100,0,NaN,0,0,2.974597215652466,17179869184,2147483648,7340638208,905510912
209,1760649612046,3228,3228,3228,3228,3228,3228,3228,3228,54.52488327026367,53.24267578125,53.47929382324219,56.63028335571289,54.536643981933594,53.474609375,54.938453674316406,51.87178039550781,51.84100341796875,51.890296936035156,30.000001907348633,30.000001907348633,95.23809814453125,60.000003814697266,4.761904716491699,9.090909004211426,0,0,2.974597215652466,17179869184,2147483648,7340638208,905510912
9,1760649612256,3228,3228,3228,3228,3228,3228,3228,3228,54.52488327026367,53.24267578125,53.47929382324219,56.63028335571289,54.536643981933594,53.474609375,54.938453674316406,51.87178039550781,51.84100341796875,51.890296936035156,45.45454788208008,40.90909194946289,80.95238494873047,45,19.047618865966797,14.285715103149414,14.285715103149414,5,2.974597215652466,17179869184,2147483648,7340638208,905510912
