Delta,Time,CPU_FREQUENCY_0,CPU_FREQUENCY_1,CPU_FREQUENCY_2,CPU_FREQUENCY_3,CPU_FREQUENCY_4,CPU_FREQUENCY_5,CPU_FREQUENCY_6,CPU_FREQUENCY_7,CPU_TEMP_0,CPU_TEMP_1,CPU_TEMP_2,CPU_TEMP_3,CPU_TEMP_4,CPU_TEMP_5,CPU_TEMP_6,CPU_TEMP_7,CPU_TEMP_8,CPU_TEMP_9,CPU_USAGE_0,CPU_USAGE_1,CPU_USAGE_2,CPU_USAGE_3,CPU_USAGE_4,CPU_USAGE_5,CPU_USAGE_6,CPU_USAGE_7,SYSTEM_POWER (Watts),TOTAL_MEMORY,TOTAL_SWAP,USED_MEMORY,USED_SWAP
0,1760617712780,3228,3228,3228,3228,3228,3228,3228,3228,53.047142028808594,52.90692138671875,52.10407257080078,53.85762023925781,52.83721923828125,51.68990707397461,53.7330207824707,50.43048095703125,51.465335845947266,50.70701599121094,100,100,100,50,0,0,0,0,4.036733150482178,17179869184,2147483648,6400196608,981008384
209,1760617712780,3228,3228,3228,3228,3228,3228,3228,3228,53.047142028808594,52.90692138671875,52.10407257080078,53.85762023925781,52.83721923828125,51.68990707397461,53.7330207824707,50.43048095703125,51.465335845947266,50.70701599121094,0,50,100,NaN,0,0,0,0,4.036733150482178,17179869184,2147483648,6400196608,981008384
209,1760617712990,3228,3228,3228,3228,3228,3228,3228,3228,54.514892578125,53.11333084106445,52.989830017089844,55.552345275878906,54.958892822265625,53.22681427001953,54.13143539428711,51.21010971069336,51.54975128173828,51.286277770996094,85.71428680419922,85,71.42857360839844,85.71428680419922,13.636363983154297,4.761904716491699,0,0,4.036733150482178,17179869184,2147483648,6400196608,981008384
9,1760617713200,3228,3228,3228,3228,3228,3228,3228,3228,54.514892578125,53.11333084106445,52.989830017089844,55.552345275878906,54.958892822265625,53.22681427001953,54.13143539428711,51.21010971069336,51.54975128173828,51.286277770996094,80.95238494873047,66.66667175292969,68.18181610107422,50,15.000000953674316,5,9.523809432983398,0,4.036733150482178,17179869184,2147483648,6400196608,981008384
