Delta,Time,CPU_FREQUENCY_0,CPU_FREQUENCY_1,CPU_FREQUENCY_2,CPU_FREQUENCY_3,CPU_FREQUENCY_4,CPU_FREQUENCY_5,CPU_FREQUENCY_6,CPU_FREQUENCY_7,CPU_TEMP_0,CPU_TEMP_1,CPU_TEMP_2,CPU_TEMP_3,CPU_TEMP_4,CPU_TEMP_5,CPU_TEMP_6,CPU_TEMP_7,CPU_TEMP_8,CPU_TEMP_9,CPU_USAGE_0,CPU_USAGE_1,CPU_USAGE_2,CPU_USAGE_3,CPU_USAGE_4,CPU_USAGE_5,CPU_USAGE_6,CPU_USAGE_7,SYSTEM_POWER (Watts),TOTAL_MEMORY,TOTAL_SWAP,USED_MEMORY,USED_SWAP
0,1760644136009,3228,3228,3228,3228,3228,3228,3228,3228,55.68101501464844,54.25212860107422,53.94940948486328,55.601078033447266,54.855308532714844,54.06222152709961,55.60428237915039,51.85157775878906,52.64607238769531,52.990234375,0,0,100,50,NaN,0,0,0,4.987141132354736,17179869184,2147483648,6914277376,905510912
207,1760644136009,3228,3228,3228,3228,3228,3228,3228,3228,55.68101501464844,54.25212860107422,53.94940948486328,55.601078033447266,54.855308532714844,54.06222152709961,55.60428237915039,51.85157775878906,52.64607238769531,52.990234375,0,NaN,50,0,100,0,0,0,4.987141132354736,17179869184,2147483648,6914277376,905510912
209,1760644136216,3228,3228,3228,3228,3228,3228,3228,3228,56.59033203125,54.99482345581055,54.75419616699219,57.26919174194336,56.177337646484375,55.15394592285156,56.59724807739258,52.827911376953125,53.261173248291016,53.64611053466797,36.3636360168457,23.809524536132813,70,85.71428680419922,14.285715103149414,9.523809432983398,4.761904716491699,4.761904716491699,4.987141132354736,17179869184,2147483648,6914277376,905510912
209,1760644136426,3228,3228,3228,3228,3228,3228,3228,3228,56.59033203125,54.99482345581055,54.75419616699219,57.26919174194336,56.177337646484375,55.15394592285156,56.59724807739258,52.827911376953125,53.261173248291016,53.64611053466797,52.38095474243164,55,59.09090805053711,50,81.81818389892578,14.285715103149414,4.761904716491699,4.761904716491699,4.987141132354736,17179869184,2147483648,6914277376,905510912
9,1760644136636,3228,3228,3228,3228,3228,3228,3228,3228,56.59033203125,54.99482345581055,54.75419616699219,57.26919174194336,56.177337646484375,55.15394592285156,56.59724807739258,52.827911376953125,53.261173248291016,53.64611053466797,65,68.18181610107422,30.000001907348633,66.66667175292969,25,10,4.761904716491699,4.761904716491699,4.876486778259277,17179869184,2147483648,6919340032,905510912
