Delta,Time,CPU_FREQUENCY_0,CPU_FREQUENCY_1,CPU_FREQUENCY_2,CPU_FREQUENCY_3,CPU_FREQUENCY_4,CPU_FREQUENCY_5,CPU_FREQUENCY_6,CPU_FREQUENCY_7,CPU_TEMP_0,CPU_TEMP_1,CPU_TEMP_2,CPU_TEMP_3,CPU_TEMP_4,CPU_TEMP_5,CPU_TEMP_6,CPU_TEMP_7,CPU_TEMP_8,CPU_TEMP_9,CPU_USAGE_0,CPU_USAGE_1,CPU_USAGE_2,CPU_USAGE_3,CPU_USAGE_4,CPU_USAGE_5,CPU_USAGE_6,CPU_USAGE_7,SYSTEM_POWER (Watts),TOTAL_MEMORY,TOTAL_SWAP,USED_MEMORY,USED_SWAP
0,1760638298175,3228,3228,3228,3228,3228,3228,3228,3228,58.65504837036133,58.051143646240234,56.394859313964844,57.61507034301758,57.40345001220703,57.212738037109375,58.567020416259766,55.4603385925293,56.40078353881836,56.68470001220703,100,50,50,0,0,0,0,0,3.5667688846588135,17179869184,2147483648,7413874688,913899520
209,1760638298176,3228,3228,3228,3228,3228,3228,3228,3228,58.65504837036133,58.051143646240234,56.394859313964844,57.61507034301758,57.40345001220703,57.212738037109375,58.567020416259766,55.4603385925293,56.40078353881836,56.68470001220703,100,NaN,NaN,66.66667175292969,0,0,0,0,3.5667688846588135,17179869184,2147483648,7412711424,913899520
200,1760638298386,3228,3228,3228,3228,3228,3228,3228,3228,58.65504837036133,58.051143646240234,56.394859313964844,57.61507034301758,57.40345001220703,57.212738037109375,58.567020416259766,55.4603385925293,56.40078353881836,56.68470001220703,66.66667175292969,50,52.38095474243164,35,57.142860412597656,9.090909004211426,0,0,3.5667688846588135,17179869184,2147483648,7472087040,913899520
9,1760638298586,3228,3228,3228,3228,3228,3228,3228,3228,58.65504837036133,58.051143646240234,56.394859313964844,57.61507034301758,57.40345001220703,57.212738037109375,58.567020416259766,55.4603385925293,56.40078353881836,56.68470001220703,52.6315803527832,31.57894515991211,20,50,5,5,4.761904716491699,0,4.46795129776001,17179869184,2147483648,7472087040,913899520
