Delta,Time,CPU_FREQUENCY_0,CPU_FREQUENCY_1,CPU_FREQUENCY_2,CPU_FREQUENCY_3,CPU_FREQUENCY_4,CPU_FREQUENCY_5,CPU_FREQUENCY_6,CPU_FREQUENCY_7,CPU_TEMP_0,CPU_TEMP_1,CPU_TEMP_2,CPU_TEMP_3,CPU_TEMP_4,CPU_TEMP_5,CPU_TEMP_6,CPU_TEMP_7,CPU_TEMP_8,CPU_TEMP_9,CPU_USAGE_0,CPU_USAGE_1,CPU_USAGE_2,CPU_USAGE_3,CPU_USAGE_4,CPU_USAGE_5,CPU_USAGE_6,CPU_USAGE_7,SYSTEM_POWER (Watts),TOTAL_MEMORY,TOTAL_SWAP,USED_MEMORY,USED_SWAP
0,1760627186698,3228,3228,3228,3228,3228,3228,3228,3228,52.57669448852539,52.987327575683594,52.0916748046875,53.01702880859375,52.31134796142578,51.78291702270508,53.1123161315918,50.04979705810547,51.04300308227539,50.97648620605469,NaN,0,0,0,0,0,0,0,2.0517566204071045,17179869184,2147483648,7150796800,939065344
204,1760627186698,3228,3228,3228,3228,3228,3228,3228,3228,52.57669448852539,52.987327575683594,52.0916748046875,53.01702880859375,52.31134796142578,51.78291702270508,53.1123161315918,50.04979705810547,51.04300308227539,50.97648620605469,0,0,0,0,0,0,0,0,2.0517566204071045,17179869184,2147483648,7149862912,939065344
204,1760627186903,3228,3228,3228,3228,3228,3228,3228,3228,52.57669448852539,52.987327575683594,52.0916748046875,53.01702880859375,52.31134796142578,51.78291702270508,53.1123161315918,50.04979705810547,51.04300308227539,50.97648620605469,4.761904716491699,4.761904716491699,19.047618865966797,4.761904716491699,80.95238494873047,0,0,0,2.0517566204071045,17179869184,2147483648,7215513600,939065344
13,1760627187109,3228,3228,3228,3228,3228,3228,3228,3228,53.85178756713867,53.525054931640625,52.49561309814453,54.26409149169922,53.79541015625,55.232418060302734,53.89268112182617,50.871978759765625,51.62928771972656,52.15215301513672,0,0,4.761904716491699,4.761904716491699,15.000000953674316,0,0,0,2.0517566204071045,17179869184,2147483648,7119421440,939065344
