Delta,Time,CPU_FREQUENCY_0,CPU_FREQUENCY_1,CPU_FREQUENCY_2,CPU_FREQUENCY_3,CPU_FREQUENCY_4,CPU_FREQUENCY_5,CPU_FREQUENCY_6,CPU_FREQUENCY_7,CPU_TEMP_0,CPU_TEMP_1,CPU_TEMP_2,CPU_TEMP_3,CPU_TEMP_4,CPU_TEMP_5,CPU_TEMP_6,CPU_TEMP_7,CPU_TEMP_8,CPU_TEMP_9,CPU_USAGE_0,CPU_USAGE_1,CPU_USAGE_2,CPU_USAGE_3,CPU_USAGE_4,CPU_USAGE_5,CPU_USAGE_6,CPU_USAGE_7,SYSTEM_POWER (Watts),TOTAL_MEMORY,TOTAL_SWAP,USED_MEMORY,USED_SWAP
0,1760634112639,3228,3228,3228,3228,3228,3228,3228,3228,54.62214279174805,54.043052673339844,52.68077850341797,53.98482894897461,54.17181396484375,53.0281982421875,54.60834503173828,51.514949798583984,52.10850524902344,52.50096893310547,50,50,33.333335876464844,0,0,0,0,0,3.4416913986206055,17179869184,2147483648,8595652608,922288128
209,1760634112639,3228,3228,3228,3228,3228,3228,3228,3228,54.62214279174805,54.043052673339844,52.68077850341797,53.98482894897461,54.17181396484375,53.0281982421875,54.60834503173828,51.514949798583984,52.10850524902344,52.50096893310547,100,NaN,NaN,50,0,0,0,0,3.4416913986206055,17179869184,2147483648,8595652608,922288128
199,1760634112849,3228,3228,3228,3228,3228,3228,3228,3228,54.62214279174805,54.043052673339844,52.68077850341797,53.98482894897461,54.17181396484375,53.0281982421875,54.60834503173828,51.514949798583984,52.10850524902344,52.50096893310547,75,54.54545593261719,45.45454788208008,45,4.761904716491699,9.523809432983398,0,0,3.4416913986206055,17179869184,2147483648,8595652608,922288128
8,1760634113049,3228,3228,3228,3228,3228,3228,3228,3228,54.62214279174805,54.043052673339844,52.68077850341797,53.98482894897461,54.17181396484375,53.0281982421875,54.60834503173828,51.514949798583984,52.10850524902344,52.50096893310547,50,52.6315803527832,42.105262756347656,5,0,0,4.761904716491699,0,3.4416913986206055,17179869184,2147483648,8595652608,922288128
