Delta,Time,CPU_FREQUENCY_0,CPU_FREQUENCY_1,CPU_FREQUENCY_2,CPU_FREQUENCY_3,CPU_FREQUENCY_4,CPU_FREQUENCY_5,CPU_FREQUENCY_6,CPU_FREQUENCY_7,CPU_TEMP_0,CPU_TEMP_1,CPU_TEMP_2,CPU_TEMP_3,CPU_TEMP_4,CPU_TEMP_5,CPU_TEMP_6,CPU_TEMP_7,CPU_TEMP_8,CPU_TEMP_9,CPU_USAGE_0,CPU_USAGE_1,CPU_USAGE_2,CPU_USAGE_3,CPU_USAGE_4,CPU_USAGE_5,CPU_USAGE_6,CPU_USAGE_7,SYSTEM_POWER (Watts),TOTAL_MEMORY,TOTAL_SWAP,USED_MEMORY,USED_SWAP
0,1760620158118,3228,3228,3228,3228,3228,3228,3228,3228,53.464447021484375,52.6807861328125,51.35736083984375,53.081417083740234,51.935943603515625,51.75009536743164,53.229042053222656,49.98948669433594,50.990760803222656,51.082908630371094,100,0,NaN,100,0,NaN,100,NaN,2.916332483291626,17179869184,2147483648,7240925184,964231168
209,1760620158118,3228,3228,3228,3228,3228,3228,3228,3228,53.464447021484375,52.6807861328125,51.35736083984375,53.081417083740234,51.935943603515625,51.75009536743164,53.229042053222656,49.98948669433594,50.990760803222656,51.082908630371094,NaN,100,100,NaN,100,NaN,0,100,2.916332483291626,17179869184,2147483648,7240925184,964231168
9,1760620158329,3228,3228,3228,3228,3228,3228,3228,3228,54.19483947753906,53.26021194458008,51.90223693847656,53.965450286865234,52.38433074951172,52.472591400146484,54.10326385498047,50.75535583496094,51.31941604614258,51.633995056152344,66.66667175292969,60.000003814697266,57.142860412597656,0,25,9.523809432983398,0,0,2.916332483291626,17179869184,2147483648,7240925184,964231168
