Delta,Time,CPU_FREQUENCY_0,CPU_FREQUENCY_1,CPU_FREQUENCY_2,CPU_FREQUENCY_3,CPU_FREQUENCY_4,CPU_FREQUENCY_5,CPU_FREQUENCY_6,CPU_FREQUENCY_7,CPU_TEMP_0,CPU_TEMP_1,CPU_TEMP_2,CPU_TEMP_3,CPU_TEMP_4,CPU_TEMP_5,CPU_TEMP_6,CPU_TEMP_7,CPU_TEMP_8,CPU_TEMP_9,CPU_USAGE_0,CPU_USAGE_1,CPU_USAGE_2,CPU_USAGE_3,CPU_USAGE_4,CPU_USAGE_5,CPU_USAGE_6,CPU_USAGE_7,SYSTEM_POWER (Watts),TOTAL_MEMORY,TOTAL_SWAP,USED_MEMORY,USED_SWAP
0,1760644055939,3228,3228,3228,3228,3228,3228,3228,3228,55.20653533935547,54.41993713378906,53.862937927246094,55.23259353637695,53.71392059326172,53.295318603515625,55.51564025878906,51.96128463745117,52.5479621887207,53.26551055908203,0,NaN,0,0,0,50,0,0,4.019944667816162,17179869184,2147483648,7648575488,905510912
206,1760644055939,3228,3228,3228,3228,3228,3228,3228,3228,55.20653533935547,54.41993713378906,53.862937927246094,55.23259353637695,53.71392059326172,53.295318603515625,55.51564025878906,51.96128463745117,52.5479621887207,53.26551055908203,0,0,0,100,NaN,0,0,0,4.019944667816162,17179869184,2147483648,7646855168,905510912
200,1760644056146,3228,3228,3228,3228,3228,3228,3228,3228,56.60912322998047,55.03045654296875,54.769920349121094,57.26762771606445,56.3289794921875,56.00608825683594,56.52127456665039,53.15016174316406,53.51992416381836,54.19215393066406,28.571430206298828,19.047618865966797,85,40,57.142860412597656,19.047618865966797,0,0,4.019944667816162,17179869184,2147483648,7646855168,905510912
9,1760644056347,3228,3228,3228,3228,3228,3228,3228,3228,56.60912322998047,55.03045654296875,54.769920349121094,57.26762771606445,56.3289794921875,56.00608825683594,56.52127456665039,53.15016174316406,53.51992416381836,54.19215393066406,36.842105865478516,38.095237731933594,52.38095474243164,40,50,0,0,0,4.019944667816162,17179869184,2147483648,7646855168,905510912
