Delta,Time,CPU_FREQUENCY_0,CPU_FREQUENCY_1,CPU_FREQUENCY_2,CPU_FREQUENCY_3,CPU_FREQUENCY_4,CPU_FREQUENCY_5,CPU_FREQUENCY_6,CPU_FREQUENCY_7,CPU_TEMP_0,CPU_TEMP_1,CPU_TEMP_2,CPU_TEMP_3,CPU_TEMP_4,CPU_TEMP_5,CPU_TEMP_6,CPU_TEMP_7,CPU_TEMP_8,CPU_TEMP_9,CPU_USAGE_0,CPU_USAGE_1,CPU_USAGE_2,CPU_USAGE_3,CPU_USAGE_4,CPU_USAGE_5,CPU_USAGE_6,CPU_USAGE_7,SYSTEM_POWER (Watts),TOTAL_MEMORY,TOTAL_SWAP,USED_MEMORY,USED_SWAP
0,1760626913902,3228,3228,3228,3228,3228,3228,3228,3228,54.57035446166992,54.17374038696289,53.67375946044922,54.645843505859375,54.62359619140625,53.685245513916016,55.33164978027344,51.68736267089844,52.64292907714844,52.61890411376953,NaN,100,0,0,0,0,0,0,3.222310781478882,17179869184,2147483648,7087095808,939065344
209,1760626913902,3228,3228,3228,3228,3228,3228,3228,3228,54.57035446166992,54.17374038696289,53.67375946044922,54.645843505859375,54.62359619140625,53.685245513916016,55.33164978027344,51.68736267089844,52.64292907714844,52.61890411376953,66.66667175292969,0,100,0,0,0,0,0,3.222310781478882,17179869184,2147483648,7087702016,939065344
209,1760626914112,3228,3228,3228,3228,3228,3228,3228,3228,55.04833221435547,54.126136779785156,54.43646240234375,55.9845085144043,55.48155975341797,54.38745880126953,55.586917877197266,52.17177963256836,52.668514251708984,52.81813049316406,65,75,90.47618865966797,14.285715103149414,0,0,0,0,3.222310781478882,17179869184,2147483648,7155089408,939065344
206,1760626914322,3228,3228,3228,3228,3228,3228,3228,3228,55.04833221435547,54.126136779785156,54.43646240234375,55.9845085144043,55.48155975341797,54.38745880126953,55.586917877197266,52.17177963256836,52.668514251708984,52.81813049316406,57.142860412597656,45.45454788208008,14.285715103149414,75,5,0,0,0,3.222310781478882,17179869184,2147483648,7155089408,939065344
9,1760626914529,3228,3228,3228,3228,3228,3228,3228,3228,55.04833221435547,54.126136779785156,54.43646240234375,55.9845085144043,55.48155975341797,54.38745880126953,55.586917877197266,52.17177963256836,52.668514251708984,52.81813049316406,60.000003814697266,61.904762268066406,61.904762268066406,4.761904716491699,4.545454502105713,0,0,0,3.2422990798950195,17179869184,2147483648,7095336960,939065344
