Delta,Time,CPU_FREQUENCY_0,CPU_FREQUENCY_1,CPU_FREQUENCY_2,CPU_FREQUENCY_3,CPU_FREQUENCY_4,CPU_FREQUENCY_5,CPU_FREQUENCY_6,CPU_FREQUENCY_7,CPU_TEMP_0,CPU_TEMP_1,CPU_TEMP_2,CPU_TEMP_3,CPU_TEMP_4,CPU_TEMP_5,CPU_TEMP_6,CPU_TEMP_7,CPU_TEMP_8,CPU_TEMP_9,CPU_USAGE_0,CPU_USAGE_1,CPU_USAGE_2,CPU_USAGE_3,CPU_USAGE_4,CPU_USAGE_5,CPU_USAGE_6,CPU_USAGE_7,SYSTEM_POWER (Watts),TOTAL_MEMORY,TOTAL_SWAP,USED_MEMORY,USED_SWAP
0,1760631968185,3228,3228,3228,3228,3228,3228,3228,3228,56.35919189453125,56.21578598022461,55.497886657714844,56.76959991455078,56.748069763183594,55.42499542236328,56.801944732666016,54.01200485229492,54.401512145996094,54.924888610839844,100,50,0,0,0,0,0,0,3.030470132827759,17179869184,2147483648,7870709760,922288128
209,1760631968185,3228,3228,3228,3228,3228,3228,3228,3228,56.35919189453125,56.21578598022461,55.497886657714844,56.76959991455078,56.748069763183594,55.42499542236328,56.801944732666016,54.01200485229492,54.401512145996094,54.924888610839844,0,100,100,50,0,0,0,0,3.030470132827759,17179869184,2147483648,7852539904,922288128
209,1760631968395,3228,3228,3228,3228,3228,3228,3228,3228,56.35919189453125,56.21578598022461,55.497886657714844,56.76959991455078,56.748069763183594,55.42499542236328,56.801944732666016,54.01200485229492,54.401512145996094,54.924888610839844,71.42857360839844,71.42857360839844,95,4.761904716491699,0,0,0,0,3.3092904090881348,17179869184,2147483648,7872823296,922288128
200,1760631968605,3228,3228,3228,3228,3228,3228,3228,3228,56.35919189453125,56.21578598022461,55.497886657714844,56.76959991455078,56.748069763183594,55.42499542236328,56.801944732666016,54.01200485229492,54.401512145996094,54.924888610839844,66.66667175292969,38.095237731933594,59.09090805053711,14.285715103149414,23.809524536132813,4.761904716491699,0,0,3.3092904090881348,17179869184,2147483648,7873724416,922288128
9,1760631968806,3228,3228,3228,3228,3228,3228,3228,3228,56.35919189453125,56.21578598022461,55.497886657714844,56.76959991455078,56.748069763183594,55.42499542236328,56.801944732666016,54.01200485229492,54.401512145996094,54.924888610839844,55,57.894737243652344,36.842105865478516,15.000000953674316,0,0,0,0,3.3092904090881348,17179869184,2147483648,7852310528,922288128
