Delta,Time,CPU_FREQUENCY_0,CPU_FREQUENCY_1,CPU_FREQUENCY_2,CPU_FREQUENCY_3,CPU_FREQUENCY_4,CPU_FREQUENCY_5,CPU_FREQUENCY_6,CPU_FREQUENCY_7,CPU_TEMP_0,CPU_TEMP_1,CPU_TEMP_2,CPU_TEMP_3,CPU_TEMP_4,CPU_TEMP_5,CPU_TEMP_6,CPU_TEMP_7,CPU_TEMP_8,CPU_TEMP_9,CPU_USAGE_0,CPU_USAGE_1,CPU_USAGE_2,CPU_USAGE_3,CPU_USAGE_4,CPU_USAGE_5,CPU_USAGE_6,CPU_USAGE_7,SYSTEM_POWER (Watts),TOTAL_MEMORY,TOTAL_SWAP,USED_MEMORY,USED_SWAP
0,1760652079937,3228,3228,3228,3228,3228,3228,3228,3228,54.54736328125,54.01973342895508,53.146324157714844,55.05697250366211,53.405517578125,52.80424880981445,55.11005401611328,51.671016693115234,52.07817840576172,52.293067932128906,100,100,NaN,50,NaN,0,0,0,3.843076467514038,17179869184,2147483648,7480147968,897122304
209,1760652079937,3228,3228,3228,3228,3228,3228,3228,3228,54.54736328125,54.01973342895508,53.146324157714844,55.05697250366211,53.405517578125,52.80424880981445,55.11005401611328,51.671016693115234,52.07817840576172,52.293067932128906,100,100,50,100,100,0,0,0,3.843076467514038,17179869184,2147483648,7480147968,897122304
209,1760652080147,3228,3228,3228,3228,3228,3228,3228,3228,56.64326858520508,55.18043518066406,54.4805908203125,57.31244659423828,57.048057556152344,55.63941192626953,56.271244049072266,53.22058868408203,53.280418395996094,53.51271057128906,23.809524536132813,23.809524536132813,76.19047546386719,100,15.000000953674316,14.285715103149414,4.761904716491699,4.761904716491699,3.843076467514038,17179869184,2147483648,7480147968,897122304
209,1760652080357,3228,3228,3228,3228,3228,3228,3228,3228,56.64326858520508,55.18043518066406,54.4805908203125,57.31244659423828,57.048057556152344,55.63941192626953,56.271244049072266,53.22058868408203,53.280418395996094,53.51271057128906,38.095237731933594,45,60.000003814697266,45.45454788208008,47.826087951660156,14.285715103149414,4.761904716491699,0,3.843076467514038,17179869184,2147483648,7480147968,897122304
9,1760652080567,3228,3228,3228,3228,3228,3228,3228,3228,56.64326858520508,55.18043518066406,54.4805908203125,57.31244659423828,57.048057556152344,55.63941192626953,56.271244049072266,53.22058868408203,53.280418395996094,53.51271057128906,45.45454788208008,36.3636360168457,76.19047546386719,55,21.052631378173828,14.285715103149414,4.761904716491699,4.545454502105713,5.45560884475708,17179869184,2147483648,7485145088,897122304
