Delta,Time,CPU_FREQUENCY_0,CPU_FREQUENCY_1,CPU_FREQUENCY_2,CPU_FREQUENCY_3,CPU_FREQUENCY_4,CPU_FREQUENCY_5,CPU_FREQUENCY_6,CPU_FREQUENCY_7,CPU_TEMP_0,CPU_TEMP_1,CPU_TEMP_2,CPU_TEMP_3,CPU_TEMP_4,CPU_TEMP_5,CPU_TEMP_6,CPU_TEMP_7,CPU_TEMP_8,CPU_TEMP_9,CPU_USAGE_0,CPU_USAGE_1,CPU_USAGE_2,CPU_USAGE_3,CPU_USAGE_4,CPU_USAGE_5,CPU_USAGE_6,CPU_USAGE_7,SYSTEM_POWER (Watts),TOTAL_MEMORY,TOTAL_SWAP,USED_MEMORY,USED_SWAP
0,1760619208016,3228,3228,3228,3228,3228,3228,3228,3228,54.940250396728516,54.07622528076172,53.79295349121094,55.33174514770508,54.86833953857422,53.2772216796875,55.16562271118164,52.49311447143555,52.805999755859375,53.266632080078125,66.66667175292969,50,66.66667175292969,0,0,0,0,0,3.1401655673980713,17179869184,2147483648,6835814400,972619776
209,1760619208016,3228,3228,3228,3228,3228,3228,3228,3228,54.940250396728516,54.07622528076172,53.79295349121094,55.33174514770508,54.86833953857422,53.2772216796875,55.16562271118164,52.49311447143555,52.805999755859375,53.266632080078125,NaN,100,NaN,0,0,0,0,0,3.1401655673980713,17179869184,2147483648,6835814400,972619776
209,1760619208226,3228,3228,3228,3228,3228,3228,3228,3228,55.99370193481445,54.54559326171875,54.069175720214844,56.320796966552734,56.40477752685547,54.819862365722656,55.82735824584961,52.83493423461914,53.262882232666016,53.80082702636719,71.42857360839844,38.095237731933594,25,61.904762268066406,4.761904716491699,9.523809432983398,0,0,3.1401655673980713,17179869184,2147483648,6835814400,972619776
10,1760619208436,3228,3228,3228,3228,3228,3228,3228,3228,55.99370193481445,54.54559326171875,54.069175720214844,56.320796966552734,56.40477752685547,54.819862365722656,55.82735824584961,52.83493423461914,53.262882232666016,53.80082702636719,68.18181610107422,61.904762268066406,13.636363983154297,4.761904716491699,4.545454502105713,4.761904716491699,0,0,3.1401655673980713,17179869184,2147483648,6835814400,972619776
