Delta,Time,CPU_FREQUENCY_0,CPU_FREQUENCY_1,CPU_FREQUENCY_2,CPU_FREQUENCY_3,CPU_FREQUENCY_4,CPU_FREQUENCY_5,CPU_FREQUENCY_6,CPU_FREQUENCY_7,CPU_TEMP_0,CPU_TEMP_1,CPU_TEMP_2,CPU_TEMP_3,CPU_TEMP_4,CPU_TEMP_5,CPU_TEMP_6,CPU_TEMP_7,CPU_TEMP_8,CPU_TEMP_9,CPU_USAGE_0,CPU_USAGE_1,CPU_USAGE_2,CPU_USAGE_3,CPU_USAGE_4,CPU_USAGE_5,CPU_USAGE_6,CPU_USAGE_7,SYSTEM_POWER (Watts),TOTAL_MEMORY,TOTAL_SWAP,USED_MEMORY,USED_SWAP
0,1760626183650,3228,3228,3228,3228,3228,3228,3228,3228,53.09164047241211,52.84299087524414,51.888832092285156,53.63651657104492,53.467262268066406,52.419002532958984,53.598751068115234,50.34147644042969,51.15127944946289,51.91625213623047,NaN,100,0,0,0,0,0,0,3.242802858352661,17179869184,2147483648,7251738624,947453952
209,1760626183650,3228,3228,3228,3228,3228,3228,3228,3228,53.09164047241211,52.84299087524414,51.888832092285156,53.63651657104492,53.467262268066406,52.419002532958984,53.598751068115234,50.34147644042969,51.15127944946289,51.91625213623047,50,0,50,0,100,50,0,0,3.242802858352661,17179869184,2147483648,7251738624,947453952
10,1760626183860,3228,3228,3228,3228,3228,3228,3228,3228,53.09164047241211,52.84299087524414,51.888832092285156,53.63651657104492,53.467262268066406,52.419002532958984,53.598751068115234,50.34147644042969,51.15127944946289,51.91625213623047,65,70,20,42.85714340209961,33.333335876464844,0,0,0,3.242802858352661,17179869184,2147483648,7251738624,947453952
